tx_regularity_score,bill_payment_rate,income_stability,has_savings_behaviour,merchant_diversity,avg_monthly_inflow,account_age_months,credit_score
66.63050228897919,50.003173090905506,13.940978002540676,0.0,7.0,24.514621135976817,47.0,46.895240201532175
25.84686627014551,89.86273377417497,62.07489435544026,0.0,2.0,72.27113404112235,18.0,47.87113489632396
65.60653376808476,29.208864113062493,42.52312497518772,0.0,5.0,7.925403742749681,22.0,40.28364920684602
8.875438251422931,77.20355010385144,37.06785111578867,1.0,8.0,73.9106882054827,29.0,51.78653107608598
44.43289820521854,53.09480492214321,36.60063763613336,1.0,3.0,28.881915759022636,8.0,45.946358290914226
35.57470868265343,17.315440891324705,41.23806977701705,0.0,2.0,6.923406426476128,8.0,24.608619477427464
26.50048399311393,15.843715846718565,26.34405534410019,0.0,1.0,24.401507944301443,3.0,17.63455785433086
56.75518063074366,50.38132477499936,11.802443810368505,0.0,0.0,17.262083154315693,30.0,35.739856776595765
55.621917476983164,78.81295814231053,10.805472020937888,1.0,5.0,43.76124624653907,10.0,52.06170490060846
38.88222316369946,63.35893709435306,33.871458758335834,0.0,4.0,30.901803841747927,8.0,37.28595122634859
47.30105348238784,48.02974057577705,17.29430488961594,1.0,9.0,31.91355019807244,7.0,45.38816382975919
78.02601968103768,69.22073145100072,10.33033687170976,0.0,3.0,27.78866372845925,38.0,49.350195098587406
21.551536950453286,73.9128569180248,21.28297318521374,0.0,6.0,46.66789545399165,39.0,41.1810510132421
37.93995348708232,38.27209753946465,21.72335976797456,1.0,5.0,8.795802661893147,19.0,40.86526743013619
68.57478341112615,57.85417252215813,39.3166265846698,0.0,6.0,33.451749443054275,14.0,47.05626595578278
52.48972667499936,34.22322094762359,35.154494348775856,0.0,4.0,9.96684396867639,33.0,38.450139321451104
49.933623475235024,44.25741762697344,29.551957515337108,0.0,6.0,5.0,47.0,43.3498184452862
41.78392437817664,49.27475836873132,31.760317625439022,1.0,8.0,46.523921875934455,28.0,51.21387931600015
47.389379494075826,52.04717740199458,29.671071955475853,1.0,2.0,9.973058417899434,20.0,46.49281478347077
45.0119438759712,43.82086268991184,46.1102545007083,0.0,4.0,5.0,40.0,42.53025254161242
19.72431589632532,23.645140033022372,22.64785252169945,0.0,2.0,7.664186928327772,44.0,26.025218225243364
68.75146489463322,88.78416640152764,26.752134594967842,1.0,4.0,173.1528724163849,1.0,61.07239219136148
19.466114511716174,14.268164923725871,18.799613618398702,0.0,7.0,63.35077203288925,26.0,23.543841356531374
52.52826716165154,50.83353328307953,14.29779972950834,0.0,4.0,29.235607024865374,10.0,34.03472219758174
45.43567720294638,15.605890789074554,21.192067563557675,0.0,4.0,14.543778239333573,32.0,29.123014408836774
18.00170284539297,29.71928024882025,40.60080743152271,0.0,2.0,14.617803380660485,32.0,28.342763327471054
43.46518189604637,65.19954061784306,40.14102429367617,0.0,1.0,15.474043233385165,20.0,40.337199685208624
78.48478924878766,69.86032372651366,19.631204648887802,0.0,3.0,144.37719264770655,36.0,53.40006302655703
52.56657492553016,53.91966436676648,63.37506887831446,1.0,1.0,49.30605548895735,30.0,57.19936137518287
25.207889098454483,65.51811208744344,35.69933487939175,0.0,3.0,15.20952119571777,34.0,39.20889102960052
10.23803593474829,21.701127712748427,11.129297219792146,1.0,6.0,5.0,33.0,31.18565035583261
36.95171510385492,32.87316963723707,62.000962025520664,0.0,4.0,10.725548169800428,14.0,35.65425788710647
58.00614274740277,41.35569282996655,76.84874647527157,1.0,4.0,8.151203885860294,22.0,57.62323226711385
35.65890517898823,71.1485134443932,26.067095883921997,0.0,4.0,8.247135208954793,28.0,40.580216536808855
40.28967574095293,41.634996727115286,23.663613013025646,0.0,0.0,104.56269423963386,30.0,33.55514460441486
30.717914857163713,22.883098463944627,34.436796536376185,0.0,8.0,9.732109379994638,47.0,35.60725482515222
39.58897664468887,55.853420920176454,29.27719372721011,0.0,2.0,6.196064699396742,8.0,32.83995943064629
20.585890845850955,19.971691032027216,20.111003068748897,0.0,4.0,62.360530900320626,28.0,23.908806701225735
26.47543528173889,49.28271450979271,40.280895802572935,0.0,8.0,60.00141107053211,21.0,37.90407816314146
32.89543334149151,75.7923734317436,42.99615097818936,0.0,2.0,19.764052326802922,9.0,39.37479626881604
55.02286125256882,67.73462849150307,19.08981890091003,0.0,5.0,34.686555465693445,45.0,47.90940065884718
51.05656310461787,55.91892947598767,39.20200166998377,1.0,4.0,138.9926933491568,16.0,53.364127346131276
77.04793474979365,81.99592661132093,26.257202039472784,0.0,2.0,104.77755854897633,28.0,54.2746235858194
31.50743957942661,36.869343382554796,50.96527852233944,0.0,4.0,11.07486332186375,1.0,30.383748711400514
68.85324076169327,66.24756105749542,43.70974392270006,0.0,6.0,17.90120975220508,37.0,54.583506767714624
82.70806304822608,51.418186428926916,15.580440555767753,1.0,4.0,12.85000333279163,5.0,50.61298388043097
57.4900982984685,63.10448168042768,5.208983662562957,1.0,2.0,7.629077735403387,12.0,45.17635661527804
72.61388994806983,69.10877194618207,45.71427512050952,0.0,6.0,8.726769966269453,10.0,50.8313892303236
49.00536193765495,37.48347715196886,59.36466450642087,0.0,1.0,33.77255705544394,18.0,38.58726048146567
17.268960830688833,54.086821619980384,21.795726824189472,0.0,1.0,27.464906881381264,15.0,26.53905578179949
47.39935990464013,52.785766544148,27.267519701280886,1.0,2.0,59.9683652953017,45.0,52.40748619169258
13.04132313866489,55.32812889801293,32.30991092904048,0.0,7.0,16.74051131320539,2.0,28.972488754574993
57.21192331700199,21.483381101022058,76.84001338519522,1.0,2.0,41.38885009971599,16.0,50.53627245020605
32.69603008825167,35.16221655979842,48.6724641447433,1.0,5.0,202.79435812262113,40.0,52.421608320080274
62.581366649607986,74.63382151705514,11.12405927146012,0.0,5.0,20.68457714744737,9.0,42.150633772240084
47.387392174362965,61.91008771574546,15.318301941986046,0.0,2.0,31.224325016192775,29.0,38.38751686124817
26.555393312939877,30.533504802903916,25.076237216189746,0.0,1.0,40.097593109653914,16.0,24.089423834391976
40.960270085918445,73.62873163209058,31.650246531711694,0.0,3.0,34.39091190857909,12.0,40.16511797401618
39.28203996719976,30.866408365734184,9.24207162924309,0.0,2.0,8.547312265141013,14.0,23.806472654384923
71.2207959607956,43.78615369666981,47.20058441888842,1.0,2.0,30.547034455305585,40.0,58.46946165391682
41.726300487407535,57.161099200059695,44.02843845450999,0.0,2.0,5.0,38.0,42.877537612768805
78.39538404090867,57.218830352779094,42.80822199414486,0.0,3.0,64.48132568560345,33.0,52.62982451096298
60.383509277043366,64.04598958110297,44.06525852446816,1.0,5.0,20.481796725932526,46.0,63.24672902061553
54.66811523099761,71.68682674495776,13.619047598351033,1.0,1.0,22.704709828854423,25.0,50.641639210236136
73.3114210561592,40.37338008049162,35.20389203154835,0.0,6.0,5.0,23.0,44.353645357139044
57.469553303344135,51.485665977099096,26.962957378684855,0.0,1.0,5.903721244803199,7.0,34.874470720743844
34.97588136793473,51.41160925477494,39.28306760086136,0.0,2.0,16.531642011908527,47.0,40.90911901608786
31.382044488679345,25.785666955870706,23.894332392241076,0.0,4.0,73.29213606466841,33.0,30.078303727545766
75.079697613894,32.00600095157919,44.478119679756674,0.0,5.0,5.283529472377557,7.0,40.56438583343385
29.1085173339026,14.101223945000813,46.944566125650645,1.0,4.0,15.237551414125996,21.0,37.537766239805165
34.764652037351745,70.92688530435251,29.37299991911914,0.0,4.0,70.09502785600723,11.0,38.65771820970336
60.04087432287868,59.35364358468927,12.876479606927377,0.0,4.0,50.08406432325926,18.0,39.84227335140931
23.693664792933156,55.38323466890582,43.01684230048101,0.0,2.0,15.398426027183646,11.0,32.30556184609962
29.55392668035561,23.95259590356019,61.253121015532344,0.0,3.0,5.0,21.0,32.10225484908542
24.77056965977767,31.08935528871645,51.31162613092313,0.0,4.0,28.599842349390585,45.0,36.84096997696264
58.070883634521564,76.50166668865124,6.636871921910075,0.0,3.0,9.994829352330221,19.0,41.12874188555516
78.93952921621879,85.47936598969285,52.92889983951381,0.0,0.0,31.491853439306713,27.0,57.9453408381668
24.637638282405238,70.96080851826004,6.48408228539805,1.0,3.0,5.0,12.0,39.796428157245934
13.245391000768214,34.434679234890844,26.293914321351064,0.0,5.0,11.661152988952319,2.0,21.162023482964024
51.16027023656288,27.27277987216093,3.0030329740620023,0.0,1.0,7.667353502005751,6.0,22.278882858700136
58.08222253688636,60.58191507738804,30.47624181336101,1.0,3.0,45.17821362961161,39.0,56.78984703883304
50.287428151387424,62.46398481913166,19.613599728450286,1.0,4.0,47.50517490584265,14.0,48.64401001977001
51.14723931719065,21.213567147633132,14.596377286911299,0.0,7.0,50.03775634534699,48.0,36.67689886716181
53.40535495248668,66.03971321689994,2.2571607357360333,0.0,3.0,128.80084613161543,25.0,40.0970494454595
11.933195100352867,56.174206709968765,54.57723080288092,1.0,5.0,33.05215279873518,39.0,50.06167300246463
27.055364899097977,43.411284663530445,61.17715705114182,1.0,3.0,65.02645421710177,15.0,46.27762288522751
40.27832262563374,54.30252166421812,52.95630314372007,0.0,2.0,31.871673546661142,24.0,41.20723850547354
56.04364407059164,69.42584227053648,34.11271804760091,0.0,5.0,17.88188530325875,21.0,46.25588623420072
72.02403495912017,41.57383616627328,58.756462802877444,0.0,3.0,54.53095494560787,33.0,50.11637944083601
31.158801776170424,51.112132353314074,49.02928479087017,0.0,6.0,20.174733133257867,20.0,38.94375181987699
19.32633189595992,38.28031003566957,5.732779399781019,1.0,4.0,103.91990181382641,44.0,39.45994773247344
45.206400865569584,79.51313757586433,14.557007424186782,0.0,3.0,5.0,48.0,46.191286095195835
63.71703297866893,58.61452518797012,22.332893448820034,0.0,5.0,35.036452589193104,6.0,40.33353061654097
36.349743755053716,85.98038645438525,26.957223892883725,0.0,5.0,110.45289380308658,8.0,43.18303520699823
46.4318432082907,54.974709788692344,57.5456450756904,0.0,3.0,14.248419840964651,31.0,45.60406899453647
57.675923359123004,45.96962928442507,20.26668512322764,1.0,4.0,5.038793494032201,7.0,44.190501055413186
50.89938561621443,34.30541091340625,83.56415407094177,0.0,1.0,11.789001921803813,36.0,46.416476651696264
29.00403784059949,67.56243031305438,35.22283827252406,0.0,1.0,5.0,28.0,37.78618469291828
19.871264449139588,12.490480335434901,16.713821062032068,0.0,5.0,14.57161252405213,37.0,22.766299325697744
37.47924457305435,48.306272929387774,42.41578272782029,0.0,5.0,41.68858115755364,34.0,41.179974210992334
20.95752675359742,20.894910742277677,40.16756443755602,0.0,3.0,56.76736364460607,24.0,26.6319695343721
31.43616606198133,21.541968694620884,7.03918229928088,1.0,2.0,30.592528850768755,36.0,34.09755405935543
42.35377817760047,56.856924552979116,18.33467809515989,1.0,1.0,44.38399787686102,6.0,41.273957925880765
37.47559519640765,49.50482308023584,14.776232306762708,0.0,1.0,5.0,24.0,30.467017697180083
21.994550429141317,32.43578880122148,33.43190356759355,1.0,5.0,7.603718385971431,12.0,36.27937322216217
21.98099247572289,42.45407339374002,49.91728372769433,0.0,6.0,17.026102368058424,31.0,36.8910785935991
47.545339485638785,15.907789759697652,3.753387446646924,0.0,3.0,70.11591738213032,30.0,26.2662781483061
64.80401301500865,49.31793587003072,48.07315757655703,1.0,7.0,13.453553664095919,19.0,57.03918980985317
35.662199044851675,70.85849952651346,28.805494904030233,0.0,4.0,5.0,22.0,39.74127362364733
54.18735327157796,50.32122370256907,19.238187100302685,0.0,4.0,8.419696054695859,29.0,38.85150891802454
26.45578521859558,50.3032534365073,57.86070473420243,1.0,4.0,49.60488460297696,19.0,48.37899830267574
39.93850779886371,48.82292027665407,33.34043599711018,1.0,6.0,52.88679482293098,22.0,48.49951344809344
43.55334453557417,46.933765150003275,43.65370451618846,1.0,6.0,31.782608779529557,48.0,55.98817050022265
55.2366169581312,79.31857023569587,64.28513637965845,0.0,6.0,158.0906674526139,11.0,55.949304090107404
85.10972446513098,61.94710668425798,37.748895181521505,0.0,7.0,36.13460510293049,36.0,57.20334559237681
56.725598555052116,54.03810470080561,22.94317104796548,0.0,6.0,9.558137332098475,19.0,40.42905610353284
34.43950687610896,56.563413193258704,19.509133227656555,0.0,3.0,32.05543167788388,4.0,30.126998629764238
41.88823907920634,50.19918729872362,16.768815971409346,0.0,1.0,5.0,15.0,30.26728645543103
59.930040443480614,67.70072426829704,6.451136896829787,0.0,4.0,37.98744772518038,6.0,37.874334178480645
63.86788264964075,39.1656246176592,19.326575536311747,1.0,5.0,97.81885666026463,21.0,49.28840239062597
64.18146634877763,59.3108462629675,35.46334872830319,0.0,8.0,37.269828186952076,1.0,44.25281112900264
6.842722498184563,46.110248188567724,16.79204354781919,1.0,5.0,35.235940893528074,4.0,31.468036865789134
29.452985628198334,87.02535431584742,60.156299589550585,0.0,7.0,30.235751646740034,16.0,49.75555993685636
38.02676532061016,67.59481325687182,15.992456820841767,0.0,5.0,37.47853390586058,29.0,39.72845668665606
68.36379829645914,50.756595215075116,54.24573347617737,1.0,7.0,79.71879924922774,26.0,62.30695439143692
21.519463959113743,15.21639400616622,47.99096416327363,0.0,10.0,5.0,32.0,32.215490657308045
40.02900354535558,61.720771379039164,60.390214851987146,0.0,6.0,5.0,20.0,45.78215336816278
81.5353532611774,47.04237770466849,4.932830622198956,0.0,2.0,5.0,1.0,34.772665532567935
49.570377230990076,37.71720237936351,59.56767045909868,0.0,3.0,128.5014789691699,17.0,41.8471252404582
21.96851614457947,28.601991153704436,56.85952519460237,1.0,5.0,5.0,4.0,38.28119853015812
48.4056040943308,86.56366444835345,29.57242391937045,0.0,4.0,12.057595462697137,36.0,50.06462049546575
65.56916123279575,59.19608652213708,20.70647022010922,0.0,5.0,95.713088700617,36.0,48.08020109010073
43.0851066273157,70.37831712061138,46.127728076886356,0.0,3.0,81.1470758917961,20.0,45.38100973686163
64.39793082174707,56.77551556302179,14.264223777049356,0.0,4.0,5.0,18.0,39.66287301826875
38.23642311514478,58.69474881614492,35.22561090798873,0.0,6.0,48.061758800706436,39.0,44.3641503404343
15.140605961983212,75.8174829535956,38.41469969620155,0.0,1.0,45.92134648581337,4.0,32.84088909785128
53.76457056279727,61.501357153204175,16.692550741433408,1.0,1.0,40.859770557814876,13.0,46.34718748844334
48.9307881658979,25.809770850363222,31.00777459490406,0.0,5.0,59.80197078172562,45.0,38.79106742201394
60.6552481357402,17.477806176055218,16.513540541425815,0.0,4.0,49.53035254115126,26.0,31.90991207039038
32.28500809863471,48.27051668291445,4.500264459912674,0.0,4.0,100.2997778688235,9.0,27.586596311412965
84.84410108913126,67.90050417611731,26.443040374409772,0.0,4.0,111.16385171917655,21.0,52.73970309224429
48.4147440398952,81.60352162686895,60.18138687279143,1.0,8.0,15.703089836974195,16.0,63.52157225465548
47.16624931403251,88.01517038372114,33.494304605855845,0.0,5.0,5.0340899871483185,26.0,49.344897645352546
51.153464298243236,50.761807586769436,17.904963408816123,1.0,6.0,104.07157909633344,38.0,53.05790890160973
51.8861211658443,69.95102833405159,53.589392687304404,0.0,5.0,11.828548021913356,30.0,50.99707020620645
21.681859031589145,20.740252454501434,26.404303783913452,0.0,4.0,5.0,26.0,24.06972196163867
44.21840047538191,54.141134849671815,24.82082807665137,1.0,7.0,5.0,34.0,51.40404944659371
82.39678780574975,41.49896120278376,7.508956384449881,0.0,7.0,30.135116733310074,20.0,41.91176419702289
54.00948707516853,67.24141378400981,15.455334793958894,0.0,3.0,11.342910500475961,23.0,40.42231705026254
22.802341700593225,81.44801779044579,38.92180209987532,0.0,2.0,25.04590939069629,41.0,44.22286848054874
13.09169490356705,23.97788777954287,4.1690841644153185,0.0,4.0,49.56917244132728,32.0,20.425929285820423
64.99714231968116,80.28034713785972,56.15320122008619,0.0,3.0,6.621488025488187,30.0,55.93244236891222
22.205998001131,61.37213908141802,16.81132140614271,1.0,5.0,5.0,26.0,43.1067985518658
46.33309186093037,15.512998571586124,7.390773841105978,0.0,4.0,49.77826126396285,43.0,29.560242601629575
35.67038543794069,66.14696296775274,65.71445979584514,1.0,1.0,37.26995117246947,24.0,55.009294750708435
52.093467490904374,40.90060532453557,57.155578023451795,1.0,1.0,14.607293722679895,44.0,54.80511301633727
47.04771699360478,80.7759852977767,17.75522930071652,0.0,3.0,6.561367452677369,3.0,38.26319878204222
36.61629240098532,62.150485348907566,46.21471791851043,1.0,3.0,5.0,24.0,51.03463802117531
17.73072291615306,54.8080207921159,1.1890376988329794,0.0,5.0,10.77393134578153,41.0,30.462972093749464
33.698889974630816,21.243560926799017,70.74120721187789,0.0,3.0,154.49839456192547,31.0,39.432155392304885
27.590808771166902,40.515750626262545,53.35482660557119,0.0,1.0,14.411655440419521,22.0,33.235838279279996
45.03654860977177,59.493202277841185,36.16264450705065,0.0,4.0,56.15612506040874,22.0,41.73808912452154
52.51292992983343,46.064055049230454,58.69631238397124,1.0,7.0,48.90225593417775,9.0,53.903220506910436
36.00308759137357,39.921622400945225,35.82496158137542,0.0,0.0,5.0,23.0,31.037836481021454
62.886614283283635,65.15789614361418,63.98907955398452,1.0,2.0,10.041889822401552,23.0,61.1347813139694
55.75660401744368,66.0286101501384,11.393132339649519,0.0,5.0,68.51567219005531,20.0,41.59524345362654
52.97565308819805,32.20085116060377,18.515407789533086,1.0,2.0,16.40769763883385,27.0,42.283694906217086
49.0278101405906,19.125445128508687,10.380535989607303,0.0,4.0,44.7811677610448,27.0,28.301711037083845
20.952955749631887,46.17776931198962,10.050982061937178,0.0,6.0,14.16198381277526,29.0,29.117784020714986
21.101213823169438,48.48635779752739,68.43489751881874,1.0,3.0,16.0940840269851,4.0,44.239087422811
18.69409145851716,50.83077908899403,52.22778514321226,0.0,4.0,32.3136445095841,15.0,34.2647142223786
40.98987507076436,70.88847376965812,16.03326532036506,0.0,2.0,9.39459104206027,7.0,34.15579876168651
78.9993953819267,59.84189132255765,15.542717632414005,0.0,2.0,22.37814581682207,20.0,43.76642811894033
30.174129232956147,93.52400185196736,36.820541559543216,0.0,6.0,45.08436340569038,9.0,45.06532835125333
35.7319790281034,20.8320962963956,5.643247811256585,1.0,6.0,5.0,48.0,39.36966839337607
31.00647418019582,59.458696057625495,39.27501558013108,0.0,4.0,78.17921021762058,29.0,40.74321321316729
35.52344439875185,45.968182277865544,56.55872117825199,0.0,3.0,23.32007327380369,11.0,36.44271903694749
6.881948253487505,23.343364696191767,19.97712138843955,0.0,2.0,33.043235440599894,2.0,13.962617223919725
24.527447880819082,30.652851994569343,42.078938335779526,0.0,7.0,47.15535746985948,24.0,32.82063645206687
48.57299699004477,49.90168809553898,34.43983102290645,0.0,5.0,5.160084674814296,2.0,35.35983916947352
11.751230639072965,48.0622075532269,62.78433365454944,0.0,11.0,67.98041125552824,41.0,44.744834504095415
50.987383495893525,36.13090442219622,51.852882813858045,0.0,5.0,15.744286654664926,12.0,38.29836760872068
41.125044763834914,52.075823430074934,21.162074954665776,0.0,7.0,5.0,22.0,36.88263203941062
51.83871626250195,91.91202833620613,24.58535988088113,0.0,5.0,83.85991919196655,5.0,46.90695650969258
59.266045501126285,72.52978355711299,11.938729955515399,0.0,3.0,55.57569621461269,16.0,41.781550513288494
56.09738490003829,92.70500249897613,29.222128935996427,0.0,3.0,15.471329769812973,7.0,46.81278256568249
67.46698476635031,36.85449043122695,62.990859365325505,1.0,2.0,66.14379423657999,43.0,60.29308322385769
65.48482319367999,62.70778663289659,51.42832752708056,1.0,2.0,36.11860775745108,8.0,56.05619011720928
40.10945903929491,27.888325452715957,43.023464932997186,0.0,9.0,55.12893666827936,20.0,36.873384509634406
58.4275533303827,84.33788328686627,5.442123985099904,1.0,6.0,118.76070613971415,46.0,62.738331407459846
49.79104735005457,56.5106789869447,17.871099762143213,1.0,1.0,5.0,27.0,46.54131820334513
50.177357855040086,48.644988506233375,41.762189899492085,0.0,4.0,53.03536111574398,17.0,40.32706512586499
19.280923224779045,10.808283142050099,23.987942651132016,1.0,5.0,5.0,18.0,29.503223455267023
44.941524105617304,86.25656249819768,41.755717357906605,1.0,6.0,39.46073909272676,17.0,59.48154657105627
36.32075282844252,34.53181714310146,28.74527831940628,1.0,5.0,57.87334487089593,12.0,40.45299838751851
52.871297800533235,14.802624702696587,47.6440309965065,0.0,5.0,17.516178465560305,31.0,36.58927706108663
64.00142148683383,71.09281982782947,50.71841199446986,0.0,2.0,9.214120954585075,48.0,55.43485847998483
23.627846498838917,42.81877497944868,17.42734524163648,0.0,4.0,8.888084669714674,34.0,30.024886111293494
43.94589360726784,32.04636668990033,30.836266051667337,0.0,7.0,13.310874049162212,47.0,39.889869098942086
40.40293707735721,72.34370738225955,39.20497143081361,0.0,7.0,46.811009113294816,3.0,42.25554224999947
36.851713673164774,83.05532883289092,28.247079142200793,1.0,4.0,160.18134881610067,6.0,52.746470097942755
60.038587611788074,27.026774878729142,40.69510339188083,0.0,3.0,142.89186500654444,8.0,36.429865267803024
6.250690899433249,38.03563348442469,64.89564416797651,0.0,3.0,8.52529302554878,43.0,35.1795491234041
45.06526206755241,67.43400493988862,32.59114265552361,0.0,5.0,5.294862375053562,16.0,41.415609197132724
73.11035849115723,63.48793964400766,11.19741904479038,1.0,2.0,6.107170405306069,16.0,51.17786841752209
64.99170515807336,83.34386654606544,44.13060772754297,0.0,4.0,30.224819519221544,29.0,55.222844195261054
38.21171162305957,51.94456999497867,39.34330728876849,0.0,5.0,31.37520164319659,20.0,38.53523589512719
18.83721337950786,53.58582373978804,20.552264536211094,1.0,4.0,80.63469490136771,16.0,39.82890608509354
68.36687054496478,53.19008436845879,19.970478206008075,0.0,0.0,17.607944288553348,10.0,36.81882658866191
47.83572319309078,39.55168713029693,13.188480300504828,1.0,8.0,70.2714622251123,23.0,46.014977885450136
24.439017592295748,5.856751537406351,62.58064442110075,1.0,2.0,6.064532584251619,33.0,38.419695151664044
49.51771464064031,54.3230357960183,43.01139121136969,1.0,4.0,62.33127942542193,30.0,54.72575810661369
15.131027467701433,51.3434049255834,3.2461498614047892,0.0,3.0,15.552499715700531,19.0,23.537221398249507
26.468412566991162,64.485629429123,16.552102973028195,0.0,3.0,65.30097341483236,9.0,31.229950561930824
45.99553748703216,65.73350782960685,21.7799362032963,0.0,7.0,13.235513825436255,33.0,44.0946255129944
67.50358544157868,50.16373837340586,11.707943658413999,0.0,3.0,47.02750730304105,25.0,39.90730316482309
13.44665500701097,26.37649543226154,66.88273466514828,0.0,6.0,67.56560831095067,4.0,29.516980042400128
22.03894061368401,58.7224912697011,62.900535093397835,0.0,6.0,5.0,37.0,44.578798322859186
61.51276851579283,41.23413406991481,27.958772996003805,0.0,2.0,5.0,40.0,41.04514691229434
19.297820585609877,46.366698114949465,69.92487536739073,1.0,2.0,45.67565709356696,20.0,46.81461789048932
47.5602755937647,85.87671311980685,29.840625067718523,0.0,2.0,40.83218705156815,39.0,49.602349266301296
41.29806946505664,12.040366109712911,10.875451687347477,0.0,7.0,6.752012899225746,7.0,21.769739489146396
56.66893270416406,49.99090778961008,18.464630151260092,0.0,3.0,246.89301788083105,39.0,45.420746511312174
58.76632112152813,43.36890817018979,7.511927493936982,0.0,2.0,5.302526412460052,6.0,29.725576683299412
34.525806823329596,64.03608820209155,25.843565206514107,0.0,1.0,23.95874525248044,43.0,39.91336170270772
46.38124505686358,11.204437961174857,16.187330480815582,0.0,2.0,9.170485187200748,7.0,20.608963221083407
49.19951485335059,85.09592264783662,11.201935561116663,0.0,3.0,5.0,6.0,39.16424648752014
54.93233128800969,48.60846436367335,44.3365362458089,1.0,3.0,20.936453926453375,2.0,47.58790190727827
59.999246412270544,20.123818201687623,43.026287680054736,0.0,5.0,219.0571795653692,11.0,38.64216728080787
65.67620024834477,50.42041011486871,39.43769732793726,0.0,0.0,111.39144547019195,43.0,48.097854299127995
85.06159070070878,34.93469893606931,27.635360786068603,0.0,5.0,16.433661867519888,24.0,44.18815113709198
39.257651134526746,39.674940410288066,61.728095614704856,1.0,5.0,24.324806805578405,6.0,47.14859647858958
90.78123997339895,70.3464687118109,40.87186236142862,1.0,6.0,81.79968040870999,46.0,73.67562658509571
43.904912176802156,16.468452157327746,17.826116369507613,1.0,1.0,85.28574909238361,24.0,36.03094600594834
30.26439524864618,42.75025921727013,7.177272878546911,1.0,5.0,52.78251477970397,2.0,34.49476848778254
53.30934589052557,57.082356738376006,53.31685497630557,0.0,6.0,10.456107173208194,40.0,50.80375212928401
55.41567716577867,30.451410982847143,54.20933566878664,1.0,3.0,16.27475770517536,15.0,47.759134325017286
68.47198693477658,67.37485480600043,8.69833689712093,1.0,1.0,29.783077303952417,7.0,48.42203936069748
42.33617192623218,31.675742706601113,17.339244129050854,1.0,6.0,67.61630682780529,26.0,42.73982028724127
48.080588715541055,50.072647057802136,20.592343318461236,1.0,2.0,20.362977684434846,33.0,47.27237049405008
23.680657978555864,50.916242707359125,34.38977402313018,0.0,4.0,34.24244396171749,34.0,35.962028855339135
16.003210109616717,29.873445390419278,44.43685063024886,1.0,2.0,18.494474939846793,11.0,34.3514234998557
48.97545527507346,63.717650445720174,18.834723635427643,0.0,0.0,31.12051270958755,23.0,37.35429807814235
34.64374002095337,42.93777094486178,52.62543115918379,0.0,3.0,5.0,25.0,37.22879730662388
47.947403524345056,69.43974997887568,11.73018250917726,0.0,4.0,16.245936786223375,12.0,37.18441028003177
29.471132662342075,59.42811526088391,37.35202990788406,0.0,3.0,50.912706076929354,23.0,37.505138750588564
31.270212251854556,40.24662712555184,40.56577835137915,0.0,2.0,5.0,33.0,34.30069884796076
63.10541881128958,46.138835643700524,17.192244095042884,0.0,5.0,59.5652742225364,42.0,44.02415125054017
52.07259251623854,48.93796625496074,19.894388833476953,0.0,3.0,147.82625216617308,21.0,38.56304250281867
15.82517018233052,24.010490268460252,8.166768136007596,1.0,4.0,23.480570482306412,9.0,26.603546816212006
40.283737249269215,55.23854489417661,30.959337632499818,0.0,6.0,6.5947135152222085,41.0,42.74599899933253
41.318555482756146,32.18865338864345,24.265554195794646,1.0,8.0,66.71076816509299,14.0,42.81412842031069
21.28854957076023,70.96437539236261,41.740701409933195,1.0,4.0,55.17469221684806,27.0,50.80653203377097
37.65776567990903,36.9435585431045,40.04383711311728,0.0,9.0,135.51130388141283,9.0,37.2443245560051
84.4789908870607,22.06214029725475,19.923872064461754,1.0,3.0,9.87542853548622,44.0,51.9842324463476
39.733128887947835,60.15524411311996,14.314451584958121,0.0,2.0,7.244485967705689,45.0,38.68820661994602
22.917437884770013,34.98233047166038,66.90885855617599,1.0,3.0,5.035931692600523,27.0,45.58243243419481
67.16438569050453,59.722457481050604,34.44027770311456,0.0,3.0,20.550151277356477,10.0,43.10410269239217
34.211072265673565,16.745727029295807,40.519158501835534,0.0,5.0,45.460904172894296,47.0,34.877249607567336
52.55192020011691,40.23955496162838,17.714255918497145,1.0,5.0,5.413620564336263,4.0,41.015659052089156
20.86080862558019,63.10360678409469,5.820294860973252,0.0,4.0,19.449956154992194,39.0,33.33582861437988
48.45269868318568,62.0966951196636,18.729165038052585,0.0,7.0,10.013849441850628,2.0,36.66679178049318
31.288735936154456,45.585416583659686,33.377031577089866,0.0,2.0,17.645301049599432,40.0,35.91351713303016
8.546195218192091,59.206087055731025,27.572868023277774,1.0,4.0,5.0,24.0,40.219310839803
53.44992383859546,79.76341944202244,42.95828286688567,0.0,4.0,17.153966002666607,36.0,52.40473838025161
62.657920102392254,69.50480388988683,47.78164746709666,0.0,10.0,5.0,46.0,58.94701049148911
53.79094808166507,67.87161352708081,60.92742038266263,0.0,8.0,51.52340522464136,10.0,51.04825924987849
49.14884417499384,66.0995402157729,5.169308263407768,0.0,4.0,5.0,37.0,40.320957750373246
41.12402054241069,31.725930931247408,30.96783687217977,0.0,6.0,14.479383190631072,22.0,33.27897623999643
74.52935035369237,56.1992465044392,13.57432964348815,1.0,7.0,5.0,19.0,54.12201514323052
43.57369199036903,36.34622810430587,15.466607940910029,0.0,3.0,43.77377627029202,5.0,26.990443803923238
35.67366171764605,50.51434025642436,16.086198155053165,0.0,2.0,5.370180256322536,46.0,35.78831039632135
63.97896128582617,8.8935708970435,47.86288066393612,0.0,8.0,36.95611961598488,29.0,39.90483157082434
54.69277186722008,37.590232150102324,44.574241424314096,0.0,2.0,33.49044973724396,32.0,40.6554082839383
53.273494907675,47.473122314225726,25.435718133681966,1.0,8.0,30.758311750799493,42.0,54.9722975005609
53.90365381192006,25.69470493083382,22.740011993881033,1.0,5.0,10.821455142246654,16.0,41.33068785397628
23.789359199097436,44.77644309682711,32.26621049833841,0.0,2.0,76.56648415765497,3.0,27.08435569013525
53.92772969656794,74.74714768667019,33.86226815918724,1.0,6.0,7.347097302199817,33.0,59.96311492369098
34.515246612258466,80.61303435083373,21.191235100673474,0.0,6.0,15.989528442101031,40.0,45.673441163083105
24.458450359178773,21.857749732094106,46.376059898199564,0.0,3.0,45.53764483837768,11.0,26.056681565892355
51.420167244117856,61.89296062014944,81.04825160083334,0.0,3.0,8.950639157232226,40.0,55.05027840271148
71.18056631539825,53.21697126820217,5.879476838055881,1.0,6.0,32.688602921922325,9.0,48.804051821949734
44.72552820849504,70.29361231385747,19.482323757974076,1.0,3.0,43.94301517880975,28.0,51.36344351909247
42.142500308493965,24.550514423131943,28.476049942514585,0.0,3.0,28.012275732164426,29.0,30.97037585271935
34.61692643598738,40.7444198085846,26.416160894241486,0.0,4.0,13.66918668866287,29.0,33.105285807097886
38.438099377253174,44.90927317999137,22.384035401499613,0.0,2.0,54.12358208959869,39.0,35.85445519473636
57.5689067119537,67.90113862594094,20.202703739877585,1.0,2.0,5.0,41.0,55.38305208244918
53.14299599671286,62.543194481037446,6.471531921237691,1.0,2.0,9.087576627636137,37.0,49.439272202904505
40.29933746259404,50.97472105688927,8.826383015137688,1.0,4.0,16.236715648129735,36.0,45.075192212527625
18.79227887364922,78.15881034312363,49.374542054818754,0.0,8.0,21.816591375353397,16.0,43.21567920933071
42.228292936939084,25.017356583219204,37.39677019045043,0.0,2.0,5.0,37.0,33.43243308479632
58.56091179499201,69.31309632413178,10.538821335998593,0.0,2.0,41.35408397683639,34.0,43.32001464318406
24.11983098745844,73.62199712637714,3.1088192665604466,0.0,3.0,6.886513348510475,37.0,34.903284482074525
75.9622827087791,59.6161907656959,38.721972457256875,0.0,2.0,77.78006141909609,29.0,50.56961408845205
70.38132111906947,56.5614220857086,19.42463263683891,1.0,6.0,12.747850842182189,23.0,54.66723601207261
47.27826747535997,60.468927385241365,20.323318043879837,1.0,5.0,11.12919743574707,44.0,53.72404627264124
46.333134098654234,75.3376361925965,12.303937938269707,0.0,4.0,5.0,42.0,44.39514682713329
43.8887222965058,83.08794399033378,11.740937008706839,0.0,3.0,48.89577154353237,46.0,46.65360273765525
19.621232640541177,45.695199019270035,6.607452139470987,0.0,4.0,93.48628734719902,45.0,31.56199075645765
50.39139355333284,33.413432073205904,17.5930455327184,0.0,4.0,54.15830473155199,23.0,33.01131494114274
50.822074915747905,58.792518406088014,14.778390360961065,0.0,4.0,69.41960449414182,42.0,43.16438515920069
71.26082329923861,53.764931188562606,69.22308037469647,1.0,5.0,35.62070185033525,36.0,66.64680206722963
47.96920340503208,55.27011743944866,28.67221074988013,0.0,6.0,14.827762933856345,13.0,38.54916095310667
60.589491108791584,69.23117397848945,25.05763785047949,0.0,6.0,48.376828294272585,15.0,45.559230407801614
45.571479205315775,39.90800130222291,39.98511814094712,0.0,5.0,7.664715562407929,27.0,38.47852139965559
46.74960627021246,53.394152991768514,9.99111233494489,1.0,5.0,5.0,6.0,41.717495615817555
44.280937214628466,49.90980807988371,31.77749618346099,0.0,0.0,15.683438839449959,1.0,30.425187670442572
73.83338035805177,57.48305325437701,11.849830316954165,0.0,6.0,31.00674475310771,1.0,40.02754269489352
27.08799476009541,54.856058500436774,31.06310568811333,0.0,2.0,37.784204760412585,3.0,29.412651881297297
40.23957711387063,60.54656371599162,34.42451449016702,0.0,4.0,19.90903043666196,8.0,36.81295204756554
62.18996250504306,68.5240947853618,40.49973898750269,1.0,0.0,67.15189125722124,43.0,61.07983327857952
50.42392919555486,28.37291964980779,66.46828697513435,0.0,4.0,59.33912717509776,31.0,43.30465214986949
38.73882686821161,54.40066811072492,43.24723003132374,0.0,3.0,5.0,43.0,42.99265308433222
12.391265801104314,42.31181165098001,10.33055672248826,1.0,8.0,42.02056605754896,32.0,38.58229202866971
81.3640462959126,21.404768368140832,16.064470885145184,0.0,5.0,44.622606257808926,46.0,42.714216634865245
34.584908525168814,60.07141972234591,39.4978387883267,0.0,2.0,51.571546166475436,27.0,39.55341407620686
26.88990065906889,48.00299312328571,49.45995174284278,0.0,4.0,53.19069285631052,16.0,35.67902765128342
50.565781005405775,13.43556677102834,62.027451762803366,1.0,2.0,6.945322907786415,48.0,49.87806708815827
52.85294990724705,67.51190021739467,35.46829193698874,0.0,5.0,8.238315632315171,16.0,44.01630389787115
38.11815784754381,50.43698023717127,24.101499749554943,0.0,2.0,27.52178874190264,40.0,37.17618691259448
55.51647461604865,66.59926354048436,13.841581513917301,0.0,0.0,13.435094294467245,33.0,40.44095272780606
33.46985848048413,48.34510232419771,61.82105020888772,0.0,3.0,31.631961862134386,45.0,44.82558948019069
19.716570437982845,44.612606108587904,16.316084462677928,1.0,2.0,21.892157247908692,16.0,34.45002084080311
35.30007395725933,57.71154512682904,17.473390831369347,1.0,5.0,11.264665006852407,36.0,47.80620957076634
37.45560133854021,77.91951255225463,15.559683417433565,0.0,1.0,40.24370061222916,7.0,34.88558916843001
40.647860516438136,94.62331275400739,44.75792996536463,0.0,5.0,21.43556702725663,29.0,52.57309065122944
38.12772218109905,20.67654385164632,45.711830576693124,1.0,2.0,61.15421800257054,40.0,44.73318365024305
58.61904086748645,26.790154810276867,46.68573531827674,1.0,3.0,5.0,43.0,51.747779316429515
25.76963658956461,61.246632267191394,52.80259753200946,0.0,3.0,9.232272618331551,28.0,40.33256550629086
70.67191177293641,62.781448242493965,8.712907472641213,0.0,4.0,5.0,39.0,45.997588165052505
67.79163169539257,85.22616310762287,30.326100317738135,0.0,4.0,18.98643921229377,16.0,50.69939754854736
41.781155940731615,52.606683091584664,26.393124393066458,1.0,2.0,8.104373238386886,2.0,40.7876721014601
58.30690097701521,68.49954661603644,40.03324718361127,1.0,6.0,8.729235636805042,29.0,59.92451271438793
50.57933795001433,5.990714586071471,24.1259468520969,0.0,6.0,41.29508596755508,36.0,31.29360422379193
27.755846503386273,74.3199534452904,29.970746874455166,0.0,2.0,54.47128672468905,5.0,34.977525096553975
41.39582451613472,63.17545778387651,25.041813742575524,1.0,7.0,10.376160671290704,13.0,48.73370653694373
80.91365936753122,42.71872485557363,64.2922793689159,0.0,3.0,33.382908312463265,6.0,47.68421009580866
43.78802759949429,35.8368533968192,13.161840099102672,0.0,3.0,30.369689416611394,8.0,26.812648723897805
36.47769390927319,66.12747107511053,33.491104861068735,0.0,3.0,5.0,9.0,36.32451221830968
2.593995106773256,16.717023526295147,45.38100412521606,0.0,5.0,97.50802133379223,17.0,22.729115909986156
47.51216384088736,92.57710331917839,18.203755228142295,1.0,4.0,14.551457753846872,2.0,52.03743032405516
45.05709312911012,44.7127693250479,14.582813582293404,1.0,4.0,12.959099235137339,35.0,45.57654364803426
17.841888618671195,41.44116409476162,18.346445353835524,1.0,2.0,31.013817386701096,10.0,32.526995263526
29.448787476726157,44.29879015630482,9.754446996927475,0.0,2.0,15.743742806637778,34.0,29.119325330442663
51.92051051668317,52.94613073519354,14.603305600771888,0.0,5.0,12.341141298100327,4.0,33.55081092575223
34.796165297419556,41.94460231660548,41.88001077932459,0.0,1.0,46.606819353292146,35.0,36.45166377977035
26.260827892954218,21.90361941330132,34.37441727589254,0.0,4.0,46.93946155262521,39.0,30.646451179461565
47.134897766586526,37.84762984572325,47.14973960643537,1.0,4.0,40.479806783114995,24.0,49.15184262669348
33.62195634725165,48.12157254449513,40.42576107701756,1.0,6.0,68.07031044085589,19.0,47.84077398049066
50.66790505540274,57.0160597681432,13.226884594397331,1.0,3.0,24.048932566066302,7.0,43.50568010942062
10.417334078368334,9.57815406915872,10.566713249750917,1.0,1.0,36.98930851250459,30.0,24.768667523748707
75.09167981234553,83.97564265730577,22.90544423453298,0.0,10.0,186.26115720572102,23.0,59.53147594176717
29.81293054369309,47.29497168315955,44.97349541250934,1.0,7.0,9.573460195753999,6.0,44.37981050979677
34.79703753224318,44.8564206522373,28.9157810425882,1.0,4.0,65.43055565887997,5.0,40.713465201148686
64.56692245866682,49.96834063413484,52.797761978178094,0.0,3.0,8.212111011212823,27.0,46.9826103890603
41.6807747806475,25.015465572916433,27.453445880028255,0.0,2.0,20.876747905006795,22.0,28.498950889163435
36.485297930248024,48.154161647272396,49.02913690758426,0.0,4.0,18.530696407607454,13.0,36.71130620404911
39.782218324280244,35.481818535168806,56.04202626193505,0.0,6.0,48.41532674728854,11.0,37.284387668861704
48.96712907884344,63.80482028004242,56.32833297691516,1.0,2.0,40.74597372357643,21.0,55.981906742909366
47.741908026034224,53.60804017616956,11.153196853509595,0.0,3.0,51.329121693595056,32.0,37.261375521791436
23.53687424051203,10.767786317685484,17.512903028423956,0.0,2.0,27.87185147289526,47.0,23.761182774692074
35.772077211513356,51.90434377455551,39.45741835974667,1.0,3.0,5.0,6.0,43.16058891846655
65.83301205572508,42.53080826262275,35.549875874716705,0.0,8.0,31.56891214699912,12.0,42.665641830803615
69.92968726444127,91.66566014394954,38.989461258132884,1.0,1.0,10.392186810385757,38.0,66.98790617326533
64.24351863698678,32.942654387673706,28.249290021883116,1.0,5.0,19.944284011946934,7.0,45.13695360744736
49.53803558785326,43.07954211458242,7.907511968505847,1.0,3.0,5.0,11.0,39.12756348597675
19.00447899585385,40.75002562437202,21.268437308410434,1.0,8.0,8.041754363281733,28.0,40.519815370670855
61.78929869093657,42.76055659138336,11.747472871935926,0.0,2.0,20.51559758192068,29.0,36.27227034660558
26.56669672647622,49.33555507862422,19.455027386567462,0.0,2.0,42.15018499616225,40.0,33.37623879517851
28.288719050064888,34.66399209944287,21.47512622457299,0.0,5.0,15.269709220714129,27.0,29.296930550039153
25.041640972902606,23.897820789388867,39.63723425352715,0.0,4.0,17.519884619068016,32.0,29.84604331699299
71.65132458711183,45.60226572157123,66.05031023757755,0.0,3.0,36.067148446430096,9.0,47.11980259361488
68.92716020363218,35.12286562952229,35.742483813135195,0.0,6.0,8.0039626226881,40.0,45.65441580670276
16.350724111737296,38.123609339898536,16.11239471181807,0.0,5.0,5.0,20.0,24.441062305272574
30.877205888784925,57.8493144034892,50.94739840271768,0.0,5.0,75.3096852782806,23.0,42.00230345917768
56.42718924397834,34.22026033387599,55.487868780047656,0.0,7.0,13.290929710984335,44.0,47.85858807802613
40.616871785480285,42.04460539687424,56.81240475941548,0.0,4.0,15.841759332588213,37.0,42.7196854341235
51.89707179096068,27.65766818477955,13.747559708448934,0.0,2.0,56.777873852585934,32.0,31.77375441267656
47.3508337941995,25.614808316958072,37.44595526378088,1.0,3.0,9.064215402327688,2.0,38.32855255525879
27.175235588030016,67.50967613735148,13.939025953319092,0.0,5.0,64.78692575576343,44.0,40.254771637124456
56.811257952905436,9.301087574786653,39.17077931029734,0.0,4.0,36.41014530262991,9.0,29.632111816701755
59.482533011731874,70.49663708313338,62.869036158075865,0.0,5.0,52.55511767993699,12.0,51.95303544226357
43.42816482403121,68.01551168886829,52.105321846856455,0.0,7.0,25.32277043472459,34.0,50.53843890629066
56.09854619158664,54.89701812829235,2.74643631962835,1.0,4.0,5.0,19.0,45.02317834389542
36.21455660316843,70.41614342654135,41.33529337330562,0.0,4.0,48.47678779041353,27.0,44.18593610456351
38.420714962647374,20.723191927899844,38.945812407534795,1.0,3.0,12.996391175172727,3.0,35.46006702764722
15.625412417654191,70.60572346625972,57.08928379169041,1.0,5.0,35.66939812009507,40.0,55.355695358385134
60.4089889945566,7.210491927194821,77.1600415274065,1.0,5.0,5.0,38.0,53.686878535919156
38.822134614931215,24.613751841097763,9.551045220880336,0.0,0.0,40.35667890385402,48.0,28.576314236260394
48.572430434310775,61.58127172113063,62.691523951943594,1.0,4.0,5.86166099390863,19.0,56.81896354912725
23.14275558313086,67.26469927756894,36.65767531740833,0.0,5.0,6.763186373632955,1.0,33.61032917279595
51.73866439408802,61.470253843778785,22.34856926323262,1.0,5.0,15.230653447992038,31.0,52.868223147739734
26.04160408101499,65.31931594544169,11.073395170336067,1.0,4.0,102.35810804422985,14.0,42.685404534899305
16.660993392709845,49.04731686256924,24.74969580462198,0.0,3.0,15.836486911511003,33.0,30.568746462974385
44.68134551057874,60.48557352835622,44.50961082302736,0.0,3.0,12.98614045368153,29.0,43.49504140007951
43.66526275950526,21.145480213761417,42.22147617710951,0.0,5.0,11.376229159058825,11.0,30.49950556191975
20.80935602660984,66.67752469142543,28.6105853275481,0.0,9.0,41.53139337327545,37.0,42.132798445817286
37.8230703795051,60.19587127403118,45.878556739569795,0.0,4.0,87.64557985111618,46.0,47.683358358320355
24.3395659036956,68.15343336501749,44.44175828327936,0.0,4.0,18.90481643277835,21.0,39.43136446915638
60.97585546351249,25.515411655303478,40.92310744864795,0.0,5.0,29.960707144829488,6.0,34.98998574566351
55.10782129278273,37.139340373678806,32.439735651576356,0.0,4.0,57.93366434378939,41.0,41.916744167139775
32.00706769630911,45.75065248898713,64.04927111029063,0.0,5.0,27.221439292014598,19.0,40.085379720889144
27.55324706072707,28.844691785400133,44.76242376435434,1.0,5.0,37.73972930527491,14.0,40.056764050508164
32.898305411694764,27.441037791136395,20.537934381850338,1.0,8.0,45.422819177636306,39.0,43.55921239396392
58.76459903269664,82.60891036992408,40.89060929910552,1.0,4.0,79.8990479993459,18.0,61.53614683712986
18.458640987529844,62.19993557784803,21.02686544870876,0.0,4.0,11.460343406554056,46.0,36.8492240992173
26.827125684546978,38.36627183529856,25.224047050965797,0.0,4.0,5.0,2.0,24.526492123487884
40.57879154674184,53.25658079482777,3.9099019900245104,0.0,7.0,124.3858963270149,38.0,39.311874743270934
31.68756940672383,71.68336104138619,29.632052368573635,0.0,4.0,237.3066848513878,20.0,43.34861011610332
33.62327641894607,23.92992200284687,44.74394403386873,1.0,3.0,78.80728943489845,2.0,37.329900867586616
25.398312079761027,55.7508551883849,75.69561148095791,0.0,6.0,13.02962284357563,3.0,40.31200657009958
15.694201447698722,55.40946633921027,15.396100121516024,0.0,1.0,22.961525419080782,39.0,30.106034146078734
58.19925327545683,83.85274289313895,42.507573442769235,0.0,4.0,50.89111124455188,18.0,51.449002622260494
32.76577255651096,45.8069048211621,59.67488305091222,0.0,2.0,7.044700671267214,21.0,37.42737330135939
66.15783129081053,73.61591792052818,9.763386794520141,1.0,3.0,84.37540169433379,30.0,56.83362269562538
13.540597397039178,63.519132433256544,49.15664469991187,0.0,2.0,65.05170129374662,23.0,36.52229542343124
40.204664188641104,80.86469989141678,30.489815224661843,1.0,5.0,42.30707380067193,9.0,52.41977887429361
15.350062963460767,31.576137578473517,42.18568984362426,0.0,4.0,68.92938218063696,3.0,24.838942414487832
45.337622133433264,43.940246031523905,29.239994760962198,1.0,4.0,28.304279493651265,26.0,46.81688491663809
80.36118325683026,62.87315727714697,12.136780311568199,1.0,2.0,5.0,20.0,53.83594119580795
30.825950686688568,74.4957406475932,38.96685437055306,1.0,6.0,9.578089177254352,44.0,57.48202215789281
25.017514389381866,14.19387704397866,54.74602108907071,0.0,5.0,31.252102813421583,23.0,29.5020941324227
37.082732111828456,56.17807498759875,8.023422757934329,0.0,3.0,123.00987385791228,33.0,36.25508380360191
28.1308098143972,47.929363015713925,29.884940675022552,0.0,3.0,5.0,37.0,34.80036467586563
62.00703513698084,85.74170213472877,3.022365085027501,0.0,1.0,37.54872494091919,23.0,43.75096516708462
39.363491359731704,80.42441123411118,21.157250894642708,0.0,3.0,50.86997425761304,38.0,45.11249197920819
20.187554418675223,37.18795292870723,15.972104074350552,0.0,1.0,68.4133099549992,37.0,27.28156385081571
48.829877036932736,34.383349551429625,37.40102483595879,0.0,4.0,103.21833766345013,5.0,34.05621170088469
43.08339786035514,45.997189019891884,61.06546507658423,1.0,4.0,5.0,14.0,50.166573068711934
43.26637885715689,94.30679332550775,21.73333256080629,0.0,5.0,6.824778751061603,38.0,50.12645513284865
48.14838547115266,51.49377323287596,27.906211321137203,1.0,3.0,5.0,23.0,47.38344860690126
61.81613298601651,63.24541133421302,31.492631604814825,0.0,5.0,70.86224894037989,39.0,50.43949071316128
30.939438443807816,29.906039403402808,41.7836419263752,1.0,5.0,5.0,48.0,47.00143118041103
21.927605133793055,41.3844931720973,28.062582225358447,0.0,6.0,5.0,46.0,35.123874354877614
35.58472995750547,77.33984919625128,47.368620459643196,0.0,3.0,5.0,12.0,42.30486888036783
25.4172112548664,56.799988699404416,13.439342008592028,0.0,7.0,18.483296135014154,17.0,31.820167646319728
34.99194040474567,61.240510080995406,55.34563594440428,0.0,3.0,33.19006407403496,13.0,40.49937442513016
46.973406025639,23.164017473409533,5.694279065800668,0.0,1.0,9.060668056474617,16.0,22.854425049051763
52.93840693312365,37.15319861418674,36.04258022632495,0.0,3.0,11.957842688023401,27.0,37.595574285853054
84.32879408351035,39.83134284906223,27.826513989247193,0.0,2.0,5.0,24.0,43.038670364325924
51.081039831147876,38.26671207117869,28.237637782584645,0.0,4.0,21.589657613501707,37.0,38.79125868436861
15.99698529970941,22.739522943407135,78.80373049498056,0.0,5.0,24.201865605584068,9.0,31.137243805220262
21.718881616824344,48.78055412274282,8.281968108021944,0.0,2.0,38.62626084713209,17.0,24.92877777343882
37.14616767923759,37.903945020072335,78.42386109865865,0.0,3.0,27.684727591395678,43.0,45.95932827972046
39.60066938352135,41.883114905729904,30.821519974244193,1.0,5.0,10.964794137616854,23.0,44.87954594991399
53.80824585709681,52.25101862839586,54.72009461507486,0.0,3.0,73.83649522382431,12.0,43.435564948864624
36.78255611097669,33.21310080234255,9.587854570382788,0.0,4.0,14.501625824088652,4.0,23.20651765888814
43.10420073794548,86.18560020040566,47.92738550108581,0.0,4.0,42.21300896497304,5.0,46.460520847437735
29.347901010272192,41.906697249732304,14.576348078453675,0.0,6.0,43.65250469903346,31.0,32.06030260800586
9.80513133359244,68.07780023921016,6.954165370926193,1.0,6.0,5.0,7.0,36.41989930071922
22.75983054021942,54.25738055939391,36.78782389492719,0.0,6.0,26.64830622372414,11.0,33.43650034502992
29.483809914832264,46.64688516088605,50.302448291918346,0.0,4.0,18.827195903513783,12.0,34.63637401205019
11.965392619864232,16.05165738030296,40.34429636430699,0.0,5.0,74.08726630271904,38.0,27.804867098957573
69.85314986864189,41.783561373275575,10.328455930727392,0.0,4.0,17.50001075376842,1.0,33.19986921170022
19.77572207006307,41.28419463965713,45.65086568699308,1.0,3.0,5.0,8.0,38.16181898149533
50.3649762596047,77.33054858495083,41.73421915664015,1.0,6.0,73.8615968030189,17.0,59.289623645193956
70.66445090456484,34.35681508902797,29.205837321083855,1.0,5.0,78.20425965125368,21.0,51.36890248897338
25.298692753621598,42.2548357405345,61.599109330917,0.0,3.0,45.315985992294124,4.0,32.947857042901646
45.14374076789218,83.95318230617764,36.5562187527618,0.0,4.0,30.33075859468268,28.0,48.69208969096347
61.87089309379863,50.150387064971035,25.403821229635138,0.0,1.0,59.342626847003665,37.0,42.647936822559515
56.43283305694665,61.61669666097159,43.081119371738815,0.0,4.0,5.940426590061014,31.0,47.37241483562855
39.50578338320918,33.17387930129618,24.37486045912096,0.0,2.0,39.69898337570143,22.0,29.755534097131225
15.108054228424558,32.65713454149053,8.909656991870555,1.0,3.0,6.289371370221537,9.0,27.724016018257313
60.88747561707479,15.672965635307284,25.086339360575348,1.0,5.0,50.324241659524354,48.0,48.49719635173441
61.2664701789986,55.08891531438502,69.14000211395064,0.0,6.0,5.160622731910777,26.0,52.43672591744092
61.61472996394111,71.38529914350154,25.530546187867532,1.0,1.0,45.62707814043483,45.0,59.31032474390953
42.20017564909957,61.044705298556934,46.224473233329306,0.0,8.0,5.0,33.0,47.364448216913324
50.651820437205906,43.69396006575009,35.89660381800478,1.0,1.0,54.4664998609758,36.0,50.02176255322613
38.18731399178179,68.69181359264971,39.443886538315276,1.0,2.0,6.014298141177319,37.0,53.770511833261146
40.80321290432046,35.503178937034136,29.452714246758138,1.0,5.0,20.021423124267347,24.0,43.70090260550896
49.333986390697554,35.99917680575273,46.107426655755425,1.0,3.0,70.37931485617558,4.0,44.7956957607205
48.14834048375938,31.102773105453814,27.81141944608831,0.0,7.0,47.01568307674563,9.0,32.85704261472254
24.787962765587995,45.47207056136245,39.38749659223254,0.0,5.0,68.35121585197047,15.0,33.26786530055686
49.6005037798118,38.54230857912632,39.6592226493049,0.0,4.0,37.20423740178642,33.0,40.25329903429791
38.225235244842054,57.21634181967886,55.17052755894291,1.0,5.0,16.853235683898102,5.0,49.60656449159677
55.80214309842062,76.40173780252168,42.77017790477929,1.0,9.0,14.943862645570382,26.0,63.3205497257695
40.02016079618201,71.3564241377619,23.737904631685698,1.0,7.0,5.479071361646285,3.0,47.99297525372271
34.90082589865259,63.14211509153015,60.439325842267586,0.0,4.0,20.350942023403494,32.0,46.3389525898006
37.760301503629336,63.68537595163962,2.4389437850504687,0.0,5.0,80.67109075040435,42.0,39.54596326916875
38.1737056581485,52.09289000457969,12.277158000522228,1.0,5.0,51.23063715932898,48.0,49.38002659230641
47.23716730684829,51.21161293542655,17.082513107257924,0.0,3.0,5.0,21.0,34.503697682020295
32.35861551227238,44.627517558856944,49.486769490612105,0.0,4.0,7.4362502774027615,1.0,32.16761217145281
26.46550118472521,51.7020444867857,31.830057073757278,1.0,2.0,38.30435785363327,26.0,43.42398498970185
47.03795876908816,14.709713896030232,39.35134569710195,1.0,3.0,8.69226014698283,27.0,41.10603250863965
73.66331527685357,41.724042937287756,64.44077814013703,1.0,4.0,18.34987050685661,36.0,62.26865925836653
49.89926794523949,42.21870461153543,22.328517541307665,0.0,2.0,89.5747201841485,47.0,40.41169105113823
36.21566287348698,39.620693161357124,38.503813931080586,0.0,6.0,91.84090725016158,33.0,39.37166993993037
17.49785049514106,86.9262074339675,28.901308160003698,0.0,1.0,10.688429013916037,21.0,37.14171136122287
15.827535667743204,46.49054186964416,13.15766060058358,0.0,2.0,30.678821855516453,30.0,26.40796127490722
39.76783779203635,79.04498153672097,31.671742860805963,1.0,2.0,42.317683194345214,44.0,57.38390706823742
63.803276118367414,62.17080943699761,26.142541314732785,1.0,5.0,8.581039895395145,21.0,54.601983783029056
46.52550063161825,70.01325424401625,24.8565160730027,1.0,2.0,5.0,16.0,48.87265860017584
70.20337196293879,31.124342495423758,57.366929217747455,0.0,5.0,13.892061922427688,37.0,48.124822363255355
85.02330644508764,36.150422991461504,51.516815484733016,1.0,2.0,110.95800616703048,9.0,56.02428891275783
74.8250998044453,50.8404835974287,23.282218683908173,0.0,4.0,64.24416302213761,29.0,46.06605618102622
37.44083134729337,17.81882493565308,11.72950370808106,0.0,2.0,5.0,20.0,21.760814812352827
11.659812051542941,63.754995916525594,51.60039979710728,0.0,5.0,73.05452861263345,8.0,35.63487252369126
70.72137027100553,53.52635845557654,51.16158345143368,0.0,1.0,37.94366231379241,14.0,45.63645545154143
51.41924760298565,39.10961125893371,64.75207813658153,1.0,9.0,23.84622775217128,47.0,61.85122156450624
44.34919293028167,45.31118609329141,47.41991485944014,1.0,8.0,26.704153363035836,38.0,55.68316079504202
54.61956124510839,71.78874054411695,41.5561867171624,0.0,4.0,47.079993245288016,41.0,52.063245988977904
15.711565670155903,58.15788442902793,43.551138328488335,0.0,3.0,24.36788452656603,42.0,38.41494788102494
30.25126333456118,70.4302129419032,51.1451941972306,0.0,6.0,26.03177136330341,7.0,41.37837666916162
33.438153543279235,22.99400506117295,36.32815815653691,0.0,5.0,14.008207199230409,41.0,33.52883542640503
22.696641197918883,62.81432716653828,26.445847294418463,0.0,5.0,49.46488173815629,17.0,34.53120918476111
9.898677592188585,31.319981896702835,52.10162284486588,0.0,0.0,14.033894030858548,10.0,23.08900065514653
11.029465461958713,34.51739002119937,63.003689199602896,0.0,5.0,73.94423114799015,37.0,36.50800300033657
30.47684683891541,79.13044131618229,29.478147090514017,0.0,1.0,50.58446940807829,25.0,40.18414084503879
29.63980239137477,53.39844847212244,57.091358580466235,0.0,5.0,22.987010938099953,23.0,40.762574650729555
49.74838074355944,25.24185793379988,15.099267625046028,0.0,3.0,29.934202368256752,44.0,33.532763908380836
35.74977237959833,82.69539983005662,30.59590418172216,0.0,2.0,100.63278631318472,40.0,47.409796281688536
74.64024017769013,45.4558640681277,24.036798252714203,0.0,3.0,24.072710940433247,46.0,46.8961732641393
41.76504666351722,77.53469227165654,16.177817003612475,1.0,4.0,52.11200303138482,36.0,54.2694048618103
44.242568638054195,23.34492787432933,44.582751937701815,0.0,2.0,7.184416032051805,41.0,35.832112836277275
67.65314328557207,50.96602268580376,0.8895645800288109,0.0,3.0,12.240348577773673,18.0,35.82751138040519
66.64329712917487,64.33345030757538,27.460695437465716,0.0,5.0,5.0,42.0,50.419659280014045
84.33000378233852,88.53983434011049,51.990063936184804,1.0,4.0,17.00729965403153,30.0,72.87228497759651
43.997850994016204,47.98570292396849,56.083538366758624,0.0,4.0,93.45554437455361,39.0,46.87337370700564
64.7500820215371,44.23614137697687,29.45167093219853,0.0,3.0,5.0,6.0,36.4868900360682
48.16258561392653,45.58128839820325,47.668585218671026,1.0,6.0,46.75485109489367,15.0,51.02978256866452
44.59938247240148,73.7117378475333,51.202250417493765,1.0,6.0,65.47747730623696,24.0,60.127779709607196
34.5838594971458,33.44862531124212,19.69915339283036,0.0,2.0,26.003261613447123,29.0,28.843017112931992
33.943530745578016,63.619075946173865,37.4537795283581,0.0,6.0,44.388616912827985,42.0,45.51917991686615
18.278351642663335,52.5870779275152,58.91286416173226,0.0,4.0,86.7009054241632,45.0,43.27461500004102
52.023654040410094,30.201418295176712,63.547542840016376,0.0,0.0,34.77597004353277,16.0,37.29462938610397
72.54923933923676,16.57385848688803,58.00604519278042,1.0,5.0,87.9573129991,9.0,50.849463088402615
60.665869716231015,25.972595636625982,35.92830562201239,1.0,6.0,10.4865220423247,6.0,44.30500790346322
59.2979565573593,51.0893404822624,33.431272945211425,0.0,8.0,5.0,14.0,42.63307884894771
42.62000236959493,64.1666902858229,68.75627788127224,0.0,2.0,6.68285835299312,17.0,45.45658590716877
66.16279531761631,53.84925456811751,62.518641482922476,0.0,2.0,97.28469755006762,11.0,48.07743471901931
30.89622764403792,40.728030028149675,27.854562738276528,0.0,6.0,23.12595553229425,28.0,33.77282940968143
19.42158653687946,38.98819085022208,13.01174361775958,0.0,5.0,21.998893429122877,7.0,22.436437605576423
23.521168214224847,47.18513788460958,3.2215775228779755,0.0,1.0,65.95472145680964,33.0,27.181653125087063
58.30678031782104,50.374372624965716,16.360322858150134,0.0,2.0,59.05636623764071,29.0,38.99848013207952
18.65215395856802,14.663793160290691,73.60279670070688,1.0,5.0,21.187841772723093,29.0,42.848302955310515
70.39896418125169,86.6753414964886,21.303130180814335,1.0,1.0,47.40970043141961,2.0,55.56072979755966
68.72675597840139,40.6484411040656,55.936864586275924,0.0,3.0,24.897403157778356,30.0,47.2791202510275
45.27640601245889,81.06156068685759,47.949525679161695,1.0,3.0,14.04647448232399,19.0,57.41365963364128
42.572510304726165,47.35489758750717,9.700569622246443,0.0,2.0,19.43012257999925,44.0,35.310568349107605
49.60970777795078,85.7673679727301,47.52370723750839,0.0,6.0,41.15889763274919,44.0,57.33885500449355
53.12784370785394,69.04157470098473,55.86323207099544,1.0,1.0,10.671776840730972,10.0,54.67843655322338
28.899836076146755,59.8870810078851,36.97431184191819,0.0,3.0,6.227159057006824,1.0,31.92446815386507
9.47129764551415,67.51049782692729,18.57167177462051,0.0,7.0,9.832334300497983,35.0,35.114763242377755
28.948289622142525,95.08206619412738,25.226092158552778,0.0,2.0,77.0624965573642,17.0,42.469057316925316
66.5004596885732,54.718509405255446,37.92234122307233,0.0,2.0,33.17424352690207,34.0,46.96936205527634
27.53425124262642,88.58016995978718,28.442298061413883,0.0,9.0,13.32158555006788,34.0,48.066829957220875
61.3495683194728,92.94643751850231,42.386599107203125,0.0,3.0,32.98798929933395,37.0,57.41941440025442
68.09400292009252,41.64538944885068,18.92782438863362,0.0,3.0,65.44515595173198,16.0,37.8626494223305
31.47824364433072,50.44977550546865,57.723733728257606,0.0,4.0,18.025261994647238,5.0,36.095590106327634
24.495415476198218,38.9754054530884,44.95540373888144,0.0,7.0,7.174725792424895,13.0,32.377280495946444
46.216987497087366,53.3981638431816,25.28836233649818,0.0,4.0,10.196801939771634,1.0,33.040396341162314
43.81741308060174,75.21748693832552,25.265675675000647,0.0,4.0,47.31492759942179,16.0,41.75815869172038
29.85959949563658,68.48353971370635,19.73407266378046,0.0,6.0,9.350358658019434,8.0,34.38627317491888
26.003366893026254,41.03919240544709,13.260235579892587,1.0,1.0,12.660536457774711,6.0,31.58256433641902
27.076839007992504,27.074519161771583,31.434253213594037,1.0,6.0,87.48946675876377,43.0,44.53281285366844
58.17245411736246,54.853610505885456,21.107801405915815,0.0,2.0,32.90770124329277,44.0,43.636230461861004
12.07607491355688,44.95824195626593,30.109328895091853,1.0,6.0,5.0,13.0,37.08877832980741
28.389972873434843,54.30813349258761,46.64430797887909,0.0,4.0,54.87386638321933,9.0,35.64253218161248
63.66438109123678,87.35111550266382,21.456024424556798,0.0,4.0,9.000263338343082,39.0,53.016750966820034
21.700934069064672,11.801701753024032,24.79743053939042,1.0,4.0,22.8187214934799,34.0,33.54151949326986
36.730769626197386,70.48389298776605,26.62639152944682,0.0,10.0,5.0,9.0,40.77061062604689
17.64658804561546,67.56684274133205,25.63489475461469,1.0,6.0,110.25397139018891,2.0,43.05208274213026
35.87958362967544,39.93556016497859,51.551018760373054,0.0,2.0,61.82617913464175,12.0,34.33384661676429
11.331865129080022,93.71915714104179,36.723009862652845,0.0,1.0,145.99536312048517,46.0,46.777264802470725
61.88911875583126,71.06073657347658,29.60276665715305,0.0,5.0,35.55203960738068,5.0,44.244057955905184
59.17088586445587,62.66706752660301,29.643204513422294,1.0,4.0,50.7667667107891,23.0,54.86179791799829
57.3936852680574,21.85889171375574,54.391052566175176,0.0,3.0,5.0,8.0,34.458021425354985
49.3311389448553,35.778529262965215,9.225231951616397,1.0,8.0,15.514599354193573,30.0,45.01608876269561
38.78872599245373,54.945536828803256,52.8134713522755,0.0,3.0,14.550264603411405,12.0,38.787265267837576
44.1499833609999,53.30021938446777,7.144761632872859,1.0,2.0,5.0,3.0,37.84983634627483
60.66224604192462,59.92391975616035,46.17740272989674,1.0,2.0,14.517393660422124,30.0,57.25570320204237
35.98153123214378,56.513565299543956,7.276343514848141,0.0,3.0,36.37904336100278,20.0,31.473290369778287
24.08060843463514,65.47101968443398,39.36547262951519,1.0,3.0,7.700261947666586,39.0,50.54000679462365
31.944327287616296,28.557756907349912,29.32912900756727,0.0,4.0,11.62774991025325,32.0,30.557235181793402
59.31791259310977,44.42236469195498,22.72470861621558,1.0,2.0,13.80782399582899,47.0,51.881167524425884
28.54032918170247,49.92785346725379,43.07209257478809,1.0,8.0,100.49731256466355,39.0,53.69974376182329
70.2031968556844,60.453665125401,35.1112760656785,0.0,5.0,53.37825123970301,25.0,49.295702399867785
39.44503958708527,86.8543145223722,19.483709088717454,1.0,4.0,5.0,34.0,55.32158034510786
65.95969315089103,29.440784911502416,25.74984083575079,0.0,4.0,85.56484813593646,14.0,36.294717978800584
36.103252984035755,24.715236592274927,57.94735231223025,0.0,2.0,54.00374898941817,36.0,36.70750116964542
44.00895158147855,70.70939256717234,43.71179586941006,0.0,4.0,18.837878154175822,43.0,49.42370277412825
32.36104831453918,82.97299281145526,23.94630450402324,0.0,5.0,10.003504705282655,32.0,43.822841276408916
63.13275146781101,53.682072472316165,24.406718066901767,0.0,3.0,14.03701944241714,38.0,44.282456653927156
33.27606526977332,28.41824180360135,24.807673597111595,0.0,2.0,23.576054764507848,13.0,24.89829924972281
52.0905914568368,40.441986915624355,20.793710438555895,1.0,6.0,38.792156458379964,43.0,51.0260631433274
50.33523176871427,61.07813253756406,56.423335515458675,0.0,5.0,73.90238574181144,12.0,46.449389227830885
55.10398543960891,55.55418834180196,20.95576617805642,0.0,6.0,5.0,33.0,42.830696680964
58.997570051107374,36.14327068449149,36.37603341897363,0.0,2.0,16.69056232719262,33.0,39.602561447571624
34.86004159597661,59.57805978432587,18.866731143758305,1.0,2.0,30.771423378983933,41.0,47.87330004140696
24.00720665680288,42.238067432163334,62.477486779197875,1.0,3.0,37.23744023690509,41.0,50.34323134948589
44.84161781906713,80.98903104356033,25.38786443649199,1.0,11.0,15.958891319560337,42.0,62.93774626267981
61.24722166345904,44.028774760763575,53.1746557229698,0.0,4.0,13.245119163499886,37.0,47.59383263391961
54.66738642730159,39.053235925368064,24.36036487343263,1.0,3.0,21.94796513216017,4.0,41.57452119883048
48.12402704172632,45.68122010471319,7.639645832524465,0.0,3.0,15.272085288769869,45.0,36.65968265889017
36.06962990208764,43.976294206963004,16.625496458684232,1.0,3.0,35.66725964054564,16.0,39.38325884514376
33.33954392159149,91.12448947971924,29.034405183834423,0.0,5.0,5.467601395541013,47.0,50.157241415005394
39.15002003012085,62.38697584823837,31.39141960688137,0.0,6.0,8.739330972351198,46.0,45.42065284374644
61.3759836725451,17.507102477455625,16.78227096703761,0.0,3.0,5.0,18.0,28.927225730907704
50.39472411411684,57.12845472267728,46.17258779279474,0.0,3.0,9.790201434848656,28.0,44.14444962978779
65.6555026728855,49.10513854982263,7.5641991427210575,1.0,7.0,43.261439637451105,5.0,46.77656226030359
45.95694287237703,69.8548367673211,21.766809971915464,0.0,4.0,5.0,8.0,37.739640237640955
26.316784915202874,49.85111634364165,24.741957863873676,0.0,2.0,30.450752144299408,38.0,33.849381930371855
67.41790328755135,33.500302639220514,17.233551962550102,0.0,3.0,18.6913421645178,43.0,40.008422050826674
69.44859229989659,46.47827929170842,31.554425203939797,1.0,2.0,55.52124667569645,43.0,56.69469453886981
78.69764181439479,41.822820504765176,44.930363571788355,0.0,4.0,62.89243462427404,17.0,46.58237031996647
42.825869695483426,32.0081261160499,53.64709288664042,0.0,11.0,100.56325767433329,19.0,42.740849350364755
40.688014767405036,42.30860985045189,34.05866376984044,0.0,4.0,20.221960571662237,41.0,39.173661453198896
23.86858246366397,26.267328598521996,7.091272468710093,0.0,4.0,99.50055446849129,41.0,27.150576681991673
27.858265836283476,35.96062035856934,35.03133875357962,0.0,5.0,5.0,33.0,33.26932263276246
55.949929671329954,35.78648048589271,29.03117951164642,0.0,3.0,5.0,22.0,35.423671774968284
22.299052233964776,42.59127366959086,30.995401120647088,0.0,4.0,11.368469506082041,26.0,30.732364423473303
35.1406233688271,28.866696863615633,40.74702445135217,0.0,4.0,63.03788148503072,15.0,31.203659244748398
18.10176354496224,33.64551365272101,48.10339284731554,0.0,5.0,5.0,33.0,32.86583120221725
40.20180007795252,44.20742524128858,50.20287751933131,0.0,8.0,13.125772863243023,10.0,38.82206395760807
40.48197000295822,75.51620345224549,31.948343575564802,0.0,5.0,88.63194600670145,5.0,41.536850999047914
38.83000391646624,71.82282967787394,6.1993379839843366,1.0,3.0,28.76480546918234,16.0,44.81170543809889
22.69951643584306,85.79298068347809,8.226300166376072,0.0,2.0,5.0,41.0,38.7433843131055
63.07016898343033,55.937175715522244,16.80036603945981,1.0,2.0,11.699759014408274,9.0,46.554237896251614
18.04644599938416,38.18073406934481,17.918699329213137,1.0,1.0,36.45486386749081,30.0,35.28629882704135
46.49643976156834,23.343464683171213,18.118593605864554,0.0,4.0,5.0,15.0,26.975361499024466
52.810695324183264,80.54012376035476,33.100579935987795,0.0,3.0,23.445131158996585,38.0,50.343390048178655
48.29229827447543,79.47513541317153,55.13423191099061,1.0,2.0,180.97324757136062,22.0,62.504836422203745
24.50952388071782,75.378265157273,78.71190974360054,0.0,4.0,14.205504518582236,3.0,44.29010596525613
64.43504290281676,61.08979351206199,18.443048898643212,0.0,4.0,9.132501878859985,18.0,41.66913558769219
48.65688965299427,48.185207934901946,49.04539367640516,0.0,1.0,5.0,22.0,39.36960313225509
53.572101109522485,81.12962217875369,75.90924355915917,0.0,7.0,5.0,47.0,63.41561286723421
18.297589078250393,91.138265082989,31.99603286656732,1.0,4.0,58.29589960281662,32.0,54.257421439012965
67.22471096670081,61.51910618035252,24.8849670620119,1.0,1.0,11.280537994765915,36.0,55.555225125727695
62.5689773817087,41.02741411618977,20.66226595099487,0.0,7.0,5.0,5.0,35.83988439800692
60.330375304166296,46.21067460619152,7.1019414634193145,0.0,5.0,29.916525971148634,48.0,41.98731462302962
68.00673594249724,82.825639646986,33.865999560982196,0.0,0.0,8.392903429133021,1.0,44.85748521148325
25.474054779991164,50.83047499807029,2.1382089202894634,0.0,2.0,5.0,48.0,30.93710756190659
33.45431485959903,50.719272873257246,28.630599698230284,0.0,3.0,17.95307896730295,28.0,34.96191178553952
25.050214022800464,82.56036916630799,71.09552102793118,0.0,2.0,5.0,6.0,43.80508333619669
26.925245047172524,36.841403025295975,47.18002857063116,0.0,2.0,5.0,23.0,31.602667732243358
38.54416115924077,54.0856072620457,18.93528741045759,1.0,2.0,21.42829297544836,23.0,43.4980654469221
41.1968498703932,43.848907402065635,42.7162230540568,0.0,3.0,5.0,47.0,41.69635059559274
52.12706040945837,18.808667341026556,53.027961630224816,0.0,4.0,26.730159888830215,1.0,31.7491274614428
39.8500077660629,51.03142560510941,27.520581965506196,0.0,6.0,42.46610581974845,15.0,36.198796852289284
54.508339736040945,15.939230985137906,41.41496241897397,0.0,3.0,9.57705397850785,9.0,29.961426243659666
61.03045148034153,57.80924991748866,43.69902388400181,1.0,3.0,48.80302499373146,14.0,54.3424572927992
27.619864714854934,63.07924043797528,67.90619389372559,0.0,5.0,8.697755280740154,48.0,49.76330350590081
57.98688658181228,63.238018365030015,36.53556748261005,0.0,4.0,69.96804165215127,45.0,51.05436723294227
39.14092082193215,72.41658393875088,30.81306532852917,0.0,4.0,5.0,26.0,42.23532258920992
37.97121906087796,43.24906566873017,13.877404380940575,0.0,3.0,75.38377867665893,17.0,30.129894298789992
68.76566905145836,59.0010324683773,45.04915555148462,1.0,3.0,12.050234030467363,20.0,57.35917783753185
31.151877770340608,60.299703379695835,21.11465275329918,1.0,4.0,35.56262104823958,38.0,48.38041159246706
17.31600221251067,63.11044480658009,47.45221482380396,0.0,1.0,9.559185042403175,37.0,38.163238420381546
31.01348257295129,64.91946555952967,60.32453602982679,0.0,6.0,12.81156169032015,42.0,49.054375472892005
67.41029396633387,26.247138206903802,32.69973542367916,0.0,4.0,17.26893539469317,7.0,34.42468383593911
25.932129306915026,52.99981621418224,22.41580653268143,0.0,3.0,20.3359718123317,28.0,32.45620045639057
67.0398612710672,41.236958783949554,36.745602689871404,0.0,4.0,5.0,31.0,43.643325551728466
49.235044280271126,62.594730945870005,33.41682249401784,1.0,2.0,5.0,36.0,53.57414163867219
13.597296286061164,33.04228928277854,81.11423288726004,1.0,4.0,62.86200670819502,3.0,42.4316497704925
35.01984341798007,67.1456122604901,11.599345604016063,1.0,6.0,27.41908045110562,34.0,49.49294798277621
35.712622835558186,22.34474696635956,13.167915722521894,1.0,4.0,5.452265899917237,5.0,30.965304246315494
40.408370114188216,31.36953777484787,69.10309253009459,1.0,2.0,12.96910784773071,30.0,49.60781096856589
41.88951093048544,40.857151478914396,26.356484651610135,0.0,1.0,5.0,8.0,28.391295866005326
25.190255618587678,47.756938198454456,32.37596840245885,1.0,2.0,6.179502530003159,7.0,37.627248852019044
54.18977200941786,71.96762698505532,21.48167594097588,0.0,7.0,17.564322764936104,14.0,43.77030472544551
28.604751257237222,47.39590842495799,45.735161350831454,1.0,5.0,29.37322216835738,17.0,45.60966163408224
50.007455521674494,54.76591922257911,42.280964389848684,0.0,3.0,36.953684512327094,15.0,40.51361025427968
30.526076566745637,44.552311473627995,8.768837232042797,1.0,2.0,33.32102030313183,7.0,33.98145152923127
48.93036651567114,56.68176934496508,30.911253464576827,0.0,7.0,6.343232532737582,9.0,39.25381597539584
47.845742628177156,83.42841261147753,66.80114697825066,1.0,5.0,15.733525127465743,5.0,60.86843870811311
83.40904265765316,24.881620050200475,68.30801923608819,0.0,7.0,36.3888595504911,34.0,53.212046715190866
39.167963696249174,72.42184774535075,19.986205375763276,0.0,3.0,20.848196773511518,31.0,40.7699912043562
52.86974991097385,68.3302477114056,57.96702935497289,0.0,6.0,35.07646786834931,48.0,56.59493463395643
43.592518283836846,40.66424549139659,40.24983647939531,0.0,3.0,40.298108503085714,37.0,39.62845374308247
57.146277110748315,66.75734916606982,63.412817291440746,1.0,2.0,13.478687674709748,23.0,60.053043780986876
36.25107511720274,65.52046705878243,39.10377807817621,0.0,3.0,10.695642548003987,36.0,42.97755401059161
60.60128235990763,42.529422945904585,69.51213796011415,1.0,7.0,21.529027858514123,31.0,61.24068447564616
71.85159753102556,60.08507133128265,6.367474956347852,1.0,2.0,20.83708195473116,20.0,50.17440384594125
10.773370404562185,62.8867831462937,54.2991031104182,0.0,3.0,84.99645526583151,20.0,37.1414547817809
58.78530640991115,53.41897756526556,9.990683125071866,0.0,2.0,87.90373217027869,46.0,42.723948928880795
25.65792914372464,22.561754094793237,28.710434492860433,1.0,3.0,10.57876358448753,7.0,31.466916313224637
22.120380794684777,27.456305885401775,49.841684681325,0.0,2.0,5.0,30.0,30.045841939619972
57.728023959494955,69.83612658305415,5.664708098535941,0.0,5.0,39.43836489768415,11.0,39.43774655329815
68.00833048768682,76.4612579330281,25.54203377146752,1.0,4.0,5.0,34.0,61.07580385947223
54.723106021723126,59.79322955823111,44.172273184331914,0.0,9.0,22.497608327289807,37.0,51.62182403173408
4.118116626205845,46.01498527266658,9.40604535534599,1.0,3.0,33.77696609303525,48.0,37.09002386764801
72.13523506740475,52.161879352731,13.511830696926525,0.0,2.0,6.976502178466603,1.0,35.457841454655245
68.27182437042568,19.648554811496734,65.8738356130847,0.0,2.0,12.15943363697489,38.0,44.648050590837045
38.44003451910075,12.781065764876805,26.110430172444705,1.0,5.0,151.54351648618683,43.0,43.349898101873734
24.052249228797493,41.31308839772803,56.10028365711247,0.0,1.0,8.055169597774224,42.0,37.13916119667603
13.114898937695552,27.101594147095813,50.93855684162691,1.0,3.0,5.0,48.0,42.34183463952323
17.774807670952427,86.24431175053834,34.43629425029027,0.0,5.0,6.631172392229618,33.0,43.23299548660868
63.119250763405496,63.81373277179584,19.636257224967853,0.0,2.0,5.967842458991193,48.0,47.11318751130707
23.688287556294082,18.494933405582284,19.12834748600395,1.0,4.0,16.480027954326083,20.0,31.53440863008974
18.069603737329107,67.84040247837606,25.731890963211825,0.0,4.0,57.63359625311438,40.0,38.77655167163095
63.88875543732714,31.983685480788154,14.403998788563232,0.0,5.0,24.37534383534745,11.0,32.96141686394842
21.592173487974726,75.22351178321114,36.23211263516918,0.0,3.0,52.26976773633277,2.0,34.91240586622362
61.37782201973268,75.7899524432326,19.40463885694013,0.0,5.0,93.13614092174132,4.0,44.20226087223084
83.02732897085518,8.981327406038623,36.30099656775811,1.0,5.0,5.0,34.0,50.77903007444175
28.50664012027017,17.42455364571894,16.137316657908848,0.0,2.0,15.710677938498549,38.0,24.27447533184902
33.931119138688274,51.957943092453874,33.42200251747302,0.0,3.0,26.003090262116466,22.0,35.260061199855805
12.866507044024909,68.19790003510627,44.737422405756156,0.0,7.0,24.104758513127393,44.0,43.5290147545299
61.263479886948346,74.14713527290576,63.226995786792095,0.0,6.0,59.90173621814315,32.0,58.36275433835147
28.05830461287242,71.29670325793789,28.70183612696656,0.0,5.0,14.55749872077801,32.0,40.87026916751145
35.28357278600499,46.932151302543176,59.608499643000016,0.0,4.0,5.0,22.0,39.82563095073705
44.2879103242232,14.0825467891325,37.746850190680156,1.0,3.0,23.15492009824763,5.0,35.64674938510658
42.14084546253146,56.11740595968393,44.94100709180188,0.0,6.0,25.92448918874974,5.0,39.11292072435588
11.96849869980903,52.94982665949428,55.15731240465058,0.0,4.0,37.73390399464053,28.0,36.51572190064876
20.076163138667784,70.69738631336828,26.06720826459225,1.0,5.0,35.82184252048999,14.0,44.87326586633727
72.353503734665,72.95828048249831,36.74137139187316,1.0,4.0,131.26947023078813,47.0,68.75994307061455
79.41581317806857,36.77436572037644,14.054486315477257,0.0,3.0,58.636749131934316,5.0,36.072843637012056
36.75998512743941,18.233302581913552,26.39868113467096,0.0,1.0,35.66999625276986,21.0,24.783124745994495
49.757957515686634,44.031459059845446,47.250540096693875,0.0,4.0,94.83364272416165,47.0,47.25246835103836
14.42328269934022,33.513590219033006,39.41398152116503,0.0,3.0,5.0,3.0,22.592014533826315
28.47308108727856,79.02507588438522,11.453130912277967,0.0,4.0,28.560799602845428,12.0,34.90304808409511
55.327071782414215,48.58821023089773,29.56297221284582,0.0,3.0,15.797702274955622,33.0,41.082368991396265
51.228000485338264,52.042082090780696,40.27581581818625,0.0,4.0,112.7304082899337,19.0,42.75229197346567
68.92054597412478,17.94676359747752,59.10231499918941,1.0,1.0,10.686027708846929,40.0,52.75101094691539
78.2795774911069,36.04764807437473,32.29622917019812,0.0,3.0,9.29991704946241,7.0,38.685383899732614
76.53825561615285,49.087944957451555,12.176508282403645,1.0,0.0,5.0,12.0,46.44185179988183
27.0268098670205,84.21769174280101,39.11390820684075,1.0,4.0,6.263946211521111,46.0,58.00918596805395
22.744853871878927,54.34818609434514,16.183233451766917,1.0,5.0,14.338172062115664,11.0,38.42167012315171
50.411258527567085,28.422587531636516,12.032386638716046,0.0,2.0,15.7882127328819,15.0,26.889036430535082
10.978685105358954,4.885914742361183,49.58508403203403,1.0,4.0,5.0,37.0,34.358166768336844
32.05016028044143,62.95877066648882,53.439513662728324,0.0,6.0,66.45704863695505,22.0,44.35260977535067
48.289175277733385,45.47697507318778,10.56623958710766,1.0,6.0,11.34070558620518,31.0,46.239932950209266
43.17835088633282,53.73301919623672,58.27192900969082,0.0,4.0,36.5419471873977,3.0,39.904733932995164
56.33149541195769,59.70466840891688,22.694642583056414,0.0,5.0,70.84234909093628,5.0,39.33981645364866
40.90743268538831,60.71776343314592,9.85183251691441,1.0,5.0,68.79097093595226,33.0,48.96081828506882
42.99145129172809,92.34220853876187,36.36235794587796,0.0,4.0,17.26842575305017,14.0,47.034588395192415
71.48975449565084,76.44363086712933,27.99068307120646,0.0,5.0,17.89035264020956,11.0,48.564290007740524
50.460420621163024,44.14145629898929,32.57274633031737,0.0,2.0,26.854332977003082,20.0,36.20210515564161
16.66305279207775,44.06068090683926,22.484376413698694,1.0,3.0,6.869395668667044,43.0,40.773529954175665
54.59375201295342,46.67397446947634,29.288830140055218,1.0,7.0,30.028024644646774,31.0,52.90025814151142
41.43044121769831,80.73116788644626,18.722051489225695,1.0,0.0,179.93116605409077,16.0,51.216769228296435
52.798393581914105,6.910731089538624,20.573917780529698,0.0,4.0,28.24403042843483,9.0,24.148611999204487
64.14696882281413,68.46865267810118,39.44970753830561,0.0,4.0,33.53544325582001,5.0,45.42288908133968
41.60516477979998,37.948376682748,35.65562513083743,1.0,4.0,5.0,18.0,43.53617705847114
37.74310605907614,50.24743543855082,60.91279103806847,1.0,6.0,16.06805364021434,20.0,52.66822132149139
60.89696561981881,32.29440984614267,53.22287441914104,0.0,3.0,12.570296159686386,28.0,42.027158006845646
25.226958125506822,33.30999714480159,7.017928473282476,0.0,4.0,21.93409561013789,19.0,23.101506424436355
22.593274623487705,35.442557070056594,31.218458324540162,0.0,6.0,31.31481160691811,13.0,28.0872791537658
48.216787082946034,45.13154995846767,40.00103703649226,1.0,3.0,5.2801891541707215,18.0,47.1928954507353
58.94335949301017,63.101669607612735,14.957988888649727,1.0,4.0,5.0,18.0,50.01952171955234
20.616270329031867,24.44621500178615,39.45462438239484,0.0,1.0,16.287687299486386,13.0,22.857299955173204
38.35302466247932,63.63519186885278,20.511532710176247,0.0,2.0,65.10184565950624,11.0,34.526397588058394
22.75790480674503,41.86834651077313,39.76478396074866,0.0,4.0,5.0,5.0,27.917852954862607
21.667334454488554,49.7213441225302,59.06837014781905,1.0,2.0,16.85481723798832,36.0,48.8312733519116
37.32790209707628,76.61549215086842,8.10909712212355,1.0,6.0,29.878266137093583,12.0,47.20523330915276
63.851016104581774,59.697794116801006,28.70709788781892,0.0,7.0,6.162010591810664,19.0,45.37686234474569
61.235519821135355,52.746466972472916,48.47653217965504,0.0,1.0,6.6782938261355795,21.0,43.366035677522454
66.61904376702552,41.16593325639325,22.631936648571923,0.0,4.0,30.885867206784926,5.0,35.79868226303811
70.24169438882235,57.86098704061664,59.018483335099894,0.0,3.0,28.584674204529854,33.0,53.27606050847032
14.378762572075503,74.94088610680974,16.553309975428046,0.0,2.0,48.97612569620329,42.0,36.70343001206432
20.47478142239198,24.774446179384295,19.21774272526316,0.0,5.0,10.701751436316185,1.0,18.91155714088969
15.149131167281944,46.93952650698841,27.573492099409858,0.0,9.0,29.004665789535284,11.0,29.90862282090693
64.44088735843401,56.0276579078418,28.013862992679755,0.0,2.0,76.99174620909682,42.0,47.34307717262018
50.11332564930853,53.4916001736003,20.048797141826054,1.0,5.0,19.634927462992216,35.0,50.92868943335226
20.531720930159636,52.26523021036651,14.255242192751357,0.0,4.0,16.223743031213974,5.0,25.083094417639423
26.241094129006814,45.62754544017157,6.394889270495406,1.0,3.0,61.171556412275976,25.0,37.67790220797254
41.677591183270174,35.996852451589334,63.30355134443738,0.0,0.0,53.11290649797634,11.0,35.43324597422854
30.266474330014386,52.24131790830414,52.55146143789765,0.0,4.0,13.564403499915226,22.0,38.65852841715747
41.29555470982085,51.631444318520614,23.19453905066928,0.0,3.0,10.830119033056794,6.0,31.337259947880362
23.13036568660386,37.94863141723115,20.184495539923557,1.0,4.0,35.27074697683237,40.0,41.01206332348011
67.00159469543611,43.425918742343406,13.898360673646792,0.0,4.0,10.757465152273516,1.0,33.47669979721971
77.20494585047769,43.14898888546442,83.91361961175238,1.0,5.0,19.58595121295643,46.0,70.1795932972618
67.29111247234137,46.41280417133197,23.110594609050654,0.0,5.0,23.67494926093817,13.0,39.5632637346139
48.44245258627773,46.015711711539986,21.907623892240437,1.0,6.0,60.68379509423618,19.0,47.16807508812058
24.661200599702415,51.44639628939939,18.75928430229062,0.0,5.0,99.27893113020114,22.0,32.68100137200426
41.51768039306862,40.75716648672226,31.662992165588427,1.0,3.0,26.805396344358336,29.0,45.47908474661924
33.62164392164549,43.016674688021475,29.868228067650342,0.0,5.0,31.721774378812576,30.0,35.350994086856396
26.891742763333625,72.9900235948196,23.20556503936298,1.0,4.0,16.602296181068013,3.0,43.23526718769892
46.83709149028504,56.09191040175949,30.684725037310894,1.0,6.0,17.885812873196734,7.0,47.685245071270586
64.80247095136032,35.77156984954006,31.663891843621787,0.0,3.0,42.23352668539249,29.0,40.36262576932397
19.629949322139936,52.415056075345404,55.21760802929667,1.0,4.0,125.86120748919511,6.0,45.48866377168123
27.6270904527414,61.83786622184151,49.292297595184756,0.0,2.0,5.0,42.0,42.40803202101601
33.62123961999195,28.65536591250964,9.539377498642232,1.0,3.0,51.49915563484846,10.0,32.590343328884146
59.92438006787991,42.68369810266422,11.913956937676575,0.0,2.0,16.561174042405046,31.0,36.15770107768611
33.94780945297322,68.9392091358647,42.218204287494714,1.0,5.0,18.595256932284993,8.0,49.53730064335412
43.28251396042724,47.67221685618201,13.836235105982281,0.0,4.0,13.699415843412424,6.0,29.696584708883684
49.12613942064403,43.10978265751003,39.7388402751861,1.0,7.0,27.24321881154684,7.0,47.67661295080668
59.75711302752622,27.435304161419538,71.3885807738741,0.0,4.0,30.8391617275867,6.0,40.60927035322966
59.81974413506362,24.100041048839703,56.8095605043897,1.0,4.0,38.273916031574664,19.0,49.73233671748527
54.32521320617462,44.120123671247626,48.31666547652003,0.0,5.0,32.99586757812499,27.0,43.8929179995554
56.304059065365706,50.12607931128068,20.56075826357936,0.0,3.0,52.13948714215626,2.0,34.17914265638726
49.562250041855485,95.10744468856666,50.3990550694597,0.0,5.0,34.138066026308096,46.0,59.84666268369031
60.05454232401766,44.89033075270956,73.59421864297234,1.0,5.0,137.68517184975664,22.0,61.62543210143807
23.54435888350385,42.68333626109332,41.93418479851851,1.0,1.0,13.51544463728065,39.0,44.005736305265266
29.115470066923134,67.95718139791781,73.51968424924111,0.0,1.0,34.96694447747589,36.0,47.83810527227464
84.15045430184696,36.53732309191789,50.708399950015014,0.0,6.0,5.0,33.0,51.28862433844422
57.62507415128874,57.500461805606626,18.347097812686965,0.0,8.0,17.155145916064818,12.0,40.62723980341586
26.413264966561815,31.483335626657844,57.34804398744815,1.0,4.0,5.0,29.0,44.75209227912787
42.951582549370976,58.14941534241341,25.720027874196372,0.0,5.0,29.752025881728606,9.0,36.22262889875328
16.7064806798954,70.87530951610714,7.441912860139542,0.0,7.0,78.14639699388675,41.0,38.15509139423961
33.05090107173364,49.504884433227105,5.944315120582914,0.0,1.0,40.389033157651426,23.0,28.09392339684313
33.68843478370026,69.46548667310064,25.601348309324013,0.0,4.0,169.79007882944657,26.0,42.38788493598729
39.73097832618781,25.90777322088736,75.02207791641567,1.0,9.0,61.08140453706042,28.0,54.46906489412647
39.30487735323243,67.34095647944702,18.95724372103582,1.0,2.0,74.83946935259318,8.0,44.94969658942889
70.58983666021405,60.181488734444514,13.004106870624765,0.0,3.0,45.32683260731457,11.0,40.49185604160255
72.93526362370912,54.22705610675085,13.665821201489683,0.0,4.0,9.137908432039367,11.0,39.664835674887044
45.08225196168997,80.87047892002755,29.887251820758355,0.0,5.0,17.88145770898851,31.0,47.61492890542749
25.456894982763203,38.29104946267365,39.94422550958178,0.0,2.0,41.26060528347605,13.0,28.792709985611754
18.237384021709058,25.439881970228704,39.82839121235402,0.0,6.0,31.930579466292343,43.0,32.481939663114424
58.32985623432093,43.65394144633953,24.2268109180943,0.0,3.0,28.005803682270308,16.0,36.23476101076272
13.396730757241631,34.04286631221118,28.823580044207148,0.0,0.0,8.757703169854482,11.0,20.091436006268392
62.41859622868069,48.75034591818777,18.00169864584466,0.0,3.0,102.68564189580873,42.0,44.196288103802225
26.098750228392394,73.7923958145238,14.394583498032556,0.0,4.0,5.0,38.0,38.535036543668895
43.7370318084984,74.01760033832447,3.3155644772303097,1.0,5.0,105.18464325681774,48.0,55.53879713062147
42.12437982170992,42.110756048738004,30.403123089830657,0.0,2.0,9.648335909118495,33.0,35.540708637093815
42.685920549238965,75.39471163450712,29.615469018987937,1.0,3.0,24.263818751969417,35.0,55.220194891440165
63.926502731961634,28.274761293301015,21.558063589826844,0.0,3.0,23.1576344543423,18.0,33.575081413367876
43.20747380040487,47.1162545964943,7.3294109074885965,0.0,5.0,5.0,31.0,33.93848094738918
24.302205865341005,45.35415758992893,42.968080595264524,0.0,4.0,61.130461080523425,31.0,36.35531620448086
15.090642006167945,52.63703852247714,23.856637183634398,0.0,5.0,5.0,48.0,35.13658090222148
64.22400301990551,41.389987270513544,19.965771005281496,0.0,8.0,5.0,11.0,38.121651773661064
35.956216028980926,27.095470562128032,16.400935843605485,0.0,2.0,7.541806829120809,38.0,28.443944953080752
55.210203693314774,37.394042792722146,46.73276782861181,1.0,2.0,29.33372216105055,7.0,45.875956297119274
6.9133026868124645,77.29119467219518,33.91907623795399,1.0,5.0,24.835335781812045,30.0,47.91497963631228
52.67898653280986,28.855519828982768,23.670550645952233,1.0,6.0,56.64750828781773,18.0,44.000686885394956
38.30786707665638,45.80253323164199,63.09218084752107,1.0,1.0,27.414064155215797,38.0,52.77765086301645
61.24490776042273,31.403244314884088,26.648038661271205,0.0,2.0,25.50476251012267,19.0,34.29340766795006
36.175221443239366,64.28810026601506,55.01042469200023,1.0,6.0,7.72884984445871,17.0,53.8141590292695
22.564947981855507,40.68315134089204,43.54818353402447,1.0,2.0,11.834888776027249,26.0,41.50835931301233
48.70543546339594,37.23979136247173,18.572383785102343,0.0,1.0,22.314023275958704,20.0,30.4803972623399
60.43632518297004,61.72850425652538,35.37508650470147,1.0,4.0,62.744728174839814,3.0,52.16278589097761
34.921891674618124,58.79355739007648,26.817440010022008,1.0,5.0,19.711820478991648,43.0,51.47825334442456
16.772009986855103,45.05664987574383,21.703253764111704,0.0,7.0,15.945012227988226,9.0,26.658382629698504
58.611106255173965,80.1519026518765,31.337909608515485,0.0,6.0,48.77792017956146,22.0,50.517225885390275
14.703081026482842,56.91152808324371,43.81678196895554,0.0,5.0,46.78851591672551,34.0,38.01944565622392
40.84803912577152,63.4749510897007,12.13322333796004,0.0,8.0,60.96583486138131,34.0,42.14337558535436
74.38571230517785,74.83731167633356,36.9059328006604,1.0,4.0,59.94164362238367,19.0,62.510775427957604
37.82566829011921,55.03479036570912,23.714490412264453,0.0,3.0,15.65303495947374,38.0,38.18774011226611
85.02136266441364,55.592929757313655,42.07474800979484,0.0,2.0,10.317918530672392,4.0,45.94154774467091
28.243490743741944,53.34479441929669,32.94712117947299,0.0,6.0,75.36886952983558,3.0,33.11887291725097
38.511775667793174,36.16218830188535,28.37142472782518,1.0,5.0,42.482118303213646,26.0,43.94241830404894
56.873188102974325,60.35917952743707,15.583109408888596,0.0,1.0,5.0,2.0,33.6080471227139
48.95245027255359,48.53187698456701,42.14050120416247,1.0,1.0,15.169230854724756,48.0,53.7692333388738
12.146108616655068,31.501250290114246,46.888794189525015,0.0,1.0,30.266082649018518,19.0,25.519920217577706
69.37650048633802,35.87528793885115,62.83330241043969,0.0,3.0,86.2051807289622,22.0,47.18704453629781
32.04578665038313,19.897008565607216,44.367855405951204,0.0,7.0,9.349754629099753,6.0,27.96293164443649
48.10292223517954,70.84720766488229,42.80557081019611,0.0,2.0,8.793951695578997,41.0,48.34952567096626
26.283365046204704,57.24148822104077,21.672906656212028,1.0,2.0,42.813548885187075,32.0,44.07206562575752
23.064153909684304,69.41882932438068,17.79521181770878,0.0,5.0,35.2856514706106,38.0,38.63550120147021
41.79163952287051,52.524673087439076,23.97588425926733,0.0,5.0,30.69640513188543,5.0,33.363183107068565
63.418098531195874,64.75549474213939,35.39031139539474,1.0,10.0,19.08474374184944,18.0,59.919822138916416
40.19337494069631,37.29587219294345,3.7657039693651466,0.0,5.0,73.93433167429892,38.0,32.85413921076895
31.5557736743709,47.19483670847855,18.152822858310575,1.0,3.0,16.9933429957554,35.0,42.94975069395625
40.93716326553449,10.184366525396475,31.83505991068992,1.0,4.0,25.5049329599021,39.0,40.44915975573544
33.070392470604126,26.833900920636804,22.750812709723977,0.0,4.0,5.0,44.0,31.459569223088366
13.379357655495323,77.10592640620749,40.90150623855564,0.0,4.0,5.0,39.0,41.6932889298035
34.36571603438676,48.455074360267766,21.31747851527694,0.0,5.0,121.11537565718231,20.0,34.891000814862664
21.47204781891617,56.906937744666855,24.34288000160954,0.0,4.0,5.0,16.0,30.563322391217667
47.62443019272396,19.820947328732498,12.609477025858332,0.0,7.0,36.573459896609435,14.0,27.698042316801306
80.80729304203199,56.803932611724974,64.32211172639545,0.0,2.0,5.0,39.0,56.82556209205166
61.63973764330718,25.18433907814285,48.007522656197374,0.0,6.0,110.9810080347299,39.0,45.65214387229658
30.77038480221674,42.70630024029066,54.12360205387845,0.0,8.0,23.382043993021366,24.0,39.9948658845963
39.06378550255417,33.58224233811277,58.01077648494479,0.0,4.0,49.83277029990291,8.0,35.09365099648708
39.04473156468114,36.712187739830696,20.821526015922952,0.0,2.0,9.773048513591112,43.0,33.590662666251035
60.77768418512658,59.33210634871923,4.682379368542799,0.0,3.0,57.760210574747944,42.0,42.86912771866497
25.823543733523955,48.82710569652347,20.31357622543514,0.0,7.0,22.61701893506962,22.0,32.427717981300276
16.581913634919328,64.68472892450836,17.621113919227717,0.0,2.0,69.45135472849367,35.0,33.85491051827234
28.639325051170754,72.77511862214165,38.17472852798794,0.0,1.0,5.0,6.0,35.005223290592355
54.24892877369499,27.44497112619671,19.897860603845736,0.0,5.0,25.5435058362152,2.0,28.66391721246638
57.44948160087313,38.739964166921936,43.60644900124173,1.0,6.0,13.01809895807222,1.0,47.23734655469189
9.85352410863368,49.2619163551252,40.5066672210169,1.0,5.0,5.0,15.0,39.438526893476435
68.52612311306481,21.696794995656894,52.32219267898801,1.0,3.0,12.693086808942285,29.0,51.31569646582354
35.35462193525599,55.466586693447894,28.386562953162542,0.0,2.0,7.987660934596651,8.0,31.542367966500414
32.262788700630445,36.44795596197563,44.93828599274921,1.0,2.0,17.716786792498333,44.0,47.01967910005133
60.891017416969426,46.465458031193364,22.717368129282804,0.0,2.0,39.63715481959755,34.0,40.59200225095588
79.75182499531111,68.03677102064432,20.879927806675266,1.0,3.0,5.0,12.0,55.72313456532391
20.573571999182818,38.65682955306284,59.54218107962929,1.0,5.0,108.39723256073295,26.0,47.63398125520194
64.89091980737733,33.25699751081647,47.132790376743976,1.0,5.0,28.998831650383806,48.0,57.876847371238256
44.06424230566194,70.31502442164211,12.76260361420267,0.0,1.0,149.75273218380818,18.0,38.55905871500938
40.64463124286325,50.447789415187636,70.10815214998891,1.0,6.0,122.22123414846556,8.0,54.90582694414648
29.391673231316105,30.39958867965843,33.49588776778183,0.0,2.0,29.013755320595408,39.0,31.68560147104524
41.46227941354628,63.556267303860324,48.79369343108916,1.0,5.0,5.0,43.0,58.40504203223615
10.786280880215013,53.49374609433758,21.869884793444985,1.0,5.0,52.23536930882287,38.0,42.7386910885036
50.51346742071977,53.10852229679476,41.41194010614037,1.0,5.0,100.47627067494183,40.0,57.864077530772214
70.18023451425309,13.699100281630658,63.50596760312618,0.0,4.0,76.99022237582096,9.0,39.75249833377926
62.02378540858172,56.1485363058835,7.709260531475523,0.0,3.0,44.248095905459905,39.0,42.09489445302061
40.49234606652677,55.373821302301806,62.482631492991345,1.0,6.0,5.0,42.0,59.31306814080541
65.71727420292689,41.401051199139836,64.70683437335873,0.0,4.0,13.46463368688756,32.0,49.3235742322595
43.919164300062825,75.01959809604834,50.56675537644993,0.0,3.0,27.50627867658605,10.0,44.48150058118284
21.6711296485612,17.089034456030976,38.28730876625759,0.0,2.0,119.39829781133152,36.0,28.568802068959524
48.39015545969811,60.483622081441155,37.30752588022239,0.0,6.0,14.711358100212522,24.0,43.97417672333354
71.4930033936356,28.43264087096981,55.40972499399071,1.0,9.0,105.59176997956048,46.0,63.75852479787404
21.931395580507164,27.9595089447155,34.22278926847096,0.0,3.0,22.937575629201,8.0,23.442702164250548
38.0052997701962,77.23883127987826,15.964925422117163,0.0,9.0,5.0,25.0,43.312351180275385
51.67679239830849,52.09122883832492,72.45210516691355,1.0,3.0,5.0,26.0,57.94909300920773
27.696580273309312,24.53658372738815,33.42772691386685,0.0,5.0,7.6634651838399215,12.0,25.730439019957863
48.93508710147408,71.37220875657877,9.502956981289925,0.0,8.0,70.74232475123587,26.0,44.142261855795915
51.65303551259276,81.68731998461337,21.799921510506998,1.0,0.0,19.617479166400393,35.0,55.379089426397606
15.52098377314876,74.68935091803608,19.575535533570818,0.0,5.0,59.75870083129549,46.0,40.57953146280295
14.834444933774584,25.667939891301515,24.745727649737013,0.0,2.0,21.031099457151115,44.0,25.995363725359447
31.567663160357085,63.16666066914929,14.35892819402926,1.0,5.0,29.302105610631056,24.0,45.474742041728405
18.666008548718846,63.65428619961436,6.4913380030074315,1.0,3.0,34.97049022304383,16.0,37.911084425479004
22.981633091674063,26.716498062393836,36.25536430612573,1.0,4.0,25.443757148341042,41.0,41.392814126042275
38.69308959279851,37.24176169190868,25.434375615086008,0.0,3.0,26.6944070933377,44.0,35.771142752727414
39.064032761183185,61.563253321729846,50.45267309292897,0.0,6.0,24.7336029444234,38.0,47.65869486486918
24.5228837524695,44.10952634502351,64.21288090634707,0.0,8.0,18.634879976288985,6.0,36.95670963850178
56.95176915356443,66.30491219257044,31.326351021028074,1.0,2.0,79.25737626926005,40.0,58.33125473279121
51.30755204768555,88.24557807538139,40.11996219307638,0.0,5.0,9.55721665418089,39.0,54.56175263579897
50.53446493083044,80.24616854216126,14.605013707544082,0.0,5.0,125.96902703740535,18.0,45.218874983838184
36.97102491523991,48.561135678984236,35.336134985626835,1.0,7.0,52.40920467743292,36.0,51.66511790589672
9.70717459720361,69.80973560598639,2.1003132331221814,0.0,4.0,28.2314366849122,13.0,26.23891893112018
24.663638330691104,49.938739426340526,26.621688596339197,1.0,6.0,9.771561458846534,34.0,45.253696721036015
68.28830970793402,26.871236585447296,28.10640857750005,0.0,5.0,8.513717921428169,39.0,41.03977598060724
61.91146345050063,19.008249925660575,40.782252523755744,0.0,6.0,44.464541368586254,22.0,37.85900300949651
43.309027598244285,56.975174631605974,23.31811554551166,1.0,6.0,5.0,7.0,45.29300699989823
18.12500513784973,64.0953304096936,26.86940995651743,0.0,4.0,20.090312062623415,46.0,38.58077211944179
31.419497465744257,80.25490509073549,49.159543271229396,0.0,4.0,10.509807243274322,18.0,44.377372104897965
7.035731323063314,63.56397817101368,46.47627443833382,1.0,5.0,5.0,21.0,44.75351559451935
68.27165490691313,23.275826095797864,13.592252557241041,0.0,5.0,119.90984557420501,27.0,36.96185100694339
33.304493828205075,29.54732220719474,35.15251799100429,1.0,3.0,14.168658377459229,8.0,36.693497441266665
41.77763876188989,35.107594178384225,50.22353751951012,1.0,6.0,11.010211462084545,32.0,50.152886634878904
72.85232772544869,29.433761042666536,8.181412417065175,0.0,4.0,5.0,5.0,31.016138008775176
48.76215296405299,69.38766799563153,22.253037159043735,0.0,3.0,72.32458281618892,14.0,40.35122099472032
63.3136151035552,61.8504499047304,14.912239062278369,0.0,4.0,5.0,2.0,37.456797397860406
13.092640250390472,62.42137189242559,38.458728097421414,0.0,3.0,5.0,39.0,36.7952486551883
47.98083964922319,41.9543214647613,53.94071752519673,0.0,4.0,12.27789408285127,24.0,41.184158331859166
43.280494711678394,21.228622484916944,60.24047776999745,0.0,4.0,19.605044790773785,13.0,33.9424757489638
30.70228142396457,22.53477907403117,21.587975620458984,1.0,3.0,32.07664291614981,22.0,34.85172644024706
51.5871023119038,53.014170493436765,19.404633344184276,1.0,6.0,29.53498213179136,11.0,46.913611179474486
28.07445349933011,72.22294975370953,13.71307543542765,0.0,2.0,14.541598230116973,41.0,37.98279786494778
61.19090474633915,87.14368893926503,10.156884778947592,0.0,5.0,39.67319706387449,19.0,47.20015598513472
62.55055950032025,29.61404556812091,20.69252497683702,1.0,3.0,19.14065814923892,44.0,48.72913609212914
15.894397182805337,8.020140043436731,42.917247660564875,0.0,1.0,31.00899471929613,30.0,22.09893039972608
44.768653834269315,44.84234388580893,51.354883884644956,0.0,5.0,69.1609530985442,4.0,38.223611935586106
62.89645764365157,33.66833021038376,69.97627658887782,0.0,3.0,92.50541851962878,28.0,47.81989398501031
25.968708488395524,85.54822395681177,46.51578286107059,0.0,2.0,64.50115307429937,11.0,42.09741274500193
31.864176576933662,16.53934839954832,28.37176233809837,0.0,1.0,36.186925406886466,42.0,27.915638886544567
69.09327037663628,73.69221571547719,28.564848500533575,0.0,4.0,5.0,4.0,45.00934122313509
32.042789096463196,23.943501856503293,48.65544787466242,1.0,1.0,12.051484930179624,16.0,37.9686920117777
58.72011751125953,72.4341473661167,46.15612277335197,0.0,4.0,5.0,26.0,50.20312410734778
35.3609109701969,67.71277752004563,24.15038880474173,1.0,6.0,45.47201687455169,28.0,51.34127355433335
30.98781797943425,25.609109723775227,30.962669981105034,0.0,3.0,7.35356877219105,31.0,28.947170630800535
25.508454291395253,49.56414097112868,21.320644037908355,0.0,5.0,10.968283044168656,7.0,28.04330995076269
63.345384025547816,32.856539603136575,40.10074509140208,0.0,4.0,16.171193810167335,16.0,38.39405380165486
22.664973862677645,60.91165178240941,49.894600574840396,0.0,3.0,16.882048538564128,46.0,42.79405083034446
46.82631347914357,53.626765168617005,48.01173726834392,1.0,7.0,6.949388601893376,48.0,59.52127155431346
14.61489344835319,80.22856028193189,26.874187684942097,1.0,3.0,42.81082917987309,27.0,47.566917553157154
25.314234238781008,58.47937152398547,30.72860100879596,0.0,1.0,15.444696671379209,38.0,35.98634890921173
33.03235519100186,82.55698396717335,7.0193041989115965,0.0,3.0,29.430182711182105,48.0,42.88979928354976
54.2901123081357,74.61391987110638,24.740328028007443,1.0,2.0,5.0,13.0,51.315740317078685
37.40880221120648,84.36862754460513,2.4762476430229534,0.0,0.0,5.0,22.0,35.62294030089083
37.58148331277267,42.69320426054245,7.976041553444013,0.0,6.0,32.6105287727196,37.0,34.02442411280531
67.51999084233663,44.066943953244646,75.21938813588575,0.0,4.0,46.84231933059952,23.0,51.33579104601779
43.650774256150235,37.120096535206706,24.05571437196252,1.0,3.0,36.559569506445186,19.0,41.693385295693986
27.78158209802871,39.73836938522158,53.96712150176359,0.0,2.0,5.0,6.0,30.356745504498626
37.637296838974365,61.7931117886669,9.950578649835547,1.0,4.0,14.51108015983293,12.0,42.304606156740746
37.58627366732176,21.01162676989967,38.136323044753134,1.0,5.0,84.4961743535697,11.0,39.59166320532738
59.299988398167926,44.58973191045019,20.75661185944862,1.0,3.0,41.191023705588826,46.0,52.53090625648936
72.49533663747054,32.32536932490119,9.023191377926539,1.0,5.0,53.56881506746213,12.0,44.91452440086081
54.3201150325981,50.66362697687792,39.26428504317667,1.0,5.0,5.0,8.0,49.19879251100434
51.943074117778046,28.823621439152763,21.089294795605703,1.0,8.0,19.369786341054134,11.0,42.42192857517493
42.07643727255803,34.93722847109784,13.489652196127386,0.0,5.0,91.80913061982166,10.0,29.204196154202545
24.963266576999107,64.00032667235128,8.779319140111294,0.0,4.0,7.158864810679253,29.0,32.84827276990678
41.0486039771812,53.77608812391767,63.6942706293452,0.0,2.0,62.801806882981765,15.0,42.159396622136725
43.80932738408663,24.94781537955789,21.257125432937627,0.0,4.0,5.0,45.0,33.58237744416533
42.96090462257239,26.800149024916387,26.68019119124962,0.0,3.0,10.31027994485929,34.0,32.065840582352635
78.33380623235321,82.02339840444247,35.55908342281421,0.0,2.0,8.783915913065893,1.0,48.918462828689755
43.98716949486288,52.035247884059956,35.7986305037871,0.0,3.0,5.0,39.0,41.39033044548813
64.8736248320981,83.49584890680242,25.46950822241239,0.0,3.0,41.0880714396043,6.0,46.258031507999696
58.58397333315123,51.57899807935201,4.92507332697599,1.0,2.0,60.449535975900204,45.0,50.443081571372346
52.59701451381433,35.62538751677668,45.72200409577765,1.0,4.0,13.7787941898871,29.0,50.18391054393435
71.50879385466476,35.89743561059527,30.7348836166632,0.0,0.0,32.115668191233354,27.0,39.26584745347232
56.86899340302486,48.94014478646626,17.27857494195433,0.0,2.0,8.361696936323291,34.0,38.491900141156776
18.448002341087815,65.95259814375353,3.297129745681673,0.0,2.0,6.7453657816817225,46.0,32.81115005264697
52.8349658536936,69.10933044861665,30.05734763812469,0.0,4.0,18.367004397661887,48.0,49.531550357822404
66.15413121640793,55.484952788371444,26.87684721648731,0.0,10.0,6.378390347218635,13.0,45.287708251436676
53.433808415264686,79.69822634800857,17.73382008089198,1.0,2.0,55.89550278028307,39.0,57.406016095935705
22.077212087152322,44.2175345093282,28.6126663153382,0.0,4.0,10.006825493137358,18.0,28.913023088717186
43.50366723249941,69.48621906753284,9.731131418473172,1.0,5.0,5.0,14.0,46.5436978587027
62.43286915927489,17.638819825497805,23.046545920267175,1.0,2.0,70.84876542558891,21.0,41.752540072091726
51.48827335422925,61.56099373905049,37.346890297783744,1.0,5.0,83.91950892462229,32.0,57.41008501136913
50.50816423989999,47.39434384078562,44.67715479772368,0.0,4.0,34.76287328484498,31.0,43.23131544541304
30.775379924606533,50.22074878414647,20.95973472196146,0.0,6.0,5.0,36.0,36.04097912158055
42.70816473069565,44.049999396824155,55.861815603500965,0.0,3.0,43.96138602231291,46.0,45.32446520635974
59.090532695783395,69.67695808446037,32.16573505755453,1.0,7.0,6.167899321133262,29.0,59.45671102632784
51.99032294650549,72.04972879166549,24.104520426079958,1.0,4.0,9.547151908720155,24.0,53.688526724599804
22.417361326670015,47.837861368106296,32.763804828864174,1.0,7.0,9.875935748980115,29.0,45.02241868777984
47.77250011024908,42.45897537583778,8.995528669549046,0.0,3.0,51.93641029013219,10.0,29.479036144567498
25.60536980402982,24.803593130749473,33.314798265008854,1.0,3.0,5.0,36.0,38.8652003866966
75.22316165040485,27.32490921445721,1.2508332067434507,1.0,3.0,36.782765101797125,3.0,39.24783965960015
37.92082035819923,86.70755585601167,47.10600880830037,1.0,2.0,7.3945682783604925,24.0,57.059520514113345
48.81387179467161,56.90643517595348,51.644414196180385,0.0,2.0,28.905020386810435,37.0,46.378726656295235
30.125716948100678,73.75684310080219,14.647797414369704,0.0,2.0,12.385257229242779,22.0,35.064571306351176
39.548323971637444,50.84994212095155,75.74388096111628,0.0,2.0,7.943587946702881,14.0,42.15721447430456
57.09656697236901,82.56448524081843,30.04472337140388,0.0,3.0,43.3780189924436,2.0,44.20843477409318
38.482436694872774,79.664447825866,13.678752548523946,0.0,3.0,64.15869782592142,22.0,40.13897892974124
16.052238466206614,54.57669930872663,19.244105916897443,0.0,8.0,79.750610425788,24.0,33.4344011689619
26.82380060249883,30.381657336786205,12.891637139036135,0.0,5.0,17.632125245215164,18.0,24.315667750866123
30.34477939200985,41.8490354996051,13.042593661980884,0.0,5.0,16.637846565686257,18.0,28.07306271994697
45.29059799235584,40.46237892289502,14.878785342259492,1.0,3.0,47.620443724171444,36.0,44.86641017174804
83.87579596488932,36.73777385980049,50.35674788828953,0.0,3.0,89.09961053942928,30.0,50.25673424461895
36.00383327760654,49.63400515510628,74.90464409774383,0.0,5.0,59.90762356859263,37.0,48.630207565765495
31.896387980654566,29.38134445485637,39.929720295623774,1.0,5.0,21.24845125637252,2.0,37.48034619312995
44.38581820767399,37.74486792891982,27.96345088108636,1.0,7.0,27.213722258937754,19.0,45.29463615554448
33.44769372707596,84.2794345196442,7.201755978428927,0.0,2.0,5.0,36.0,39.80546659069916
29.731776592258235,26.83985226865657,23.340673021392472,1.0,7.0,13.431919526166268,38.0,41.66301354336385
39.71651117617801,34.55182537949922,22.33773004686625,0.0,4.0,5.0,13.0,28.50963014829256
37.64232051884352,20.727728597743386,5.661553834262177,1.0,3.0,13.295344570303063,15.0,31.115729937405224
21.53395852778623,78.98923803904434,53.94130471584431,1.0,3.0,22.73619882116935,26.0,53.79045072796656
79.83819058006992,49.56313940779139,23.463427759890873,1.0,4.0,25.686700809818916,24.0,55.22341873180655
60.85041076724591,40.80819392184758,52.78660477544109,0.0,4.0,18.29531709411245,33.0,45.87954513591051
79.6781562269916,73.99419631597883,28.724690407755144,1.0,5.0,5.0,3.0,58.22135955062697
45.25494927999284,55.03852085089851,30.051205110518257,0.0,4.0,26.70477315287907,43.0,43.24270401788407
30.540804411542023,43.97365011134298,33.73315805792424,0.0,4.0,15.878069897800378,40.0,36.69280664026211
59.557870021751505,72.5496925628221,58.09723167006745,0.0,5.0,22.139745715535792,37.0,56.13079856113428
22.013681812347162,62.00240028000577,66.15958868421171,0.0,1.0,5.0,9.0,36.87760492659724
28.401511637669408,49.36983105910008,53.73310548779118,1.0,3.0,28.513479647148728,15.0,45.88472636469359
47.375117562121325,79.08820937119523,25.61094229418679,1.0,4.0,59.70964823184423,25.0,55.80721315680338
29.688249350708197,34.18007889599283,38.32603204693917,0.0,4.0,5.0,42.0,35.14895513772976
28.453120659616282,36.870445191886574,25.405707443664394,0.0,4.0,11.474113349493997,39.0,32.43318188526514
17.835826451634652,24.737616121731378,4.776176884558331,1.0,9.0,13.610179631329032,40.0,36.20413294621309
34.756624737909256,35.17464013687165,44.79124796458224,0.0,4.0,5.0,31.0,35.66606581161168
44.02214628450108,78.74800271134981,52.534492115426715,0.0,4.0,20.52771350521963,17.0,47.81832327548579
22.007660174616824,54.997489272153096,55.03540696175093,1.0,4.0,5.0,26.0,48.441702087375994
48.22436714215081,87.06685202819568,17.620746486881448,0.0,6.0,5.949885334549351,45.0,50.840951796653904
32.07195984254275,16.81193618899076,11.76720868600207,0.0,5.0,32.21117160225782,38.0,26.46863917712895
34.171499734827,62.82029168751186,52.80212618136617,0.0,2.0,18.564823762322398,48.0,46.51300290043773
62.339158189387845,37.95914787194167,19.53197182737487,0.0,5.0,54.96979801734276,31.0,39.87203350782087
46.00084228818957,35.67432445225215,49.29835586726127,1.0,5.0,5.0,47.0,53.503462858562685
59.422569690386325,66.78973653465971,24.20239781339553,0.0,3.0,73.91065055252024,45.0,49.24676912999102
42.75322551358577,76.4096898934746,45.73033589918036,0.0,6.0,29.09758472284948,15.0,46.64374772605816
37.20279682025205,13.954187279490352,27.104114433213645,0.0,6.0,40.10912008477676,7.0,24.470584646607197
33.40068260230892,83.35512073235019,20.68862943931929,0.0,2.0,14.710158036503094,45.0,44.329213215592034
44.18507708297791,67.04880245459731,55.20577252667046,0.0,2.0,5.0,20.0,44.449624389727894
44.929258322244976,55.99355911681955,33.24775159850863,0.0,5.0,10.890101780916343,10.0,37.51472338175285
36.66696491662466,64.3743511681202,23.237885838107708,0.0,2.0,12.758487769543926,5.0,32.53807594419863
60.20862818708529,70.99861663257947,15.964117168769901,0.0,4.0,17.306439267144118,46.0,48.590763424013055
36.986202710318636,21.023399623663206,37.193093800446775,1.0,3.0,44.55293269432067,16.0,38.16541133080456
21.914397583171326,31.30497945652949,12.252729184085402,0.0,5.0,52.240100841703324,45.0,29.508525446909683
40.524114456288416,49.676041386014106,68.89381224139814,1.0,3.0,83.93410884943442,9.0,51.88248358584394
45.538272760626505,47.264266493855544,59.40450513293546,1.0,4.0,5.0,48.0,57.84820250687427
72.70707210754487,65.31197055302489,29.75456118433513,1.0,1.0,32.02236953322934,31.0,58.22112029267405
70.77550349660926,5.343853805907652,22.505586334136773,1.0,6.0,5.0,47.0,47.42262325912325
41.76406519498094,54.27423038781185,35.89511769401981,1.0,3.0,57.645095059896,43.0,53.299832669033414
46.891128201759834,74.71260966282547,13.642300723816744,0.0,4.0,14.967241650969319,3.0,36.72040611059572
26.127909302673498,64.41968863017658,32.766184621745516,0.0,7.0,5.0,43.0,42.915136407561626
65.78444445167347,29.10154478431575,33.726428437355224,1.0,3.0,18.544667151951337,45.0,52.21267633950738
63.92510427730761,45.9020215608044,17.928124603952043,0.0,3.0,30.466616192149523,1.0,33.86007203749474
35.205047798962326,33.54969060122765,46.5904465569787,0.0,3.0,70.13998417231167,26.0,35.32624026155613
18.56004891989121,49.95436788916417,48.537682795419734,0.0,3.0,39.93064249723829,27.0,35.25975361129256
47.537129099677145,19.738980306612653,21.823635097550483,1.0,6.0,42.5227147852341,29.0,42.075875333453894
17.72189939804165,77.8255881605,5.624719405054841,1.0,3.0,36.138988709274464,46.0,47.317928878165205
53.399998356269094,43.15162568875772,38.75385840454634,1.0,5.0,12.507536207767725,32.0,52.138828416321324
43.20856794241393,61.37316387803432,42.485519847742275,0.0,5.0,5.0,28.0,43.90920359132719
32.269937843413246,54.217254077825494,31.708198001648558,0.0,5.0,33.102838373023054,30.0,38.20882768143319
25.730060468685163,15.864986756172893,30.826646237885146,1.0,2.0,18.825525000900434,26.0,33.69060155380955
51.356988881340435,54.805683934941776,63.597142601284226,1.0,5.0,8.319933760703464,22.0,57.34316206620814
57.01189570019773,39.50000394582643,42.56372942879689,1.0,5.0,114.76005690084143,24.0,53.26925526861558
63.62220102270316,33.49783123631443,27.18776399908093,0.0,4.0,17.385215231772843,45.0,42.10693183587271
42.053406535659434,58.646102634506455,56.795157978948005,0.0,3.0,10.287398915884358,26.0,44.15632353331543
59.056850198183874,34.27631661670056,17.06816900508769,1.0,6.0,5.0,7.0,42.305258838071985
41.44313753142947,69.24118630596448,13.28222883836578,0.0,5.0,52.055526113274475,45.0,44.07697058262047
46.50360089254947,33.036079846510646,16.35966839220163,1.0,6.0,6.867445225248792,1.0,37.50253610104367
69.59450279642616,17.42146146521441,39.40801534222346,0.0,3.0,18.079305728241543,40.0,40.330513581752996
31.041958635736687,25.998008450038608,33.100721322576376,0.0,2.0,32.14587610408832,23.0,27.648053558040864
51.801105904088,80.15790486544809,10.14759077101348,0.0,4.0,5.0,2.0,38.20260417992005
60.63831039613534,77.14287503564715,62.22591030156445,1.0,5.0,20.320146395731612,42.0,69.38021467950648
66.22072925483607,46.2868784493233,17.421395570024735,0.0,2.0,5.0,11.0,35.33618104004479
47.21776165951005,76.95311703822168,13.013581064442349,0.0,1.0,18.510747344099578,7.0,36.14065083420339
41.271441129001666,55.48188102412661,71.3351185754398,0.0,4.0,5.446888280800129,14.0,44.14762535231936
24.289944535233438,34.51680672143791,7.265995731563278,0.0,6.0,5.0,13.0,22.963220293813826
24.90456775606716,43.20037438631461,19.737355364084248,0.0,3.0,7.879483436787897,1.0,23.339629610481378
34.495460494894346,80.10530474948064,35.804058799323926,0.0,6.0,35.99933645568278,41.0,49.072656466738856
45.921840254899536,18.331676884740062,11.476157847684403,0.0,6.0,58.74826583364664,27.0,29.158576171119712
58.62627924212826,70.73416233868419,15.780147070756549,1.0,1.0,30.357040703716468,3.0,47.394947290095416
38.32543969911954,28.63777135201818,10.492429551150693,1.0,2.0,5.0,37.0,37.98095533968124
46.46596318742973,56.44632406764759,70.4540730043769,0.0,3.0,5.0,27.0,47.54388641464471
49.94899686066777,39.44892813149035,51.87213592492468,1.0,0.0,121.0097670348232,40.0,53.47743710705427
64.41004554432908,83.21246151555994,11.422444260856402,0.0,4.0,85.85083427528414,14.0,46.490465635982545
42.103029095208214,72.40050152744604,2.6637026888896265,0.0,1.0,55.09320438261412,29.0,36.9688206144271
28.33824455059551,38.744633340832635,24.85320130047591,0.0,2.0,26.43414809316699,20.0,27.770042694815558
26.10495526615958,53.31220834852765,20.717182267256632,1.0,5.0,14.709923491158102,37.0,45.33359249361297
43.45553453941732,90.29624893476247,33.9989067292796,0.0,2.0,64.37050563069708,41.0,51.40013732701481
42.300505078506646,57.70955753234447,18.058210270690655,1.0,5.0,51.50409736114325,18.0,46.727572987407115
36.08898474265127,77.59963447595224,19.637538351266294,1.0,3.0,18.742882478461144,22.0,49.307853457806694
30.580684097634258,23.694923523797126,17.792286036595602,0.0,1.0,18.227107847075672,30.0,24.40856793628515
37.63859562406819,23.564755800886427,31.806080435655982,1.0,5.0,22.09058550571957,12.0,37.93719898681758
53.59647621615813,52.70803109352641,12.576162642408741,1.0,4.0,5.0,34.0,48.94135935590288
51.450673048275256,77.26447033111423,49.646581992198485,0.0,1.0,44.687816366777334,26.0,49.08519190395594
49.50683082527285,38.54406242296511,63.3568598889449,0.0,3.0,9.787813541304342,36.0,44.37985156067456
57.27508782958809,66.5241718411566,69.61984143278504,1.0,3.0,147.8802593949271,36.0,67.33138839214172
49.75133104665218,84.46614706205136,48.65162063503456,1.0,1.0,14.709628759233677,48.0,64.24555289603414
23.636148768197966,50.92260592650665,38.37659931310897,1.0,2.0,13.618585715914545,18.0,41.67071358394958
19.091890602408046,46.87908329995773,40.4915869520974,0.0,5.0,40.5693642826635,25.0,33.94411481833086
68.73311864873011,44.82534281565208,62.77413131504386,0.0,4.0,47.72924598395505,5.0,45.60735988211675
60.189250895933135,31.377881595226686,39.85829521625463,0.0,4.0,35.542762787849746,27.0,39.865964088464544
46.75990281962388,20.101589629722746,29.069994351602634,0.0,3.0,24.68125990444054,37.0,32.73133051407933
29.600461676182977,29.593732361642548,51.49643617431977,1.0,5.0,13.938518375948686,12.0,41.209939445172644
66.03344195064449,45.89747252223343,22.96888262694582,0.0,0.0,8.24807933546455,39.0,40.86646673031793
17.191372107338506,42.649391418800384,33.139165285405305,0.0,0.0,32.161787353431976,22.0,26.814593019017757
52.25126694969332,53.262606027206616,1.4106206356979907,1.0,4.0,8.682990041664874,11.0,41.792585505531214
21.768406763131974,50.9881552005115,7.187176296026745,0.0,6.0,17.195253737007985,10.0,26.05381415818971
71.287501111653,60.8426655258585,18.129078536188807,1.0,2.0,29.138096483082585,36.0,56.074452629610626
57.200720071286725,43.05718884781804,14.733452065849084,0.0,3.0,31.31413918619131,38.0,38.5541170933365
51.04177387452658,56.78225772492226,9.013673554690204,0.0,6.0,93.74680325319535,18.0,38.383678675864154
38.886155257371726,83.93887280800485,3.136186085480773,0.0,4.0,6.052259284323176,43.0,43.07953941912676
27.059660521661478,75.58236279659393,16.63290289289087,0.0,1.0,22.609556452903323,44.0,39.27261087053343
53.856075012044116,47.09764170363761,11.335520616820622,0.0,2.0,69.80049118035119,11.0,32.52654312589158
9.592708658299005,55.39352392155599,14.590411253453903,0.0,2.0,11.50041617553757,16.0,24.061315385831946
54.802080016366475,50.13429566079123,38.76017137950996,1.0,7.0,25.90158450868239,25.0,54.37915988536507
39.516925469974026,98.14355196436786,76.90883377925249,0.0,2.0,32.94165888727639,3.0,52.414052625514834
87.62252731963667,76.71914412500844,44.12752282398053,0.0,5.0,40.24020552040374,2.0,54.46572653636546
58.02496714083946,60.49378166878574,30.758038332946576,0.0,4.0,35.548696880932404,27.0,44.78393547328093
42.430189515175805,80.36069671268199,57.58188808317486,0.0,1.0,25.727935293133363,46.0,52.97865787946209
51.35730512090086,57.14831124470512,47.9573811275164,1.0,1.0,9.09631614328215,11.0,49.85813997310375
31.565535918601867,39.54867939965896,58.28232530170337,1.0,4.0,54.56861966783047,6.0,44.44305794992915
51.087863980959334,76.45077004541156,20.48871207426362,0.0,4.0,92.96525886230141,28.0,46.341706098691475
44.71627581084024,85.9209386989537,53.078119968209556,1.0,1.0,39.526460857035936,3.0,55.35712350489778
40.2566797860888,34.53626835161292,35.61230357905963,0.0,3.0,14.28026735393364,44.0,37.272969763982694
37.00035292355751,55.05977802972457,24.326360111598927,0.0,1.0,200.06369411566837,15.0,35.67324530962034
72.8751392437012,76.26050113183688,36.83980000383216,1.0,5.0,9.011155966167445,6.0,59.41542654730763
56.22702278949312,65.15592297373182,18.91839186484051,0.0,6.0,266.62740639626634,15.0,46.58696294169967
39.62727886268813,73.3251554625529,9.90279079295195,0.0,5.0,25.003795343641208,36.0,41.55207598010681
58.074996476025184,22.75535875008981,30.74324713478748,1.0,3.0,26.793338999549317,17.0,42.4337716801439
51.39149130677977,40.26014602191261,12.717251921178155,1.0,5.0,30.594788185214814,30.0,45.65158881344636
60.09287369162261,59.996803069709394,19.881540719436288,1.0,3.0,5.017187924227057,40.0,54.43240442603813
55.27787375862117,73.94598734771749,14.270785448356857,0.0,5.0,41.897709278224205,6.0,40.58140988515385
66.01375083579352,47.55220252546023,38.424562918434326,1.0,7.0,21.9345352096494,11.0,53.47342496152662
32.34824076467956,29.04705489513855,34.42093770588688,1.0,4.0,12.996378125929843,37.0,42.8679390186505
36.59678763540068,64.0928285866422,66.62927420245366,0.0,2.0,48.032120442601595,46.0,50.375567971520155
15.965430593181884,67.8624369978661,37.24703597047679,0.0,4.0,44.41764389615422,8.0,33.62806030311377
39.87694606280528,58.100067601568085,40.195960390050985,0.0,5.0,5.0,17.0,39.50844549410354
37.729162822222904,47.9732886354298,36.94934917690617,0.0,1.0,11.142868044852289,1.0,29.913340060691453
49.291311492309525,44.50027563845888,17.829348960212414,0.0,1.0,9.502578318310999,1.0,28.078818141100804
27.08340456092357,44.173522492217806,30.13177448277251,0.0,5.0,14.617625630032915,39.0,35.59127250577383
46.84955357321472,42.23473081346237,16.594972994397107,1.0,1.0,19.177121140159862,30.0,42.890274785018555
33.63922155923804,53.370277386903794,3.4448887590185078,0.0,2.0,65.13380084681627,20.0,29.244028505275484
70.79521524920395,41.81511247718131,49.6241693091417,0.0,1.0,42.587153652817555,43.0,48.55415886648101
29.49529435566614,69.65061690032998,23.503733459492324,1.0,6.0,73.77722732219773,23.0,49.754435719008114
26.858591808475552,63.269452252477734,46.152652541621755,0.0,3.0,40.048601911587184,44.0,43.73018022846108
62.12656122563679,34.45841028965115,52.58371577592591,1.0,1.0,5.0,44.0,54.5963193673405
62.81646593212595,70.96417482493403,23.611615397540795,1.0,4.0,20.737533282361287,31.0,57.70723393442038
25.193661964741317,33.42299022956918,23.676846644678253,0.0,4.0,36.40479597506488,23.0,27.57596163034791
34.28379810713873,61.14803484339767,49.773753626155546,0.0,5.0,22.39479335167752,5.0,38.63560482989876
67.51479334854234,34.27422268193423,44.802808641879516,0.0,5.0,5.0,45.0,47.21614906932838
67.76057409702038,33.33754263135394,73.95981687948702,0.0,3.0,5.0,6.0,43.416492557990985
67.25316845770807,87.24650227902512,49.40160316246469,0.0,5.0,15.226670700045629,47.0,61.934771730677156
59.23538436660414,25.60486579361989,24.349653231863325,0.0,7.0,60.77850353260832,36.0,39.46222992374751
23.71160810422954,63.60990944560765,45.29021926859343,1.0,6.0,51.8286727588893,17.0,49.466663363022434
35.35359815296027,46.273290743985996,28.23768592049019,1.0,5.0,91.37057644279463,47.0,51.00667093719049
32.542071345732886,40.3139667253802,35.842199360321445,0.0,5.0,28.60089565845348,47.0,39.07946730301163
24.869543089687543,1.8130022968067268,9.97374882551223,0.0,4.0,20.579440980895047,37.0,19.451974931343916
52.642366432987195,61.73632334560567,56.933299536394834,0.0,4.0,55.43683026401188,27.0,49.381735623874086
32.950454594091944,54.36074169146855,20.520554249600558,0.0,7.0,24.33876850986832,10.0,33.16868529150761
60.75170461057753,72.42256180760445,29.88574510698687,0.0,4.0,8.625285767833846,28.0,47.94322134129955
62.03341124688021,60.730838749355506,35.070434193698,1.0,5.0,260.29394169311865,41.0,64.7860281716609
44.53202878721887,87.78078796038541,56.85457255684031,0.0,4.0,5.0,2.0,47.63245203160246
48.975331153248355,78.2413285910654,52.98856306413147,1.0,5.0,86.91002649790765,7.0,58.93174474552955
55.57604745491786,56.611735215308634,47.17182750780196,0.0,2.0,7.281528041603245,8.0,40.62694172994908
32.604783506624166,37.617020364851676,13.759797257457526,1.0,6.0,76.74626192206942,36.0,43.342335657801854
72.577777585857,44.40064753037641,24.23166630600434,0.0,5.0,95.25804967036923,33.0,46.20443386699994
18.998105372374997,81.83194418540607,17.013367173211556,0.0,6.0,52.93773181847858,1.0,33.877273793790486
49.4473270234205,59.14964345868153,26.15089988191957,0.0,3.0,99.71933980929091,31.0,42.83214272642858
24.188280606111526,74.69864798583377,14.0400773827877,1.0,5.0,41.336764646315096,12.0,44.189816250803496
70.42908195185542,79.23194788842137,8.409215309792645,0.0,2.0,15.062182854662115,24.0,45.73167751245431
55.1578425099071,52.725547235241756,69.23903763948917,1.0,8.0,86.97295783926418,16.0,61.22478078763701
23.098348585017053,62.212312176013015,31.941727229724602,0.0,4.0,5.0,17.0,34.02434396953577
36.12016186877976,27.082185144450975,30.246944605188403,0.0,3.0,9.068434129072386,46.0,33.614677690260145
23.945527774030225,46.407895461405,17.44586964302095,1.0,5.0,74.02261866957868,11.0,38.18298211085457
18.58106481120234,53.949675332804695,46.961791566970795,1.0,3.0,37.808136021365016,35.0,47.572872736489884
38.6111023025642,19.022172239278895,62.70280362443895,0.0,4.0,59.633416211257796,25.0,36.01654768457372
49.60403959370979,12.218338702334966,30.650122990523233,0.0,7.0,22.47088915786634,36.0,34.20170362193983
8.007881469811906,51.1881852578001,17.62938071163574,0.0,2.0,55.066647017384355,4.0,21.592892431244504
68.66014477021238,56.29778842918254,31.304963368358308,1.0,6.0,17.615392290917004,13.0,54.56111715267207
37.77559770241829,30.274800360336474,7.52811812824907,0.0,3.0,10.205872609009775,37.0,28.430673926852037
60.34170741161549,70.60806917936098,69.05715706714948,0.0,6.0,47.43231510226234,39.0,59.622521863219255
53.10731135271445,34.49661038022978,17.172470807829924,1.0,2.0,8.303781756339719,4.0,37.66821689659551
56.17944502577191,39.033474618677175,37.05261558105102,1.0,6.0,10.37065787122895,45.0,54.79616618474705
32.58878011298074,33.32055325335753,21.983542913986494,0.0,2.0,5.0,4.0,23.140708591048533
45.78540100630039,32.83807614133778,2.9261206826155184,0.0,3.0,33.54316563138777,8.0,24.578623402727068
54.99432802331866,53.89732508257132,8.226692565657883,1.0,3.0,20.042904394838438,47.0,51.06077654416751
58.76478304101581,44.47994519231139,25.92851794910428,1.0,4.0,56.08755266790298,9.0,46.66030336817738
12.864952603196825,59.92045034458206,17.056582140176623,0.0,6.0,5.0,48.0,35.707667164980045
53.62588521993133,91.15723611355995,50.93359341516941,1.0,3.0,5.0,44.0,67.64916568307336
16.4834889149003,39.48348289643723,12.676449068372902,0.0,4.0,39.54950073000242,14.0,22.901356114442347
73.9436607752337,33.23885976221741,41.622713900527714,0.0,6.0,7.960353963714651,4.0,40.11271332707595
67.8348374193834,44.04336405826484,43.924113418136294,1.0,4.0,21.28209057441027,36.0,57.34668153119419
68.92876427430087,35.53873050712767,64.14935982274382,1.0,5.0,19.447183461964393,23.0,57.46068932914519
45.35537278854926,39.42090616266765,45.07548740239397,0.0,6.0,5.0,38.0,42.22583388494969
25.1497501183639,33.101390833540876,15.05533131696328,1.0,1.0,76.40335604089107,20.0,33.93525195552
16.06248694057291,17.910246911340924,53.37946757224723,0.0,2.0,33.177000207905614,30.0,27.41595031491935
54.69981245180316,45.24793622846423,6.1971156961985265,1.0,3.0,7.975829431746664,31.0,44.84421023127483
54.811070590586105,41.238986033090704,19.25374980830103,0.0,6.0,5.0,2.0,32.37993078424608
64.0006325260561,40.21114249267512,45.57888103042153,0.0,3.0,5.0,16.0,40.60205329410044
43.542990629698686,54.888284343893154,42.08952492583754,1.0,2.0,41.951253292182024,11.0,47.48974879440911
30.61467792388418,42.06366410485965,21.34940845380308,0.0,10.0,91.90115898587716,20.0,35.11082371099745
29.431227020844663,40.020444291355155,37.035577013705336,1.0,1.0,50.31305966360888,45.0,45.81796109072987
29.1119016129339,64.20702478495419,33.00912769539589,1.0,4.0,19.86774447846765,6.0,44.24557869478721
71.14697484327276,43.060245240416,55.82350483126839,1.0,3.0,129.42096705175453,38.0,62.22159199487762
42.84314297711883,28.671286258546623,58.34899871927352,0.0,5.0,5.0,26.0,38.39840705277107
37.23406157017835,33.08885918579381,26.437364696453287,0.0,3.0,7.006662038562576,22.0,29.59166970238828
39.523176819642096,74.01779455065586,45.037108414013694,0.0,3.0,62.12830187558493,15.0,43.76023056288893
41.69954270965858,59.8291450762857,15.93735745351174,1.0,7.0,6.06830280530872,5.0,44.39934282662792
8.714281700582818,70.20563116389921,37.812127862672504,0.0,2.0,5.7642465505958755,46.0,38.32435538633359
34.24874551210025,66.6225806437385,50.889958724012985,0.0,4.0,27.938284285174877,5.0,39.66292230279911
46.02800106938957,55.70757655829289,74.34255726342091,1.0,3.0,60.78534053430669,46.0,63.10144600362427
39.65216331531194,27.477116186642125,86.13892965952323,0.0,1.0,17.039015713366314,39.0,43.14255278832715
43.007369056354044,41.61523208010606,9.72351985758295,0.0,5.0,24.541439546952933,8.0,28.591183046570674
32.61308972699091,15.33154843774851,7.892304312875184,0.0,6.0,113.50834122257136,9.0,21.709787228211315
25.37552334236971,45.21849185391317,11.544566533971343,0.0,7.0,9.73355984821985,28.0,30.65208830282939
24.87410538142741,36.491300642530575,24.407764428654023,0.0,6.0,13.388220270322181,48.0,34.490668797126744
66.53771196222483,73.26574391696491,26.229841734867144,0.0,7.0,9.79937654076311,24.0,50.05948651425279
37.3513255555656,46.836138004906175,44.94361867617723,0.0,3.0,23.356238095367154,16.0,35.83604772059407
63.277872281950245,30.506838018503306,25.130551101228132,1.0,3.0,8.563596747530863,40.0,48.97689306364297
21.01606223042215,71.18297738667279,14.439590362196073,0.0,3.0,11.212617563986116,20.0,32.328596994659335
17.511155085155888,77.08550234413258,37.163299991086795,0.0,1.0,96.31592690862252,12.0,36.1748095603786
45.72105407952793,65.78543305086393,39.61225807339706,0.0,3.0,8.217720276026327,12.0,40.4634278027979
21.425930473957695,19.686964614162523,85.69891391574438,0.0,4.0,53.03767693803729,27.0,36.77042676060635
28.276757532000925,52.19446952121576,6.809633066953817,1.0,2.0,20.33016487098667,34.0,40.30300334078134
13.982525000923262,62.49882505984659,64.86203087988365,0.0,6.0,10.791861008893152,26.0,41.725247578013715
24.50649446369011,30.937600074934675,67.84333616023453,0.0,3.0,10.496197306255146,41.0,38.18128147949487
38.62965561417469,77.73875731872508,17.156782065264363,0.0,7.0,7.700845937462471,38.0,45.26080989836039
34.6511308479243,24.428656121515576,17.961062438162426,0.0,2.0,19.98563840545616,31.0,26.553538664768247
47.694934575303456,54.47433486775217,21.387336992851463,0.0,8.0,14.07120950459862,29.0,41.47620894942617
67.0676947402114,44.32245954391192,16.285598520949637,0.0,4.0,21.847443534404178,17.0,37.74994047924217
55.61678472466065,57.86736940803038,6.5282294324399155,0.0,4.0,26.558822015301025,47.0,42.66619419330009
36.60770479115277,57.160386303669654,28.646134854133592,0.0,4.0,5.0,13.0,34.64624974453233
59.4742066664876,54.3536904574047,70.80946251622966,0.0,7.0,56.48737227919565,29.0,54.45694756313625
21.990485083397154,65.8135372180673,64.41470211387285,0.0,5.0,47.74167726878115,18.0,42.872112876849634
9.550914483464577,58.342654633911785,24.101794285505857,0.0,7.0,13.145731446777653,39.0,34.848332432047485
74.18308044976575,33.768347332568716,7.91459998498294,1.0,11.0,16.42754798695716,9.0,48.107661235652685
46.08484379811943,43.169478836821455,16.732413592888946,1.0,4.0,121.01523999858716,19.0,44.705368177284754
66.7426113409603,23.15399793824662,15.140710383034806,0.0,2.0,48.670045990591916,30.0,34.05902864955386
69.662883244488,24.021178241053303,46.577488732470066,0.0,5.0,5.0,5.0,37.21151311787934
36.87854157259311,66.1616704454865,33.15310661001161,0.0,4.0,5.0,8.0,36.82400765985555
54.82358627509091,54.59207943363501,52.35814070622084,1.0,1.0,115.20766246869069,11.0,53.08803115113279
26.454260102644422,81.44078357016686,23.45312129091691,0.0,2.0,44.23376112574142,9.0,35.75739373223437
15.677243137270185,77.33478986677673,45.01731296634412,1.0,5.0,83.00229431382867,27.0,52.87485006389046
56.19292757134864,42.569350680856544,17.941381113270015,0.0,2.0,19.84289751204236,13.0,32.717370402612815
51.37869507527093,45.682774971692055,53.164170195741725,0.0,4.0,20.359565209356496,41.0,46.51372618840956
67.55500866740415,52.4347745098522,67.53728007439199,1.0,2.0,5.0,46.0,64.52156847585916
24.362607842490867,35.04551888353609,34.28136174769683,0.0,3.0,163.23793242626016,22.0,31.55639601290464
62.358629857612016,28.403822144988705,13.360375083729476,1.0,5.0,50.08491371095501,11.0,41.98938629161518
54.07756105114827,43.907669206455765,12.578487494964044,0.0,5.0,13.684655054315483,19.0,34.57736483114679
33.69913759062297,63.363728889252954,20.364568561837714,1.0,2.0,24.645753581305666,24.0,45.16487873729597
37.0333568705183,50.57772328214056,19.660975318882976,0.0,5.0,12.263543566962799,29.0,35.455235973280566
51.802224148569834,47.870013443376955,30.33351014964609,0.0,2.0,5.0,25.0,37.626428094582586
40.19255936553411,64.67234890540557,1.7766597936711153,0.0,7.0,30.761561130632693,29.0,37.89512358241513
48.17916889922912,25.93834738726431,48.190683207818076,0.0,11.0,28.079326212301496,8.0,37.729102237433004
25.697752015871387,65.07122232350986,22.499131332011487,0.0,6.0,23.831149636689915,13.0,34.37702617731474
34.906460933987674,22.854022011884613,65.89753839864248,0.0,3.0,262.24103481828905,45.0,44.23944911256235
40.304473344978405,60.733923705813,55.45592749416313,0.0,3.0,81.56144482861838,10.0,42.06534699143618
71.78571100345324,36.36563252459136,14.439979267814834,0.0,4.0,34.14436533643898,14.0,36.19205237563623
22.343701940139347,63.90054289682111,12.9927539638805,0.0,4.0,13.151583897219691,47.0,36.88097701329394
49.28173200854604,48.81673759831719,38.31176624048071,1.0,4.0,5.564636664121789,24.0,49.96493004976105
42.78846442322169,35.451959099011596,7.028623557400879,0.0,5.0,65.09717490236571,16.0,28.934440756752476
13.597102456513928,60.32525628490302,16.50283210209874,0.0,8.0,5.999191356791241,43.0,36.19280659957648
58.531407529406074,48.04823088284264,38.45978129904636,0.0,3.0,5.0,11.0,38.728532529538114
57.51948490128309,60.40743473639366,7.999585828717433,1.0,3.0,43.70530350315624,30.0,50.205753145225806
79.95449616403096,46.64064657855492,26.13639052991038,1.0,3.0,10.218179872207898,2.0,49.49709405573937
62.082427613214804,51.17380106419724,65.68619078547417,1.0,7.0,80.07959992083151,34.0,64.80288732486447
45.17650441960823,22.914442534828794,40.823925050442675,0.0,5.0,77.2793625105118,40.0,38.399775665574694
32.28549402227395,11.940538960498612,37.77173257478811,0.0,4.0,29.807279291756355,43.0,30.83200034648589
11.660172408580825,20.298292204050945,8.121630771611356,0.0,2.0,47.070652994726366,15.0,15.013688700708077
48.99564869782975,29.680906243827398,47.7316409171213,0.0,7.0,5.0,36.0,41.48213358550521
41.86357537197059,28.35570757704346,30.74934040167741,1.0,4.0,32.91845246683295,13.0,39.73805786692566
79.55548648363346,56.630225710202,59.54215602475056,1.0,4.0,24.277492950388034,5.0,60.14874244575007
50.62611262760264,10.685279287362347,44.198980019549396,1.0,3.0,10.176628451461042,35.0,43.662843218347014
42.528895022746774,73.39522050971495,16.69479227419997,0.0,3.0,79.1200857767863,43.0,44.860722386824484
20.217950379127547,14.914474667917831,46.314491668456405,0.0,1.0,72.81320689627655,30.0,26.418935400044823
49.493755976836844,57.993027859040325,31.264112402852817,0.0,9.0,59.84609788788847,21.0,44.69644039729762
52.28961369981595,35.94921411841006,22.752292312991287,0.0,1.0,72.30777619632222,8.0,30.389654274414543
26.410813209768136,40.87800469545992,26.170570909415503,0.0,2.0,94.45787267082888,7.0,26.737142778273356
49.899373992125795,28.559583154395813,31.13432813616462,1.0,5.0,28.64704478396671,12.0,42.247879142876
66.476740427452,11.501370966208667,33.047304227702654,0.0,5.0,25.54846539218321,15.0,33.073291335132694
9.584746473028845,29.029236927017166,32.71574837068389,0.0,4.0,101.70723906386854,19.0,24.85579030542565
31.397696817382403,32.554367602169975,1.1799927573708013,1.0,4.0,78.32343088919464,39.0,38.58214994081281
48.51726033486157,28.71102188237588,60.14004150818597,0.0,4.0,30.996785532157535,1.0,34.8300145665897
40.35666676705253,63.74617638943868,10.207275589453324,1.0,2.0,5.0,30.0,45.750499240346805
53.7494141777047,51.64365673898369,47.997985763318226,1.0,4.0,49.881081356567734,42.0,58.36215317563376
71.00438209743778,55.95916395992372,24.476738068537827,0.0,5.0,6.6807875768638265,17.0,43.644849879585216
50.3118355110064,56.89737670891202,35.934178573062155,0.0,5.0,68.06150508551835,45.0,48.058702204635736
36.2029361344631,44.012381291075656,6.45417368240471,1.0,4.0,41.959246715638834,24.0,39.850515693845075
27.208198834568776,71.6578511824599,42.99579067248504,0.0,6.0,27.146694796066672,37.0,45.56693786800885
41.44040948026534,24.10466989182648,58.361100926628794,0.0,2.0,106.18094079690934,29.0,37.5571088442869
63.89069913354908,40.76175314500882,13.597047217039067,0.0,5.0,38.403353935407566,41.0,41.525589591755434
69.10356292640562,46.076935674785496,45.55287024984902,0.0,8.0,9.131211012119744,27.0,49.04665625384332
53.913577884425436,69.86895277264338,38.46378365779298,1.0,2.0,10.864225659605898,43.0,59.14734057568459
51.41320962132722,71.69775738078982,23.37406109828124,1.0,6.0,6.694230319372096,28.0,55.41977190990628
61.938173849554325,29.613677460972447,27.64905632388507,1.0,5.0,76.0437791895205,11.0,45.56364967619911
39.402695074665864,69.93199171492002,58.792063164539,1.0,3.0,11.691577872280764,40.0,59.659249221083215
46.04038696969745,26.2436395793367,14.973376397959731,1.0,3.0,108.3141431928841,5.0,36.273631447374825
43.40077507750987,56.23268523576152,9.11557233796989,0.0,6.0,21.354887261409566,46.0,40.741910624473356
36.29653063633849,72.86212859226329,20.79597986771656,0.0,2.0,69.61541168477389,19.0,38.13283568105591
13.413896237635775,17.837783361851546,38.08257997678465,0.0,0.0,20.40025184382231,42.0,24.587440932105206
58.87952544905115,79.0514876760015,31.517625158620383,0.0,4.0,110.75592616214352,47.0,55.45973016956344
13.806171394373331,55.62108444913133,21.02500303702656,0.0,8.0,54.13314890143737,28.0,33.81114421297689
13.96214823142926,57.967321161259925,37.86763129548706,1.0,9.0,96.82095408590827,45.0,52.86731268898787
30.218298763100233,31.99111702164063,6.971720009584838,0.0,6.0,61.201250972341896,28.0,28.004056300882354
31.623346078801596,11.721947817834325,14.320255294973885,1.0,0.0,38.832365786678814,7.0,25.935355182220665
54.79444447426,15.603141248501826,26.560624241460058,0.0,1.0,79.07864204418932,41.0,33.701427453199585
33.756597956895355,54.37060808704059,34.111428579411694,0.0,3.0,5.0,36.0,38.45408722686633
47.69996270566579,38.18230947511903,44.336310243451585,0.0,2.0,19.214297504610492,27.0,37.680449377312065
41.46776781202999,28.158509764112882,33.04906675922089,0.0,6.0,20.98879857156705,22.0,33.01949205064457
46.40569163211269,39.33464216101707,47.98955225995442,0.0,8.0,67.69313920105279,11.0,40.01185668429438
60.405196089659896,46.53554737433192,13.599767973342017,1.0,5.0,27.680055904045524,47.0,53.13374057874727
74.41490457917772,60.06386349975514,6.513896113067179,1.0,3.0,26.445246292222716,10.0,49.534709501524446
70.68397298339654,58.10233258098163,36.4586409284834,0.0,8.0,11.522792520863065,40.0,53.38542709387516
36.3680798346633,77.03180143527676,33.402994294982605,0.0,8.0,27.619137644729655,24.0,45.916285262709465
34.8705307962404,61.002602374638535,36.98259254204434,0.0,1.0,85.27184270589383,37.0,41.44523865524648
66.39495409075553,22.030764873579063,41.322449767639846,0.0,0.0,55.04569620813862,24.0,36.47183361877438
40.365436437813514,32.687376417989306,39.9289511144777,0.0,4.0,47.56212656210044,33.0,36.74190263475492
41.339027846963084,18.02542239530419,20.751577964207648,0.0,3.0,41.27738354939601,13.0,24.525309157729602
41.708335483378335,28.305128740357098,39.92669115926607,1.0,4.0,18.27229781463756,37.0,46.229150244079825
38.99672268190254,60.13983770855121,25.40317813349701,0.0,3.0,55.80788412698424,7.0,34.439266740185865
35.0934538221213,60.55020285454579,24.91644461751165,1.0,4.0,13.532643025488161,20.0,45.99818928651219
68.93184056440884,33.266618520878716,30.915853695455013,1.0,3.0,64.58121197387021,26.0,50.44107641655697
38.8789690707776,51.92182410172016,25.096852068409536,1.0,3.0,115.79740465165487,42.0,50.78551679983945
35.70268902872681,48.62050504658432,8.25871307572271,0.0,3.0,13.847708034380037,24.0,30.009495294659928
55.30132134236474,27.370933461986606,52.63063852919234,0.0,5.0,45.85613405660889,29.0,41.48631408805848
13.265231693766555,57.16823692386117,22.706242150438232,0.0,6.0,76.58216672107262,26.0,33.09792558558269
59.18656554308204,38.26981133044242,23.26858182553249,0.0,4.0,26.62353624313439,32.0,38.883614641683636
61.98172876179831,73.91515773631497,19.155826504288246,0.0,5.0,54.63814324520021,40.0,50.56481645695664
30.02649453841769,67.00025368920488,3.629167330181171,0.0,2.0,32.5896870543587,40.0,35.30098093069572
46.296249006000004,64.19494899285353,20.10660980567949,1.0,6.0,69.65150267501565,17.0,50.57881818101625
18.02560237701865,34.435936137715174,23.27182449792026,1.0,3.0,74.69092587927082,33.0,38.13856804585292
61.79699239872974,25.27073999087802,43.774222258731065,0.0,7.0,36.38342353872644,35.0,43.207779353256015
61.76117743669168,81.3175442128814,7.525411184486831,0.0,2.0,10.460419827244198,39.0,46.94230437916885
17.153633099068607,28.400412876980923,18.49658108632048,0.0,7.0,33.18199645041967,42.0,29.16813430695154
44.93557980630916,50.90381932257212,41.36285654282831,0.0,1.0,12.174609791026912,31.0,39.60091328660651
41.57145170883415,14.147605095728455,26.637520587155723,1.0,6.0,5.0,47.0,43.14893498523846
92.79970506725397,34.990589790933115,12.57498913122063,0.0,3.0,170.76012497184536,20.0,44.04444070689447
36.069509611268586,61.895030641740775,14.978192265387957,0.0,5.0,20.458587417608246,43.0,40.18761193134876
26.38138235178353,65.22266375171758,51.173332607617375,0.0,8.0,21.571803799882016,43.0,47.858780790063065
19.880848671897223,62.64799178586904,47.19099007228742,0.0,3.0,27.771161352878202,16.0,35.95916468928995
59.91373920311249,58.31073716452199,27.908119901163143,0.0,4.0,49.4601054740617,6.0,40.043611848289146
15.587348469983226,64.39125660695625,48.68707594973429,0.0,1.0,49.573707760608926,12.0,33.89020728106057
47.31605868660184,39.80124095093858,50.04956098999601,0.0,5.0,28.179425907511124,39.0,43.811158958867864
26.903749220649914,77.25046555142383,61.77160826646199,0.0,3.0,58.688823589882695,17.0,45.10831848477515
35.64475692235428,47.964826784251095,35.88719055740694,0.0,5.0,8.340249793318641,1.0,31.788305700665767
30.342080866235317,60.561639494128904,25.542914205639406,1.0,3.0,66.12744346577178,8.0,42.823728467201036
41.73147604605565,21.703161700825362,32.491214762181215,0.0,1.0,5.0,7.0,24.581902389156497
27.048409105378784,37.7010065258061,26.237951218081236,1.0,4.0,37.35271551270935,10.0,36.93199846166666
54.8244231494429,36.395426379927834,3.432411690576942,1.0,2.0,5.0,24.0,39.924778053791414
49.58064575252569,48.12272444442813,37.68084784469771,1.0,3.0,156.95128298867863,26.0,52.51770444461823
42.888209742579306,51.091198648862445,38.477007123182176,0.0,5.0,36.181026564462016,3.0,35.87220738711945
14.406914915795005,52.077633395927336,23.994004649363127,0.0,3.0,87.8116605006693,34.0,32.25950455114993
22.35644679239028,18.569906046144595,16.015552341876024,0.0,6.0,29.203349662731178,34.0,25.102099004596884
41.87170198240899,34.8574299159171,26.503116460431826,0.0,4.0,182.63364004107146,23.0,35.59391240082265
9.715069219728129,44.965152061017776,52.46758659905406,0.0,5.0,26.94816872893704,35.0,35.32753601457603
51.500232932148634,53.13326087442818,16.667228436229664,0.0,6.0,19.040617653706487,15.0,36.99763149196426
18.246793918037486,66.17121382936143,10.802037166210555,0.0,4.0,49.46126558970444,1.0,27.12913468188593
19.306602295060358,39.12648642337768,45.39926302977618,0.0,3.0,5.0,9.0,27.663124785564747
49.82574046526793,12.96740133865896,56.6653579346345,1.0,4.0,10.558904879210425,9.0,41.784201802159494
54.25584918227284,49.87337687320354,21.930237414023498,0.0,7.0,28.972245687275652,32.0,42.331132243752634
58.55108345714252,51.51856750431283,31.073347268630414,1.0,7.0,18.17066959106159,48.0,58.762162252577816
52.096792593092076,60.872690867582634,19.737486654214482,0.0,5.0,23.540338498316327,19.0,39.95234163264457
69.24457943249904,37.29239970787707,41.386637006774805,1.0,4.0,67.25857238081802,27.0,54.54841030073201
17.21756490400132,61.52954847503058,51.13588533859734,1.0,5.0,7.639118737333676,27.0,49.02507112055745
46.44490180910128,46.97539690213797,27.37801700083432,0.0,2.0,5.0,11.0,32.55567807797668
39.682024075436,76.12692531859066,20.01788302582868,0.0,4.0,22.07699723572519,40.0,44.3973538983869
75.8822169141834,47.299532623613416,32.41053152866634,1.0,5.0,8.631614460344782,27.0,56.4085093127227
30.714386282495564,44.59527990409577,8.370601731689186,1.0,4.0,5.0,22.0,37.85153689298567
60.119165542882904,64.37267825489683,45.6982160502514,0.0,4.0,44.06415165863369,14.0,46.72722052600121
39.28362818338061,82.49313276018346,5.244614294957318,0.0,6.0,19.586897862701544,22.0,40.46818438546984
16.401688227665478,61.005090819073025,21.846901833208015,0.0,5.0,44.044171279179565,6.0,29.185291887243153
38.11918487252117,52.34036964502682,31.653244382586042,0.0,4.0,8.063032996041098,26.0,37.19013149915836
32.243522746891635,46.588718278207004,31.150283009507547,0.0,4.0,12.613043493144366,44.0,38.02371106137239
69.22329480594239,59.996607563287796,56.1562406572051,0.0,4.0,37.005649773986455,3.0,47.568003385894954
56.68846047669105,53.411055481106814,47.20878820896887,0.0,4.0,39.068501037516754,2.0,40.831339985326906
26.92750709717224,80.24389440004877,78.70614261140028,1.0,4.0,48.24353111101775,38.0,64.082282852139
42.14549051690433,56.52615292876786,42.73270227851185,0.0,6.0,5.0,35.0,44.60611798378709
30.03412118789016,75.12364689230483,42.84570689558645,1.0,6.0,60.73178256022456,24.0,55.073219050370525
53.673673362893794,52.96694791285266,2.504117955075495,0.0,3.0,31.106923296318428,23.0,34.57478404254475
47.71999687741818,58.499426495591635,37.77291145696962,1.0,5.0,5.0,12.0,50.04277146797972
58.67639049388952,42.778978689309646,45.802163326026005,0.0,3.0,20.203939517449793,4.0,37.761687084687324
36.43550011931125,42.50177874203546,20.795817273354036,0.0,2.0,16.64592453752715,30.0,31.80973499409136
71.40750875032428,24.69491011642295,36.55318719425508,1.0,4.0,6.567134593866228,12.0,46.63425151408181
35.22510313279047,54.26288820497044,31.155158067403573,0.0,2.0,71.72793701696476,31.0,37.82925485492691
47.21335174340528,21.687978854471687,9.264837620134783,0.0,3.0,28.321930557925157,14.0,24.561405451321374
59.532329896892676,34.54086905776051,23.364518652655626,0.0,4.0,21.410778794000237,32.0,37.95275237840776
32.1525289887815,46.755833038723516,56.321229330914704,0.0,1.0,6.514352332112189,46.0,41.371623419701436
45.94954118301459,44.39224095586657,14.388988300460671,0.0,3.0,32.54184307118733,31.0,34.572413389569505
60.050621633221844,51.004136527072085,8.089355155871283,1.0,3.0,5.0,1.0,41.689893904581076
36.91059902706075,33.199782194565884,11.638651566220434,0.0,4.0,26.300758238711314,37.0,30.75634078342497
25.42399994706762,56.72584221026633,48.92231587765043,1.0,5.0,13.348994384264477,21.0,48.2972369358822
39.89839456715924,20.95881928549811,28.24198773911303,1.0,5.0,30.203735466587435,45.0,44.17510905365202
41.68871626780374,7.45177576549714,57.38000093795489,1.0,3.0,39.95816901291507,43.0,45.518619909507834
58.88255916839613,68.3773096799756,28.371510729260613,0.0,2.0,102.96509591860061,7.0,42.34023794298374
31.527369759761374,69.67316238957505,64.65200253807578,1.0,4.0,33.10831995374557,16.0,54.89269994402417
39.60788973743015,72.81362446003682,36.25537245383714,0.0,7.0,14.435077642360836,18.0,44.06182125964805
37.87937997625913,56.0579267696659,42.10658668510032,1.0,2.0,63.67649940101886,21.0,48.88750734485504
28.032300385920493,37.26561854968447,34.35987196383129,0.0,2.0,39.935530313532766,46.0,34.91183139960482
27.457254329507236,10.984272576502164,35.47673396569826,0.0,6.0,18.917116679818218,8.0,22.750737519905034
47.80533827421468,32.911683298632816,9.51272521223105,0.0,7.0,5.0,37.0,34.55680043565809
50.83532082032387,45.62426244671241,6.446780127640678,0.0,4.0,60.113766445313445,21.0,33.64819383786014
20.633753343658743,24.81254481247663,69.27465510068515,1.0,5.0,46.196963756654746,10.0,41.557111500970635
12.459644140429502,60.77920162819615,44.299303108378695,0.0,7.0,21.87127708868637,7.0,33.73199760560588
26.114281428616714,48.65173862596206,36.60516114720105,1.0,6.0,29.08080965201722,36.0,48.094153436125254
40.65076263852633,49.64601314521394,30.56022278248835,1.0,0.0,52.00454434918721,35.0,47.01799605608314
38.11534948547888,41.734579276744874,19.794571926825853,0.0,3.0,22.42752376440291,43.0,35.3282803845425
11.504909183575887,78.09916046656207,15.165291456337842,0.0,2.0,36.863145171133944,6.0,28.75467194055807
48.08982637429458,33.229621467809494,53.905493592811624,0.0,2.0,22.864373799601697,29.0,38.943248155080376
50.34953047868528,61.73138607692948,22.322018066156847,1.0,3.0,34.271127451103034,36.0,52.67005530115712
44.47080373274675,57.18885307240195,74.1340674458703,1.0,4.0,25.001184512575307,1.0,53.616751380712735
45.79373560462524,79.27812133981818,14.394455027863915,1.0,5.0,10.709359712275916,47.0,57.48604243592916
18.71719604661772,81.16117440226344,18.24886695151339,0.0,5.0,34.78640622324649,15.0,35.77342746032123
27.671870287498677,56.98360227561251,60.87750347029767,0.0,6.0,22.698636344952472,13.0,40.50167489506971
49.773899522096315,68.9536096609939,53.64291505373032,0.0,10.0,11.020537858938342,9.0,49.17253773036405
59.7812109828713,19.225194617895884,3.941430761658534,0.0,4.0,71.4684923433781,36.0,32.13592406605773
56.550407140999845,44.05390073442435,2.876697688567468,0.0,8.0,15.114642194228347,12.0,33.86204268378744
47.345254494294956,63.71794415550516,31.79749585053373,1.0,6.0,13.217667740174594,9.0,50.26465218736026
50.625083893949,75.85237182678695,32.6864184094786,0.0,6.0,5.0,7.0,43.714980945413046
39.25837560481505,77.61376647468816,24.062367353792087,0.0,8.0,5.3121263264273555,13.0,42.17841818382944
42.458728433885994,29.228319551999917,26.09048508867382,1.0,1.0,18.512287221230334,17.0,37.718438091964174
21.380346960904973,44.177971063871645,37.51439732202388,1.0,4.0,29.478950036769472,42.0,45.898704638000986
42.97420820726144,73.63607363538543,15.655566708537094,1.0,5.0,5.0,5.0,46.75868380236914
57.08869877278476,34.75337961155089,5.293558185965517,1.0,4.0,31.60150535775125,6.0,38.5679280070987
38.4572054352033,64.75079307328096,53.2184276142455,1.0,0.0,29.8487893313354,40.0,55.3759942699302
11.55839208161162,49.19212774977939,36.27264103408605,0.0,7.0,5.0,27.0,32.83382483133163
44.594344995112344,48.296562304341265,32.81436900287946,0.0,5.0,37.491869567150516,38.0,41.7854380167823
12.538192032598422,74.70144802641433,25.73301724102931,0.0,4.0,53.06920876468783,8.0,32.35123097158614
82.01374131786564,39.8973139839623,17.430225867506934,1.0,5.0,43.25094108139649,1.0,48.37049448725297
54.04212874070633,43.42150637922251,29.483025800550088,1.0,5.0,13.87970190047219,35.0,51.16510797810167
55.81132425220877,41.601765645675734,26.734669030432993,0.0,3.0,5.0,1.0,32.00853961389106
41.097348259066166,92.57756788333859,44.08170419990805,1.0,3.0,29.592277908017405,14.0,57.74358210040982
58.830596410068914,18.55435280549402,13.956294971145613,0.0,7.0,40.026747520104756,21.0,31.97969791518862
66.09981013964811,29.957202570949214,44.838369462270194,1.0,3.0,67.2841972896536,46.0,55.91094434922977
42.60226923216006,52.429894577430304,27.700005473255736,0.0,3.0,5.0,18.0,35.14804204704874
45.645396983425,51.00701086171977,45.122744281431196,0.0,2.0,11.77005181548366,27.0,40.38138518721544
14.68221733135557,80.21547331283419,28.06540801991515,1.0,2.0,5.0,12.0,43.27083759836381
55.69498252001664,44.34455836255758,12.81581412856144,0.0,2.0,18.233278997164412,35.0,36.56271362629913
8.647981414676385,33.204073077467854,18.860106137235103,0.0,5.0,9.404856820105447,38.0,25.67313198688519
47.22085236799575,49.51770928160285,37.587107804814664,1.0,3.0,5.0,36.0,51.302061973362584
51.22908061924954,83.64593421653525,50.191164364416075,0.0,2.0,49.6195418602504,8.0,47.74937741903442
44.0083597383765,64.76793738319492,33.17007031597035,1.0,3.0,36.346217361840296,39.0,54.68001269082373
32.53609640174985,77.66261029153915,33.735254414464066,0.0,8.0,19.344619233948844,47.0,49.80861994089405
38.630617261036605,33.51428606106961,38.93059034409571,0.0,5.0,6.291370148302902,7.0,30.73983796897842
34.23926012187909,50.752045081537545,20.833309347799037,0.0,2.0,27.910903863074353,3.0,27.931039581008783
68.91301346132911,31.168400420797944,27.216939699378766,0.0,7.0,9.009427004495498,8.0,36.97726328383076
66.63292849833144,68.84308069225393,40.556321160984645,1.0,6.0,8.425088679150363,30.0,62.39876830342629
61.93397394768307,85.73048341478827,47.470397074065254,0.0,1.0,22.109703084102758,40.0,55.85238781711294
51.20609089049051,25.342005565587407,68.24819811954687,1.0,4.0,9.508835658008875,40.0,53.97684045108903
47.00349661529337,13.084229117695614,63.885842351885145,0.0,0.0,27.12187396437583,43.0,37.299870716245124
40.90464275000819,57.466200138639145,18.752201799206205,0.0,1.0,5.0,28.0,34.94315108200308
31.674392418938908,70.67460492099157,41.855109136498186,0.0,2.0,10.077028983032367,43.0,44.451478408609574
60.08945588396782,52.39839651022176,41.01454645025156,1.0,5.0,41.7863017731401,4.0,51.32726509072719
56.13648805759141,65.61070229842181,34.254333258012565,0.0,2.0,6.294868438278781,3.0,39.371894942704735
58.8072989093436,57.18097812677959,8.155249855757017,1.0,4.0,34.05449682737279,19.0,47.93420916672966
41.401316082230196,40.80380494160941,40.18323834393485,0.0,4.0,5.0,19.0,35.31292792474687
21.766059298630932,55.75065059809907,9.687695205980503,1.0,9.0,36.741372815543556,21.0,42.426543971689476
43.298693868986106,61.886237021359115,15.742721135419629,1.0,4.0,37.35100034835796,5.0,43.90013028997072
63.62212269432014,56.008311091451766,11.749101527128623,1.0,2.0,11.8659380276374,44.0,52.99474751242145
42.16015839023384,58.71691005424166,35.515335577146054,0.0,3.0,45.02274427959777,31.0,41.68112244547338
22.138709511063514,57.37018379704016,32.80533449578264,0.0,6.0,7.202946166954992,25.0,35.79068248285488
53.81692342750974,77.63210758479414,13.453767188918464,1.0,3.0,17.6737307342184,29.0,53.948152472210694
56.64816864576518,53.07843282403956,41.07412066279994,1.0,4.0,82.75723626317925,17.0,53.509952558608084
47.45817396698151,45.63591871025877,27.993845296637094,0.0,4.0,52.0525467597991,21.0,36.95500983050014
33.00514417337423,70.91829180743625,32.79478877056766,1.0,6.0,66.83155479682156,2.0,48.29311451191925
49.019218057977675,32.885304824377556,71.37931943230437,0.0,2.0,16.67918731060919,44.0,45.585578353261866
42.53034598539423,29.108472139042057,35.58636290651276,1.0,2.0,132.5547114052446,12.0,41.51140467384985
18.693252995538145,33.574193965898786,52.56554157194958,1.0,4.0,37.4681656497487,3.0,37.62100003441079
27.870248570659882,18.48388875867244,21.512095563054334,0.0,1.0,5.0,45.0,26.032620111610616
25.8252116498742,59.89314695404998,50.354539029430555,0.0,6.0,5.0,36.0,43.10049745686715
38.76251358192953,57.553564823975876,28.617184163028288,1.0,3.0,41.89278599386274,29.0,48.68197882062593
62.62134322861402,53.26111942032963,12.659940689670693,0.0,2.0,101.99211567996157,27.0,40.500779447102616
25.976520642439905,85.61528001522714,39.85596553992535,1.0,4.0,47.57186012354426,15.0,52.612247141539385
53.111159039600075,62.52753612956812,44.362059303948705,0.0,2.0,25.769315086609577,12.0,42.130805288147315
26.810994818105822,42.84809162480195,34.618562157232326,0.0,2.0,7.815429723987244,47.0,35.61979263665315
55.46289686119423,25.654166082245883,33.5833981984053,1.0,6.0,56.651336282439416,47.0,51.920638767856545
23.538845168301734,70.09346184968447,60.63460159855346,0.0,1.0,29.857924989611288,34.0,43.88215557399946
9.683555329544626,31.912314394042717,14.380355249927494,0.0,3.0,6.44224803620291,4.0,16.237216774939725
44.79514024041445,63.472350159514356,48.85884565242521,0.0,2.0,8.5963307088874,16.0,41.677235011311666
25.961771496581903,58.716250930915834,44.96431088867899,0.0,2.0,17.07996832187706,37.0,39.54563381771444
48.6504276003214,85.28320331528562,20.721169132178407,0.0,3.0,15.440667451563451,37.0,47.64478823770204
56.26415490774457,48.62958499203221,14.871576593701933,0.0,2.0,18.250489536684125,10.0,32.97942675108493
27.59151811049864,61.89303692139271,87.08269296183087,0.0,4.0,17.552145686159655,18.0,46.555386930728865
45.28399357330659,61.03522857438401,15.901722122061424,1.0,1.0,56.4446378465384,17.0,45.09737605159903
16.303652277055633,55.86579519672634,22.37046397749887,0.0,3.0,9.103170562082703,7.0,26.156851408520254
47.3947046926256,42.10700047213968,15.189683172589586,1.0,2.0,9.370834019526384,3.0,37.5591129394331
11.986418628128417,50.2607994614505,43.90080209828866,0.0,4.0,5.0,37.0,34.816964942052465
60.392600882935895,70.75830285430548,26.69310886510622,0.0,7.0,50.986958021790116,41.0,52.35442020110072
11.401191729294217,22.741163527302916,63.34328328009617,0.0,4.0,28.590841952287978,34.0,31.526062309214282
36.972135915341276,47.13089381415948,45.5587025288343,1.0,3.0,13.438338802101146,21.0,46.78126471418407
45.16063431701825,18.36521481579977,45.60730747241988,0.0,0.0,27.542638052468767,7.0,27.01210987207119
42.44033549354889,30.550004902785815,40.608211996264174,0.0,2.0,48.68176013331219,23.0,33.46786270100276
33.88105916751934,69.91644491648256,31.512036571815027,0.0,4.0,25.988089567499507,4.0,36.27154512671348
90.15532376737166,45.533298968374254,13.199108267771663,0.0,2.0,31.55754502091063,23.0,43.31812823790903
40.55982415334116,39.5205083019283,6.631022549466723,0.0,5.0,6.886081246757221,30.0,31.067342581979183
23.15522482633197,45.85000773293979,34.293352113246826,1.0,4.0,126.38766938191426,11.0,41.59606528343892
32.10817692329294,43.45812247312186,27.808308413885435,1.0,4.0,68.838451209541,25.0,43.705005556071605
38.703428680482745,25.42652164351631,38.984606544757234,1.0,2.0,12.388129580146213,11.0,37.70217148155413
46.078273135170775,47.720663414777356,46.6870902346227,1.0,8.0,5.0,10.0,50.30381885107825
63.269681736795825,84.54989835407389,25.06645088006203,1.0,1.0,25.675223442020677,4.0,53.98168966757025
19.009647483875977,47.35446433401599,20.609433533558395,1.0,3.0,76.04170179278753,6.0,35.48374869704042
44.77320050490915,33.770623977548226,7.6836187308946435,0.0,5.0,5.0,32.0,31.272679866793275
31.02856287658799,23.647466399624328,9.547992917051932,0.0,2.0,29.12381093955572,4.0,18.327748787921244
80.79271301698616,69.80333054549848,31.490769142799557,1.0,3.0,5.0,9.0,57.92216471918107
18.204981856514678,52.97404151585564,62.609942247140346,0.0,3.0,5.0,43.0,41.37507762585399
12.643822578161835,49.20711903087632,9.463573558292282,1.0,6.0,19.797384338933625,48.0,41.751397800696665
56.94001932520919,41.84321102944556,39.39071377610407,1.0,1.0,55.28048380853933,10.0,46.42956002005529
34.69236856321782,26.34746618513233,12.871496193707587,0.0,0.0,5.0,28.0,23.767591259162387
33.61501558531763,43.974710000052404,17.480985642889838,0.0,3.0,25.377500498446356,47.0,35.19284520155607
66.8832943635147,35.614130848402205,73.50343670388196,1.0,5.0,44.885677197723744,13.0,57.26442385437676
33.045494035379285,54.9140119263211,41.49699049811426,0.0,5.0,10.806831036007544,32.0,40.505411210768095
33.68179431843552,55.48425085081416,36.9446456411888,0.0,3.0,28.951965812310675,38.0,40.17614640346306
39.711403732744124,40.11280458668928,28.157094132225208,0.0,3.0,75.53819286522211,44.0,38.264901430274506
37.836482499623926,37.35406805137261,54.1741049924088,0.0,5.0,60.14702535944953,17.0,37.710399143419885
32.06564836365726,28.846820034303327,40.925183915600414,0.0,1.0,37.08612997393751,18.0,28.571543148755648
31.66126080158797,11.99994155325629,37.11447060079915,1.0,2.0,9.300853819130472,7.0,31.31587845192017
11.290500105394013,43.50610105139716,25.31975943970281,0.0,3.0,5.0,14.0,23.779768843805023
26.680534129760563,90.67768245632847,29.261344573864505,0.0,3.0,5.3495051347386395,32.0,43.9654798306566
79.98942532371761,29.63329886298548,40.664595784376814,0.0,2.0,179.12512954220117,43.0,49.412769461061835
57.58152376436429,44.60843025292321,53.8555475796112,1.0,5.0,44.773332942297735,10.0,52.63073134575674
47.09809514329006,63.95878835983332,44.48709037170272,0.0,6.0,8.45442094855674,27.0,46.45572736909252
60.13855834359024,41.07208268872747,20.172847110512105,0.0,4.0,31.381885082372737,41.0,41.17320071516263
72.16513723043913,46.264334917196805,17.301571366149272,0.0,2.0,5.0,41.0,43.04268231013884
53.69595911761618,51.792067152684886,17.798383779411797,0.0,4.0,61.6629758838124,6.0,35.081609507800536
74.83036806915393,79.45152544260672,46.7530393027568,1.0,4.0,56.062550649109696,1.0,61.91733225147372
17.854989121446522,29.729813578238407,12.361839300075767,0.0,7.0,37.51086114580456,33.0,26.660452424519146
45.21118961608887,59.29736940786668,15.03966585249604,1.0,5.0,8.243115067933427,10.0,44.71660189451343
33.10031971471355,42.59319772196039,71.68339828743959,0.0,6.0,24.29138006051938,18.0,41.495886617866795
69.14251754207835,32.09323334128975,33.84615834466352,0.0,2.0,39.95529039829704,42.0,42.96060853107401
32.00488122070072,25.64453552775297,59.63363567797758,0.0,2.0,16.284250372917388,16.0,31.33143299683395
40.90129566304791,18.312311933872465,39.31221732865179,0.0,2.0,32.32428066844795,40.0,32.97899764499608
41.39862675461469,14.908791759744641,23.916916705434055,1.0,1.0,13.427915060119718,11.0,32.08712960421237
26.016470289993027,44.24154907170987,53.52424487791375,0.0,1.0,24.8923038813461,44.0,38.60053322696873
38.415491162451985,69.70515133117206,21.596637318093705,1.0,1.0,11.573235761314876,19.0,46.20595280225105
76.65974725590704,70.64779576255495,8.813271994182267,0.0,4.0,43.37190628238125,28.0,47.95697827909957
53.30087120482118,51.60613365016644,31.740433222867765,0.0,1.0,5.552337821740351,1.0,33.56088461475527
11.287849610081208,60.000349871503175,2.178182689918762,1.0,2.0,15.307823405886118,38.0,37.813842876497574
49.3158641043943,24.717645297107904,21.64141197100838,1.0,4.0,42.8513681163118,24.0,41.360353773570125
23.253652878635524,61.42521123962153,61.31762803442238,0.0,0.0,41.52137988551394,31.0,40.72200256749235
14.138007252533841,29.370611753206806,5.6901535319106165,1.0,2.0,25.819670428176885,47.0,33.65657886638082
67.80078741681567,13.09693540812063,23.887938983567444,0.0,3.0,5.0,31.0,33.5603518362809
50.944882385154855,21.56423790878167,56.29570527086801,1.0,4.0,23.23247252928287,11.0,44.809403911576716
19.417883243364695,69.03126418563953,5.987555017460034,0.0,5.0,5.0,13.0,29.45146452740973
28.52800888137508,69.62956418580009,43.45199220657837,0.0,5.0,15.731033083544574,38.0,44.79441236978036
49.61204394450261,62.91831820058007,20.32962785466281,0.0,6.0,10.61713404048126,4.0,37.244192121346195
35.5042768490902,43.73138120990826,8.69204985931832,1.0,4.0,83.16793836245506,25.0,41.085683253862385
42.16970230232848,57.43284483024706,29.103139603783468,0.0,2.0,21.957590793837046,42.0,41.24374985311066
45.46001337637417,61.23799141472506,31.484570295323582,0.0,3.0,52.294481331605795,40.0,44.35063821680498
67.77985130432603,45.96625727949682,24.837662349216654,1.0,3.0,20.429302107310644,46.0,55.39597899127859
65.08358697480296,31.69917583442956,21.306148215370044,0.0,4.0,12.715189869705481,17.0,34.91955747610958
47.43046301974,60.817116874247446,4.348358849839351,0.0,3.0,19.894339893980263,6.0,31.579453541344336
29.609694829223987,48.643907723500945,36.37372769079704,1.0,5.0,78.2504903250954,24.0,46.736489316175884
61.854062712663115,55.4512578945391,24.4532818650562,0.0,2.0,5.0,36.0,43.15031985814513
55.2083372421344,24.146698558726513,59.34171234410513,1.0,4.0,16.710418266156893,27.0,50.332976451026056
21.342346488465523,85.05938889591906,27.541288232033303,1.0,7.0,9.85709246770724,9.0,48.84750000852362
15.58137260245057,52.31693983217226,30.32448195570524,1.0,5.0,23.37400337675275,15.0,39.965287900665146
54.256346688511606,48.73617517761892,30.923991963398034,0.0,5.0,31.292687129310973,18.0,39.642115935131784
72.86117262947232,52.97358267356118,33.16252646978803,1.0,3.0,43.530917927013284,25.0,56.17014581158958
52.91786470005513,16.85191793490518,41.04354311066769,0.0,3.0,5.0055441762834665,42.0,36.501265164399285
28.630525733703426,42.87389607782889,18.29040934523569,0.0,5.0,31.28913492199481,14.0,28.40997002037011
61.42781383707363,48.690442155777966,19.101937983019056,1.0,6.0,52.168121204016884,7.0,47.85164735223039
19.909977938888233,31.53102626041026,3.7825072308613885,1.0,3.0,40.1796122375271,29.0,32.46201140741411
73.5013043145602,74.77362056912132,48.0377328434714,0.0,5.0,22.906339029416873,2.0,50.884404570203
54.52499237695346,60.31916321321553,58.863619580202176,0.0,2.0,31.630110167166972,39.0,50.57469835025936
29.679849610367963,27.22642973446189,8.8081537909733,0.0,7.0,80.55218593417662,4.0,23.099244313085656
53.73501261086514,31.55564268216094,19.997832270918124,1.0,4.0,24.256190907768268,8.0,40.140687428928835
44.57410571366726,68.41033941560883,40.34120685203639,0.0,5.0,60.19000922823349,8.0,42.51815283729097
57.39505392565199,80.87971026902204,19.234405941266694,1.0,3.0,110.74263397028763,23.0,57.42209158299427
19.216903974488556,51.09657603893737,8.855893003874204,0.0,5.0,5.0,28.0,28.616215270797994
62.4691337170161,28.10180128745621,5.421631457450104,0.0,4.0,69.32037290325404,34.0,34.86346750067319
71.1615312415934,57.3869682511377,32.208144388030135,1.0,2.0,5.0,4.0,50.84542041745547
30.481849135133505,41.56143955065668,58.39609068445163,0.0,2.0,5.0,24.0,36.12337364167121
19.593071972750366,69.07782773152532,37.804261424299625,0.0,5.0,19.49890733598806,8.0,35.11855535764861
58.33182586341793,27.998655294228207,4.139947773533468,0.0,7.0,23.66767049284131,1.0,27.758963253975057
36.953625745116156,27.30679144648109,15.596431215304335,0.0,2.0,5.0,16.0,23.951057207626842
43.93656435475444,48.25514908502833,45.7875389466204,0.0,2.0,112.75606900680789,31.0,42.2522241960726
15.018014051592122,16.01321560601771,15.08043067358894,1.0,4.0,5.0,24.0,28.540560215786915
19.663826683328473,26.274486534680484,30.29688114964943,0.0,7.0,41.94186055867848,26.0,28.46612507893903
43.8989270896983,41.352227953629004,32.667938722413034,0.0,1.0,14.996089017070183,12.0,31.312964952322503
43.348216263915454,58.437955899445285,9.595677977084698,0.0,2.0,5.0,44.0,37.965678636257124
57.48861952589126,10.14175202595248,22.55194622736664,1.0,4.0,58.0537251762892,45.0,44.62072330362671
16.460845396466993,5.038459799275724,43.63779785515152,0.0,2.0,56.75459344616772,18.0,20.32081107222267
50.54706419604159,70.34121637809645,32.75390991559971,1.0,6.0,83.07506090994434,15.0,55.55935334485334
59.307324812502706,77.83325805184957,31.97377791426427,0.0,4.0,63.74650430995919,36.0,52.12149805180677
53.0657050923966,54.19439031519141,19.316320205373195,0.0,4.0,26.29799903047045,26.0,39.28758120691438
21.598021039404863,54.199724712542206,25.338177197464834,0.0,3.0,5.0,38.0,34.0337385441464
20.089529395292843,46.40205973454702,35.99969242995667,0.0,2.0,57.44186923412039,10.0,28.388339819800372
28.889484997979675,38.740522440538605,41.83962895618366,0.0,3.0,5.0,24.0,32.3754276508663
67.12202132324234,43.461103124331245,46.21196418484599,1.0,4.0,42.179454599758444,21.0,54.77342970752443
30.770815523823547,50.61840057385278,8.614109337005752,1.0,4.0,5.0,7.0,36.295125891820234
72.69599395160739,24.20356112340725,23.697056882658707,1.0,4.0,9.592234054563844,45.0,51.197811493043346
38.93311560649905,24.22641320745347,10.221893080064726,0.0,2.0,22.34943042271687,6.0,20.864582761288744
75.02205549110788,19.015811277062166,52.35283127968422,0.0,6.0,31.065219342820004,47.0,48.39300400150242
56.621145040510115,39.1562197159201,24.94950095669461,0.0,8.0,82.36277850917601,46.0,45.49816361729666
29.07086721998421,61.77414654240382,13.756083343153872,0.0,5.0,154.46714077571593,33.0,38.76014625807543
6.456055542735836,56.256757672271675,14.796728105975157,0.0,0.0,47.98292082886546,21.0,23.972207341524218
16.638930272513797,40.59216039581338,46.41363654169856,0.0,3.0,328.99495676638566,21.0,36.54539911074922
65.87263922118083,79.62594069552897,16.732782046187545,0.0,6.0,8.36962173045565,9.0,45.76359382302407
46.77393665222065,64.50300257250395,42.91354094351703,1.0,3.0,21.384608979578278,30.0,55.079635174476124
13.70823185573432,37.638915436614276,53.530232460769646,1.0,9.0,55.77224806150659,28.0,46.49161160980455
57.12411061550995,90.19471387136458,11.556780104685174,1.0,6.0,5.0,48.0,63.241062142655665
48.829138098191734,30.807603751116286,42.626348894857905,0.0,5.0,24.9986673490789,21.0,36.6427619216135
84.52929095863915,41.846267415482686,31.183415434153183,0.0,5.0,71.00242058807616,10.0,44.667287758789286
28.147906228355374,25.340799510572314,34.55506736390172,0.0,6.0,34.02920318600611,7.0,26.42210730456572
31.660727838094328,65.6764130209338,25.98273855081945,0.0,4.0,46.134642571541164,23.0,37.911859109685075
69.6024178916363,67.3537534079785,53.60798737351712,1.0,4.0,67.63737791807985,38.0,66.89672119130206
63.83742980242345,37.872982190356396,60.50528649875185,0.0,1.0,75.6804037035076,25.0,44.917268372015485
77.96862357096788,44.54067160145936,35.9591340539969,0.0,4.0,16.924183788668255,15.0,43.94930094634623
55.56990968321626,53.77735848851562,8.601881026604438,0.0,3.0,10.167083425826071,27.0,36.88553491677038
18.209305533627276,55.202902330599535,25.910737237587323,1.0,4.0,17.166852066857526,3.0,37.170203121577984
41.33760078011445,77.84713802864944,53.99350649043896,0.0,10.0,12.805161255032301,39.0,55.64265589204607
40.47828995015452,30.763165011219122,40.0404703657462,1.0,1.0,24.17408581560677,18.0,40.718606196471455
22.582270088573235,43.24355122285036,44.84439513218395,0.0,4.0,17.65782601909059,9.0,30.320157541341167
29.550901619897846,47.30165149972267,34.978416367093295,1.0,5.0,5.0,5.0,40.68382155332379
57.62152449477757,47.41277197421286,7.380961899701302,0.0,6.0,69.54520563821555,25.0,38.334003943285516
59.29965028268548,59.75110919994522,7.873660445523184,0.0,4.0,8.81755004928595,15.0,37.30543962741469
53.72998847205538,43.79682401768195,33.40034793910617,0.0,3.0,73.28407460749467,15.0,37.65245420240546
55.926814211025466,56.200269791330726,63.14159070965821,0.0,3.0,7.109036737380511,16.0,46.13560321060164
36.95924992147435,55.83314971791814,53.99857577800917,0.0,4.0,48.64631379938822,38.0,45.55407467477105
34.58277744978437,44.8800328309789,38.491861127745416,0.0,3.0,6.619749227309602,24.0,34.696469780286094
58.686924335861065,61.7796312697931,50.47365177116049,0.0,2.0,27.72026707614078,37.0,49.80744126383512
23.83632384783929,20.932208309548884,29.393037404766016,0.0,3.0,102.34154682474674,14.0,24.03423812346185
77.05222720095233,24.587543712121015,40.93949543011376,1.0,5.0,37.59182911500562,31.0,54.14134506325787
52.14912705875793,22.7221133525844,58.897488732756464,0.0,7.0,5.0,31.0,41.72230784938688
16.349316517148115,67.24940425123762,53.76356935641821,0.0,4.0,38.500061031080506,42.0,43.83906195066835
28.234328956066122,47.496419630929154,10.502222046876577,0.0,3.0,5.0,44.0,32.2997982227908
54.541785356263816,46.16150988743729,41.187475574247436,1.0,2.0,5.0,21.0,49.2216522591081
35.59215126752376,39.429930542726176,36.60019251971833,0.0,5.0,23.934626448343614,22.0,34.47091815213969
37.76940216781194,46.24049666271699,10.842879593836335,1.0,3.0,72.10815662579152,45.0,45.98821375891533
27.367222255840005,37.99156935929713,12.205268461035248,0.0,2.0,73.17116273527884,21.0,25.952508184030243
50.635812370200014,41.221693859723125,49.576869854657104,0.0,4.0,38.811193199497175,33.0,43.19764105906881
31.55623023844527,66.54257849368463,12.405362995563392,0.0,4.0,13.323895226870635,33.0,36.813919353349235
68.30328406474474,40.48173348107967,28.380093618389495,1.0,3.0,62.704465655243126,36.0,53.62636242323887
32.93811834244554,48.2249549419342,56.49382281251879,1.0,2.0,54.5590444659363,31.0,50.47238043958409
44.970259683811804,64.87179783062916,48.34890721242502,1.0,5.0,190.66282096161402,16.0,57.6102189069942
48.998758783405115,74.02215681200158,33.26566431722113,0.0,7.0,23.694889631433398,48.0,52.54892622159124
36.33681594384905,64.5005715021022,14.29625760110774,1.0,5.0,68.84589532875084,30.0,49.02884962161772
22.889313157619387,59.587238717235635,52.72629837146086,1.0,4.0,34.30531115617667,16.0,47.85050386612946
33.51802634558209,78.41055838340024,7.690205469642089,0.0,3.0,59.49891670645562,11.0,35.00183227696978
35.63653593197246,50.534638621122795,27.731200313381056,0.0,3.0,5.0,36.0,36.68903370095003
64.8963714806648,13.887949568451655,16.74460952204112,0.0,2.0,13.684652340839012,47.0,34.44369521350412
55.03961531149761,72.8398958943052,9.592919290393995,0.0,3.0,24.506936419654167,37.0,44.086933721255924
81.7818560342806,94.3974032013621,14.82978078064248,0.0,6.0,5.822237696798116,26.0,56.5438823856418
27.292403017713056,42.21017014769865,42.72189005982648,0.0,1.0,19.171107072993962,37.0,34.678443444778104
69.31316820066772,58.06097473302238,18.65487939472258,0.0,1.0,10.232644522842762,12.0,38.94583116949056
17.41840597839508,56.53844869914566,18.74760202704772,1.0,5.0,6.58760368205765,46.0,45.28715281510256
37.36637473779845,34.32243104470673,11.402612541747946,1.0,1.0,21.002763235573617,44.0,40.45611255202069
22.7461805402187,63.446981178220575,25.06215097915182,0.0,6.0,23.289344948857277,4.0,31.85984085775066
63.813899423344324,70.83624052341413,45.790631861992836,0.0,2.0,8.891909515971104,23.0,49.123499549407605
24.74964942566638,16.039245040590984,9.39495127523051,1.0,4.0,18.990950530531954,33.0,31.99769954888775
20.906156160300423,73.62119565805953,51.10780765134384,0.0,3.0,20.4887656142946,37.0,43.971508130477986
62.79827225911085,43.59876522664202,44.795444127761584,0.0,2.0,42.387284968726725,23.0,42.53109389636507
44.54901431985017,62.09543298147216,38.6853473180174,0.0,0.0,87.73041317635106,32.0,42.819456219127744
37.25945248627308,31.919985780302184,25.353169718844583,1.0,5.0,21.128950487939143,43.0,45.07973918683819
68.49768889420925,59.670684002932184,53.0120169351046,0.0,3.0,174.3373692777998,19.0,52.08957733019561
48.888775323321255,48.55800203990672,53.86485239556418,0.0,4.0,5.349926007984799,20.0,42.074996673412855
53.69030505811912,45.72055724589057,32.93135610389913,0.0,7.0,46.98029136166333,7.0,38.50359262401552
70.49705806193268,58.49759422140972,40.97958979963745,1.0,3.0,10.392584261497637,47.0,62.44409938265971
54.106435885493134,55.70151342079197,35.241755422580795,1.0,7.0,5.0,32.0,55.93367174442077
48.9580138910458,65.69798817089834,52.972591504667065,0.0,3.0,5.0,7.0,42.81685214975279
41.1788136366864,77.9726495278964,50.72421495057291,1.0,1.0,5.0,40.0,59.03270878126028
15.988801511034675,38.55949432281179,10.517433173440653,0.0,4.0,33.871129303873445,6.0,20.334649845893882
25.129440719947592,55.22011994962182,16.27457025488249,1.0,6.0,21.16404785373496,32.0,44.43225184211022
44.13264057827214,14.797604784259615,29.89105931349341,1.0,5.0,62.24963997998476,9.0,37.16409933626465
63.657217607691194,34.57901458397004,28.52360501674062,0.0,4.0,105.61301735413183,44.0,44.2093727316794
51.31513734790316,66.93917250971393,8.485400995979495,0.0,6.0,5.762860090410005,26.0,40.79258153207503
61.1962870839866,22.72101416509759,16.358380803007798,1.0,3.0,44.688574879905474,27.0,42.76977297047072
20.565207097608543,53.77389986694855,56.831650617108906,0.0,3.0,30.808162977319206,18.0,36.31727012410744
35.24133913940782,53.93415853695135,54.96040142841252,0.0,6.0,85.39326552513492,24.0,43.99382001527499
55.12000655109791,45.920611465567376,17.88354592414348,1.0,2.0,9.72448303693936,35.0,47.65635334973381
38.06744301563152,69.44556363778126,6.33930257711995,0.0,4.0,5.0,24.0,35.91277884544385
65.58855653234141,37.72026854853544,60.23693761459724,1.0,2.0,17.391102125638024,20.0,53.722415835651425
22.771039051126557,49.76015256006275,42.63419024326326,1.0,4.0,6.617240977961894,43.0,48.41698077100922
59.18352041178385,19.66686138943826,16.84760969706582,1.0,4.0,80.2646641076538,44.0,46.520744005205096
12.534055288594152,12.012398970958465,30.705508401051667,0.0,6.0,30.215286081313163,16.0,20.215354300058085
44.23973437155091,55.40721505901466,16.04333169271928,0.0,4.0,44.55789940421673,19.0,35.63656168426959
26.812647787499934,10.139055441584485,18.48026504870371,1.0,5.0,7.166363568987312,9.0,28.285639421724927
14.50188611999293,88.7444051732402,29.49156745870048,0.0,2.0,52.98997985972483,17.0,37.64468591224288
46.13939141854076,12.824023777894917,34.62327732893354,1.0,1.0,28.179567579184805,10.0,34.97910061647932
24.40198621660065,45.549884503458514,57.84768828481928,0.0,2.0,106.32040280618317,3.0,33.142246726435644
21.519635561649515,69.47678708767425,27.783558379221702,0.0,4.0,25.16796914252032,48.0,41.47584338769235
22.597083288802626,20.47972050442006,29.174463844651992,0.0,2.0,5.0,40.0,26.370760383902734
27.55901445283733,57.795813002599004,26.105783962966033,0.0,3.0,5.0,18.0,32.40986365645229
31.237107254140682,60.75168588148259,15.839675010738244,1.0,2.0,8.964509216887642,11.0,39.96942347039122
29.44915404741725,60.36720591397351,15.600662427866292,1.0,3.0,52.20641767802826,42.0,47.368350829481514
66.19402126569852,56.42130574410976,1.4891064663920315,0.0,3.0,7.664036811831023,27.0,38.7299337819671
44.15140713543643,32.395946709337956,31.322123097114073,1.0,3.0,13.927920217365749,4.0,38.51315481829707
50.99361621840678,27.760751943370092,71.48816925775907,0.0,8.0,18.2431871824624,45.0,49.05942296897861
44.65421308443748,18.666022398713285,36.761901928864,1.0,2.0,5.0,35.0,41.907439256560494
7.598127534627097,51.25214953627844,35.37908612885317,1.0,2.0,53.81517851740862,2.0,34.61469006384519
61.059653515171874,35.07989501820655,48.54149276500362,1.0,6.0,27.210611825736812,10.0,50.3707312561934
34.06068327097281,55.013573080609746,27.52695876321658,0.0,2.0,10.13515724782663,45.0,38.68499231882882
37.05604832724699,47.82830494195616,37.03510744804204,0.0,7.0,22.092700740685032,20.0,37.90329715505623
65.0673694786456,32.912542134358915,18.148113352543437,0.0,1.0,42.8153891293031,31.0,36.10590835634588
39.32967047880941,90.32273067270583,44.6207282251333,0.0,2.0,42.64246670580217,44.0,52.69009526702152
56.2653746021995,88.718298004335,38.729327803768626,1.0,4.0,9.42536506839159,37.0,64.55529101375518
16.912676898219473,13.218374188585369,11.279527842444475,1.0,5.0,19.694634357520172,17.0,27.057561027340512
24.023875607129007,54.71467327338283,40.430051179539255,1.0,2.0,5.0,27.0,44.82898078936915
50.94544746541394,90.88288966708576,45.279323043329704,0.0,7.0,19.288129875350226,5.0,50.6070448226312
71.15445057944183,40.47922873495345,38.36776283502145,1.0,3.0,5.0,18.0,51.43197239560311
81.30876938521062,45.55975169865625,14.850528126230971,1.0,3.0,5.0,20.0,50.95390256287958
15.28624435989796,43.617571665381895,27.843591473430063,0.0,4.0,31.25506136236533,5.0,24.628106861586616
61.44557686539367,82.50454410959762,32.02782240088972,0.0,6.0,27.60406532489129,38.0,54.86184269709025
28.129298755715197,21.252111285061368,44.563361060431816,0.0,4.0,75.24645724255294,41.0,33.97128720046489
32.160516938477826,26.465645494495664,59.25547473008288,0.0,4.0,50.632462835733584,19.0,34.14528481097462
25.043667512489655,92.34239395501402,42.774772157725835,1.0,2.0,50.74631838344675,47.0,60.041396166090024
41.72628236001942,41.604575545051446,44.124554257224645,1.0,4.0,77.37141206965191,9.0,45.74672023577235
61.5090590338106,84.59841045319693,39.85633316299306,0.0,3.0,5.8998818255410805,18.0,50.36613164086132
38.618644708128194,68.66557416386544,49.88538430385881,0.0,2.0,5.0,37.0,45.93979824543684
35.777133604411574,51.51027780711623,75.6979887968186,0.0,1.0,16.270746620044704,48.0,47.95353221131324
33.59244990453027,32.988478391800214,29.4023574434431,1.0,4.0,11.206395813883306,3.0,36.04149814571557
12.694709744284069,52.5996533678347,16.757595043361654,0.0,4.0,5.0,28.0,28.275109786702025
54.59899397188329,66.1756281477834,53.45136741784427,0.0,6.0,8.176626743429043,3.0,45.67246154835411
23.102541823688053,67.9179496486839,30.786999314211773,1.0,5.0,5.0,13.0,45.054189397602016
63.86338054301321,87.14603341400017,36.00449048482462,0.0,4.0,47.48281695643794,12.0,51.069574592013694
32.222217793888206,36.30344366766376,26.43476339263662,1.0,1.0,26.019877713488462,46.0,43.188765598185086
34.704058850363936,79.87005153373123,33.589731437683525,0.0,3.0,9.325650372222395,5.0,38.5896535576716
37.52116622744816,63.697676675966676,11.944241978866499,1.0,4.0,73.60369002283774,16.0,45.165632922083766
42.11064120501122,64.24524199606535,41.9649746231866,1.0,3.0,128.04699341209405,43.0,58.501238926481676
31.338981488303062,44.266298258415446,18.33627775818025,0.0,5.0,19.00568003719297,19.0,30.2403557557262
60.76852756993861,50.18252377958379,40.38307599838845,0.0,3.0,47.10402267645466,9.0,40.631458490587384
51.45519813037901,28.520361145571695,15.787846434429555,0.0,2.0,47.1553106386022,27.0,31.05289865197896
65.73079031431345,20.276619445655104,12.299528308269156,0.0,5.0,28.903690611264167,10.0,29.956498580537918
49.32825763604129,16.0294722945455,28.648471405372312,0.0,3.0,21.725070667639955,25.0,29.711961510407292
64.30533661056869,62.9909162093072,33.003797122057584,0.0,4.0,36.170660941718744,45.0,51.189902514881524
71.94954908624995,46.575792247243875,57.52182594990675,0.0,5.0,6.478750886828799,12.0,47.09860887442472
62.82921538484638,58.58283138256915,62.88354972150416,1.0,6.0,45.33366665003816,9.0,59.71139496915547
48.943151436193666,69.31536931623997,48.62497680760193,0.0,7.0,5.0,27.0,49.68129221629546
41.23071505923823,43.308419371609666,37.69437228809781,0.0,3.0,32.5700025309231,38.0,39.241724782616664
20.35032072108112,70.7196433162713,2.589705753176966,0.0,4.0,5.0,26.0,31.468765493306837
33.50127795936412,57.23151767313783,17.80745784526386,1.0,3.0,77.55338367413357,33.0,46.67075815066093
81.74493469309509,86.0343143848167,43.8383499764896,0.0,8.0,45.114346690614084,28.0,62.78143586525483
38.47360430665396,45.88951347478507,42.283976693803396,0.0,3.0,22.224626399356627,17.0,35.53373397877424
39.318230699489646,19.989148508086842,19.46218268900786,0.0,4.0,32.77883480752348,46.0,31.624858035846167
60.133649169551695,23.22119917104122,45.93676359191038,0.0,1.0,35.63700863352399,19.0,35.36380497620079
54.821887349312824,57.57983614654406,62.42161545470326,1.0,5.0,84.24185843578358,25.0,60.81125780028722
45.64858270057993,33.91835523137104,41.670282636871,1.0,5.0,23.837089429199622,40.0,50.36919946561261
58.58980832911417,48.254277172602244,51.38282711839801,0.0,8.0,31.21210813077572,42.0,51.695162295057564
30.578908240048964,46.17725202867581,17.348313895203066,1.0,5.0,62.05016015130709,46.0,46.81637271591462
40.5698910434427,25.549428489385573,53.63594387831056,1.0,5.0,20.70201757849693,23.0,45.79605901043912
43.73193754287585,17.957633522378558,25.779581203155246,0.0,5.0,10.414508504231536,19.0,28.078265843695945
32.829728029773044,43.28512282748976,8.80480058282334,1.0,4.0,13.091893455960214,16.0,37.051510699999575
57.01104441717803,16.0932689759799,36.481294880829736,1.0,2.0,6.389243839192998,25.0,42.24178886790597
31.090460677763655,83.71592510555554,40.913157249608275,0.0,5.0,48.038483372293996,17.0,44.71999756319734
58.25413282339974,48.76153296009159,14.0766180294117,1.0,2.0,98.73413725690112,13.0,45.58558946355987
66.01302681843265,53.12046098661639,57.431442481775676,1.0,4.0,5.0,9.0,55.91132711428406
55.22245719029459,13.341509489243572,37.92503402062986,0.0,3.0,41.395224028608226,28.0,33.38723628791601
48.948186020480335,21.42741675476626,10.157985339122117,1.0,3.0,18.017442586441526,31.0,38.444179946698235
36.11027133994975,61.40055362886711,22.091327502122258,0.0,3.0,15.789499352329814,7.0,32.570095063008594
15.103281875817895,92.97013961121569,12.093246015632923,1.0,4.0,29.28913368616374,7.0,44.14778724860825
21.400094225736332,38.280118042400716,38.54140697807754,0.0,6.0,11.975120730048394,46.0,36.45117021058407
47.42518576771875,79.98274828732526,70.44036438540452,0.0,5.0,128.65315313723752,36.0,59.34645278692
27.254845955546468,74.18463843176242,29.519055426283618,1.0,5.0,48.95949104304866,9.0,47.45120533627826
40.201372784881286,49.712930677493496,52.61059925590899,1.0,4.0,21.74496093928231,19.0,50.06059493556114
12.485074729497619,41.15196097928308,46.75300710963325,1.0,7.0,28.6809587556517,12.0,40.50014619090152
26.91395953488996,62.187679963070075,17.970571449060355,1.0,1.0,5.0,36.0,44.136190830968744
39.452413957261925,73.1243318277764,22.523313102089883,1.0,3.0,40.86979417983005,27.0,51.09124495027416
29.906950090395295,83.96233254207078,22.252877010753846,1.0,3.0,32.33081155467805,34.0,52.647845624694185
34.374036592932555,48.15151929049242,24.358596136469686,0.0,5.0,106.50162698942898,26.0,36.38314073793876
52.94412490785581,65.08081700034306,75.43617909800287,1.0,5.0,28.895014494630857,38.0,66.42137158654292
50.08310703726714,31.466034986828152,66.5871164168461,0.0,6.0,5.0,22.0,42.38804212272638
74.84727330925935,29.18362009002879,34.15006637395373,1.0,6.0,44.19189817403609,21.0,52.0965745880935
13.018314980890445,33.66648488268198,9.418736479235676,1.0,2.0,6.746108342631482,7.0,26.481536095259532
44.499487158967725,60.40867372383776,14.735754393599754,0.0,3.0,31.37240568626493,38.0,39.718305879813286
30.182723379184246,71.90574684695098,46.966150224023416,1.0,5.0,31.810380829458232,7.0,50.34322188459433
29.156692916056787,65.13124556448822,23.185222273171537,0.0,4.0,87.32361306673482,31.0,39.08050133610526
43.51424197113068,66.83683612887671,8.823958437910024,1.0,3.0,25.035896585858264,37.0,49.56161247763435
62.38417328679085,44.98348404501829,42.9337279140448,0.0,5.0,48.449849837289044,44.0,48.897656912507024
64.98389856294678,30.740906145276135,34.38370107793741,0.0,3.0,5.0,14.0,35.824608059309874
44.771874314090816,28.26229818453611,20.462957269046356,1.0,8.0,162.19535269999957,32.0,47.59504163246599
39.40847937946339,12.33468466766722,34.69153640794388,0.0,3.0,18.298563596730016,26.0,27.656736231972697
25.605374823885246,37.149807354699185,18.75196223460096,0.0,6.0,69.02266248048953,8.0,26.486307907842757
27.66078883909594,88.1070458157494,57.061190053844115,0.0,3.0,51.56825576065148,14.0,46.302228456359856
52.52060505018248,64.35524390628972,14.432089869474343,1.0,5.0,10.348261984297732,15.0,48.770678786032214
15.494599270695323,73.4433638518345,24.887166845008867,0.0,4.0,64.89981114429463,17.0,34.718253705853456
22.158173166874075,64.29933759316286,44.14210518633793,1.0,4.0,11.339570475718826,18.0,47.086256803457864
16.169292905882017,54.7686678457693,23.442294377464517,0.0,5.0,89.82634316743678,48.0,37.5528092600878
49.00234344692738,78.56137349557099,7.360496612064027,0.0,6.0,5.0,26.0,42.87969522470406
35.45789866819392,64.2647035309053,15.079785626385862,0.0,5.0,36.22741754038696,16.0,35.33782269252638
43.91211283045041,62.97034389411594,23.20533668818735,0.0,4.0,16.246856822585706,38.0,42.2699519885641
55.38587166476909,54.70861974684734,46.64721045753743,0.0,6.0,23.5247529632258,38.0,49.24022667034277
49.93255306361423,59.90938569724255,72.56265370061303,0.0,5.0,19.61614450198551,5.0,46.74033832037651
26.05992667801554,27.20827967659672,47.905976914055934,0.0,2.0,55.19862373292359,37.0,33.043886112789394
60.757044945441784,75.95573587600214,53.80388996671618,1.0,5.0,144.6610753720712,18.0,64.91552803947897
11.398259387448435,21.237353168655133,16.973912562399676,0.0,7.0,5.306587597612316,40.0,24.659817403458078
38.67423374651994,43.26102506457625,41.880656892530496,0.0,6.0,25.25489501372429,32.0,40.0317106482213
11.155818398686648,46.37705995742864,43.2075833396992,0.0,5.0,57.02678013411918,15.0,30.623605192984378
28.60601448446606,25.56102402950297,4.423952123923545,1.0,5.0,45.24038140011408,26.0,34.08135768127925
46.60602917951439,49.30944893257562,25.25264116989327,0.0,4.0,25.494176747402477,42.0,40.95594796361587
65.48690446294435,50.4654165463155,20.08681941358415,1.0,3.0,16.473941354900838,3.0,45.95992296212981
36.21475065862112,62.01162515484957,23.021037846230822,1.0,5.0,30.121674867953693,1.0,43.30490168663958
24.393484624213766,54.48197434665152,35.86267689649028,1.0,6.0,16.955114373596807,17.0,44.77216907615298
41.131065784779246,29.575545135332344,55.111928706548674,0.0,5.0,37.43145650386097,10.0,34.86433426808152
21.07643534673605,61.809919974307626,48.97403112495458,0.0,0.0,65.94352008655335,15.0,34.9602654569829
72.79685411578734,43.347697855672266,42.72499070865021,1.0,5.0,34.20750374404927,38.0,59.515286209475924
80.73912751702703,23.634368908495176,36.822610268617,0.0,4.0,5.0,45.0,45.599562826770615
44.554474691208625,34.64001311854298,21.455414396102253,1.0,4.0,30.703101208606647,3.0,37.99543352249715
40.851547913368194,74.17360652334021,32.36496908314929,0.0,5.0,21.51696346894183,44.0,48.15962169518579
41.77157925146023,32.79720110655748,50.65238391470959,0.0,6.0,94.45412102367473,17.0,38.2034209595865
35.9764507600034,50.383204857339315,26.292608527475025,0.0,2.0,31.027776759940174,5.0,29.84399114502949
52.429586315021616,50.488136384254645,15.268905531153742,0.0,5.0,47.17962852483029,30.0,39.31013768487975
50.588906411523126,20.133329853904087,12.804463715156999,1.0,5.0,33.60540177994256,45.0,43.62189317832039
59.67070368509406,57.71437350935636,24.198168164416664,0.0,3.0,206.69738457215132,48.0,50.319850622938965
68.22940737652067,46.756467928869064,46.558398652334986,0.0,1.0,57.73316288735246,20.0,44.046145147894805
28.419646716998237,22.123374346051232,53.461850428437096,1.0,5.0,54.47282979759928,17.0,41.29258194740177
36.60576303867861,17.68495873333448,22.06469510891702,1.0,8.0,22.407165428369584,10.0,35.85042944002073
59.190404275930455,48.01773618229774,52.80768085368407,1.0,2.0,80.14270528500137,5.0,51.34142539099389
74.3127584121078,32.88384679048077,22.472877270079145,1.0,3.0,31.262897447113087,6.0,45.16898470360523
21.495265191050095,38.20289710381633,63.31160899746453,1.0,5.0,27.080748441428014,27.0,47.08681067537141
74.45764467148211,69.88084484083487,31.949808823137758,0.0,3.0,31.649021941559944,41.0,53.64923124820466
32.535376483869186,66.17196910161083,33.99951009818326,0.0,5.0,48.90140906750994,23.0,40.57976659735685
29.22106581210319,66.83079654849936,33.89299425125083,0.0,4.0,5.0,31.0,40.016564440400806
43.076725474361325,41.330385152171736,22.342292251922004,0.0,4.0,30.659318905679683,17.0,32.391755818464596
25.83127344266035,57.301630494699026,16.4112756809054,0.0,4.0,67.99884133799392,47.0,37.88379128061414
29.014318093877044,35.43348935727834,10.032879864712413,0.0,6.0,16.033846678911942,6.0,23.689204769309566
51.291858334002015,25.521381888024784,44.21172682093033,0.0,5.0,7.646360139806814,38.0,39.4485826224889
61.43488363214931,48.23412394379129,78.00550403626924,1.0,7.0,5.0,39.0,65.91001936790566
50.4456952004916,71.67664207265337,29.547678557293445,0.0,5.0,30.095224598835845,1.0,40.58369118838832
51.87648238703766,56.56370682554092,13.879499510429744,0.0,3.0,15.594312503932107,44.0,41.3645001219759
61.76835220041431,75.29929914647056,19.399506697992113,0.0,1.0,49.69622945229679,37.0,47.515738765365576
8.644617530833209,53.20105133209909,49.60653050477652,0.0,3.0,60.736824012213106,12.0,31.097459796932643
30.398103590949326,75.73773437374966,39.584046858961855,0.0,5.0,79.82284526212332,5.0,40.42222576820959
9.659453760933644,10.220591654397797,46.77473047091272,0.0,6.0,5.0,3.0,19.049957448015405
71.0647711751566,59.33273792014757,19.955876545199093,0.0,6.0,58.835794451446375,39.0,49.89226847189479
18.13373764900225,27.31923350733854,42.05195405649956,0.0,6.0,34.050638235462486,3.0,25.079646365094362
12.842482373226376,56.72442071706034,13.898802835260787,1.0,9.0,13.57029444031093,4.0,37.2762255617634
48.01890505210057,41.365104976737236,37.367800289192346,0.0,4.0,14.27581555779525,5.0,33.813412209537155
25.00938433148829,32.346437534935646,55.209631356517185,1.0,7.0,28.913435562077616,42.0,49.37581711581764
46.101973851333824,32.25269105974018,32.300507684707256,1.0,2.0,5.0,23.0,42.27376776470995
50.394941414351166,55.08446137213987,16.954474206272767,0.0,5.0,14.1146669657245,36.0,40.87637221052514
19.008922882498627,73.35954289218182,17.65150172550681,0.0,4.0,80.008103009251,40.0,39.222578848956495
67.62205206285641,37.6108447130907,18.170383901516352,0.0,3.0,36.760848269446385,9.0,34.55251793967898
27.766936456891866,82.41388178358645,46.34958601636176,0.0,8.0,5.932503478576836,44.0,51.433771832963465
35.824835432885656,26.277437722009196,42.615666580729474,0.0,6.0,62.56675860867807,16.0,32.633370110376504
48.91355462415072,27.711914195490344,31.174746504080275,0.0,3.0,45.634276575702636,31.0,34.76233537057371
30.22652315500626,67.72396993973699,55.647448544090594,0.0,7.0,5.0,20.0,44.55044631583726
52.226105915465396,39.81535869349302,13.399301334625102,1.0,6.0,116.62091721895776,32.0,48.689311430210445
31.490250952345257,36.82691508111983,20.575611374633944,1.0,2.0,60.554284515988385,29.0,39.78049947361283
39.08474179717339,83.72220252818579,71.09178621078803,1.0,3.0,5.389125532299234,42.0,65.77787583414339
48.425691960020345,68.49628384120605,24.505644884886554,0.0,1.0,72.06063218532356,48.0,46.23950223765705
48.397705405494804,35.61881014587575,31.41276820345435,0.0,7.0,91.02213790664545,10.0,35.857125286666424
8.713815750410804,69.54520880517723,64.32402613938461,0.0,7.0,24.91980549933947,37.0,45.302957476760724
33.26696447777759,65.79772358781837,43.57331786064493,0.0,5.0,11.964917365698993,26.0,42.47013393584195
86.14698715553662,27.00104220014168,53.55865613022893,0.0,3.0,29.036465305463913,6.0,42.82946787107464
20.031867721847295,33.47612243554483,28.347965358022726,0.0,3.0,41.268353655443036,10.0,23.95529101739477
48.296101811557364,45.105432786092095,18.888842036318383,0.0,6.0,10.28071243103901,18.0,35.08376630529682
61.449535551177505,51.263337106707965,21.48123543998218,0.0,2.0,11.542053309827669,15.0,37.16363965199769
33.240247503571666,74.05364760103397,35.2871605899228,0.0,1.0,51.45596140903405,21.0,39.95169178898332
39.5756253155295,53.112289359290635,12.400800725502227,0.0,4.0,38.76392895822753,48.0,39.0940840596367
58.44829498781707,13.766331267646498,36.69534911396519,0.0,5.0,15.295102629768122,12.0,31.53196177258763
26.85367961431141,93.35448852981007,7.299246719877038,1.0,4.0,16.199170938012035,14.0,47.41920813209935
55.9164020328487,25.45866159019089,59.74006109842519,0.0,3.0,46.118845495155405,34.0,42.29748836868138
55.02288165330048,45.42157815137298,30.111718443079827,0.0,4.0,14.797594192972966,22.0,38.67941052364379
65.84900729541785,59.0242741502559,12.246496942875277,0.0,3.0,12.921139784852743,25.0,41.134375879023885
46.67071558052573,77.35486953900505,6.967871001096711,0.0,2.0,50.96546687990256,33.0,41.62761315103342
37.496384510196606,45.10651671803853,42.61169064256425,1.0,3.0,18.88879845920789,36.0,49.05083940475579
63.975298051593185,63.79328860019232,14.621646053828135,0.0,6.0,54.833058192475086,1.0,40.171470370894845
73.2161119786597,70.86246678939587,19.213565491286396,0.0,7.0,56.70809344728821,6.0,46.9131863258836
25.89606373608912,34.69666997809703,50.75811397070341,0.0,3.0,108.37074585705807,20.0,33.633887806495046
32.967667703891316,83.1687466495081,7.086811545032045,0.0,8.0,35.58148086895565,6.0,37.7464288480687
62.71200462588017,69.0166129048079,14.710431209326044,1.0,4.0,42.79715063543123,27.0,55.021850303912515
34.325720705159554,68.7640874176063,26.159226322804756,0.0,1.0,19.51960112323211,11.0,34.353022651050395
12.713522578208467,52.32568948624965,50.814816001496645,0.0,4.0,32.98038807920611,24.0,34.749040644664646
73.84019532480718,47.569780051039864,18.690601563967313,0.0,2.0,8.106368984817538,45.0,44.96107486978491
64.7856178882584,27.097503813347927,14.512809394580897,0.0,2.0,37.47029699634732,41.0,36.497748244244704
29.707221281432634,21.76953280615159,7.033831704090038,1.0,1.0,84.27571414936665,20.0,30.794802479034736
65.0931038785866,83.26799081860845,12.13429057630219,0.0,8.0,6.997023594634547,23.0,49.782072261451894
23.607450637424403,48.74133799446371,30.906801396944335,0.0,2.0,26.373720005209616,5.0,27.17103183746509
24.559474048120002,43.1506588050668,42.09661164558581,0.0,7.0,9.149633293117796,31.0,36.65484820827622
63.362815282997076,84.37337410264034,44.66719942779439,0.0,4.0,5.0,3.0,49.2591538986349
12.211544586646292,82.86018395131536,79.06260714000629,0.0,4.0,5.0,31.0,48.80545356249168
56.3327059504206,18.49655250329048,33.51595619782202,0.0,5.0,8.705227153456509,29.0,34.9596103960613
70.7795682025525,21.888408176576746,30.327589573036594,0.0,4.0,14.6536019038195,34.0,39.275584047466026
25.53640617060105,20.482156049903054,21.801290325378975,0.0,6.0,8.7026429390081,31.0,26.497284812315318
25.125434263295197,62.52381234226435,32.35083226035281,0.0,2.0,54.502411775622754,13.0,33.51419300563957
42.201225719992614,42.42785289909822,42.87715994615899,1.0,4.0,5.0,44.0,51.66603497733784
26.95824855005527,23.910470676953732,47.23568482587767,1.0,1.0,5.0,47.0,42.72265010526112
65.0459706057506,54.509524473570245,32.403405004693234,0.0,5.0,7.029127467426774,46.0,49.426803986784066
47.2877232319357,71.14763538402444,27.781478424721605,1.0,5.0,9.19109009099957,23.0,53.473957140754344
57.97446393667863,35.270990533327584,24.188731996717337,0.0,3.0,38.28537584164129,11.0,33.20648420034451
37.380421616202916,66.41779979401275,51.82425434316714,0.0,3.0,5.0,25.0,43.62273955452068
23.193151041694385,74.1765995436071,34.20130846878728,0.0,5.0,85.86591065831729,30.0,42.48335088658251
62.159084200590975,20.48116020264736,4.834178061050019,0.0,0.0,11.671766746737166,17.0,25.401998714621
62.13576198795485,76.06820445148821,35.22961604854772,0.0,3.0,5.0,48.0,53.69691481957031
71.5470319035739,31.686373664297147,42.77045793504855,1.0,2.0,107.23461954676476,21.0,52.2154687032461
45.647423695037226,43.290034505866906,43.326692954353284,0.0,5.0,81.94525330891572,2.0,36.288608207275004
75.83322476282487,46.99963553414143,27.34604755926433,1.0,2.0,5.0,16.0,50.94409125276112
34.30883276805457,69.98049321012002,35.173697626120074,1.0,2.0,20.50236726785059,22.0,49.433785031791345
32.48088160779916,65.13320599225318,34.77164189574495,1.0,2.0,34.89664849324712,17.0,46.93078324902702
21.100075922694753,75.38326402100265,19.40860488367157,1.0,4.0,53.85811966506554,41.0,50.2880516892933
8.598574000750975,61.27615494251651,29.143904970361774,1.0,6.0,140.7383295176471,35.0,47.40389648690883
47.84655376383098,20.62535846818103,25.011455057994,0.0,5.0,49.7494655969243,2.0,26.86525838154029
29.179765378266286,11.462158181016243,28.344631754638122,1.0,4.0,27.430645114470693,25.0,34.25302014303767
59.7545888925962,42.36960158515582,37.12699702826543,1.0,4.0,5.0,26.0,51.139780358424424
40.91645698893627,51.558310400016715,10.497423343627233,1.0,3.0,8.030797742120976,44.0,46.545459137472776
62.76728120358077,56.440884614552225,31.849550373887,1.0,6.0,71.05661396776179,31.0,58.05141714199922
28.345733053351562,84.8307192656388,25.999450619306806,0.0,1.0,17.541431379338977,33.0,41.3864984978624
65.9256162667785,66.12306832912157,47.20807083969087,0.0,3.0,5.0,18.0,48.30378531691319
61.80130786385063,66.67521356617145,34.72013638794387,1.0,3.0,55.684727765918915,24.0,57.17685219041267
32.78662972898615,24.828468313682258,26.437665482614968,0.0,3.0,5.0,14.0,24.707974273856767
32.66890839806671,35.4330574797772,28.71091090673425,1.0,6.0,11.674788778052301,24.0,42.001169426368875
59.90571115890646,67.97628162241423,35.45289390823561,1.0,5.0,5.0,43.0,61.45274364364397
69.11512211648453,61.18306184928068,61.161763120931624,0.0,3.0,12.351620159960468,40.0,55.38726435216017
40.41411147625355,47.94049208003363,79.36298546804957,0.0,4.0,59.594508539069174,5.0,42.861471486796425
56.126739397596545,56.97609236521502,11.8453266115029,0.0,5.0,20.532833595106045,26.0,39.80542993490559
46.039140687825295,28.265794728841275,75.90596412983413,0.0,8.0,8.190265248526606,2.0,39.671231985104
32.009460390825346,84.376684182464,41.973130254521934,0.0,3.0,22.86385774602983,12.0,42.44843934914732
19.893919222966435,31.75608835316214,15.346819836100506,0.0,1.0,5.0,35.0,24.040199194585583
72.77040655461973,62.61234894388482,7.599009469990775,0.0,3.0,42.223986008670394,43.0,47.16830382213104
18.120746373758838,22.028526539181804,69.12097288048736,0.0,5.0,5.0,35.0,34.586512804332635
64.04795357247775,61.632576340229896,45.18207248832258,0.0,0.0,13.195452619267153,29.0,46.762122694893435
35.55393085692815,54.68127525973664,63.282737765880235,1.0,7.0,7.066698518890589,32.0,56.69001638605339
22.17049330069805,57.855885593373,27.696302905740172,0.0,7.0,101.63788675788831,30.0,38.49527970649024
23.869020142044842,93.50533807801537,16.806689059650985,0.0,4.0,5.0,16.0,38.80492736694525
37.818293633602686,82.95222572051239,27.632863691758487,0.0,7.0,33.11424245931509,38.0,48.96482075940009
47.18221556644055,54.41575771960594,36.479354086629726,0.0,0.0,16.33264254523664,2.0,33.43868365640897
35.761081948130425,16.28734703067337,8.593921392850229,0.0,2.0,44.73990160778296,46.0,26.542356222093325
44.76347299322374,18.647232522554397,11.347461959585473,0.0,1.0,14.325457900014808,18.0,22.825344595528595
56.5542490472169,78.4889579185122,37.56195362054439,1.0,5.0,5.0,9.0,56.58152579887449
47.51858864693562,60.06770068462237,39.34533084669368,1.0,4.0,5.0,1.0,47.74063850222824
52.974868226661506,63.5804171747017,33.797174571174935,1.0,5.0,162.7913759766499,22.0,57.07075045077546
62.72861883700508,42.4645197359042,15.318190299978834,1.0,2.0,115.67383333210203,21.0,47.38373270319846
69.64970458423771,12.394078965589543,43.11857358084386,0.0,1.0,8.47837450975636,18.0,33.72089476048738
74.35428959683769,43.86420123835692,30.38812833087953,1.0,4.0,5.0,27.0,54.023915041641224
56.653752473719386,59.39253899979481,7.292173328372894,0.0,4.0,32.753857645035794,44.0,42.958418020287176
47.33989407910191,59.312961441908705,56.38162554191669,1.0,5.0,41.065695388579044,17.0,55.63585289640758
50.45635074659581,23.94581819378423,15.990675909179725,1.0,3.0,46.40421525514461,10.0,36.810095055367185
24.956952372944436,54.8825445090792,27.456407585398352,0.0,7.0,85.38313767757859,31.0,38.283818491137154
26.30679391882867,52.99376989051196,37.68365371956592,1.0,4.0,10.251164550626562,26.0,45.6502283205942
36.05765664498781,64.04860154121046,19.187674654764134,0.0,5.0,8.769342194825587,4.0,33.206152988065575
41.67812626693207,23.025740855875835,22.400907371166205,0.0,6.0,5.0,16.0,28.08948158826855
41.22114799197203,62.35797971290463,50.17106379049133,1.0,4.0,5.6924980629701665,11.0,51.001177978910164
18.238114995179558,15.91193442666443,35.75374601017207,1.0,3.0,36.69075317602811,1.0,28.630409954349307
18.523481336240327,54.91719955371502,30.22471273334656,1.0,3.0,23.31045965396558,35.0,44.162988628904124
55.509871793719626,21.02605362452613,70.81040777271406,0.0,5.0,44.20932369545405,15.0,40.63858271634667
64.57319106196323,36.82335931694334,32.078318939492334,0.0,7.0,34.069112365008955,32.0,43.779516963258615
14.369527974428173,57.45664056833147,29.814262285453612,1.0,5.0,42.905422326904684,45.0,47.48583637265207
72.30083272716017,75.98550960769357,27.708251379395794,0.0,4.0,26.483469304108045,10.0,47.892905245674754
68.13626495797762,63.99831628228818,17.178031552620446,0.0,1.0,103.6626607888791,6.0,40.45917150303478
36.24682994889235,82.70933110484626,1.3740507048023467,1.0,7.0,39.282731104436124,23.0,50.25783835981717
39.25711641577732,56.24799730570159,10.608788196757478,0.0,4.0,42.83565055734548,26.0,34.93808241420147
12.051602117905857,56.75669860813027,49.45361385388659,1.0,4.0,75.14670549405147,5.0,42.30406539550071
64.28530521442455,67.32194546359136,61.02414255365141,0.0,3.0,32.90428294654969,24.0,52.764726839165256
47.33839912661276,35.479619387856964,51.274383946933725,1.0,2.0,9.064387954834483,13.0,45.18233584376753
20.636408978117334,38.80314025083395,20.358372127792585,1.0,5.0,19.422377562842755,14.0,35.570009284053185
28.44001081598305,43.170295110842325,47.66029764188607,0.0,4.0,45.21492703076447,19.0,34.96393455069885
46.018715098462124,75.89706001336972,35.69764239664141,0.0,5.0,91.21409092394131,2.0,43.192754075765066
47.37330463153576,35.532827890315204,50.19506624268052,1.0,4.0,22.880316729043074,46.0,53.47315271357971
23.91895083794852,30.43642052090874,8.839702973910569,1.0,2.0,8.868568296645263,26.0,32.284154800429334
53.6193731900705,24.618823746197048,27.41554965340121,0.0,3.0,13.219998543246577,43.0,36.26539246894539
10.649467336360136,9.753278426535223,69.25045995510325,0.0,1.0,19.46444913462116,31.0,26.465067414436916
19.385879230851806,33.11575334294202,19.031911682887937,0.0,5.0,45.881268442706464,31.0,27.64108251554684
67.10413539688895,60.864335949953784,72.4084882345653,0.0,7.0,5.0,20.0,55.407148816957076
46.71346220421356,11.337086109846696,73.98995371120549,0.0,3.0,5.0,27.0,37.03562782075616
66.22236329158002,70.43084006822129,8.856169691135209,0.0,2.0,212.93584656180843,40.0,49.85991837608021
48.25343695409845,55.0868943042502,54.93982563369199,0.0,2.0,15.133171793719075,19.0,42.417378043866606
68.57413343877332,42.57360215088338,22.71210586083705,1.0,6.0,10.306556663750557,28.0,52.368819536189925
33.693068191918215,37.42720389724787,11.28131514432463,1.0,4.0,34.69449499672224,43.0,42.3552209510909
37.531615504026,25.02893097353569,20.884883968720967,0.0,2.0,93.78204232044536,46.0,32.609420926210184
33.44329420649011,73.58995215902972,19.537333752952847,1.0,1.0,20.27428831435083,14.0,44.654597441590866
56.58245040124598,52.9166650010944,10.427985770014821,0.0,7.0,58.276986180872385,41.0,43.83424906153884
37.822544253813135,59.99067158059177,38.43255357078516,0.0,5.0,11.263657973568433,6.0,36.94842116556296
30.31108570490676,60.21750671597709,21.875857513547505,0.0,2.0,26.802809619778447,12.0,31.376709133659368
20.59989508354237,26.529436828986423,19.78540935436066,0.0,4.0,27.961501104127642,7.0,20.423644871086882
28.88880098817981,55.38913578096918,50.1853724322482,0.0,6.0,9.387927831255645,16.0,38.62765056869534
52.66336308368715,44.7262813007362,55.15478579929075,1.0,5.0,29.72578282925684,39.0,57.431217245882465
62.115700599822055,51.57777601436505,20.15615177760185,0.0,6.0,30.05785599473909,19.0,41.01408996229526
42.42055392487023,42.117807140057124,36.263779141147786,0.0,5.0,30.264392412919076,35.0,39.61763394271978
60.01672501021489,47.32329913540207,39.49694539795373,0.0,5.0,17.963401058235277,31.0,44.88532980382636
42.0482636903227,43.89953657377327,15.346996149886232,0.0,6.0,35.30120127075132,38.0,37.179039988082934
38.43965287871781,63.61306900048952,7.836972889738673,0.0,5.0,14.570716046500833,8.0,32.37198936867958
44.17775243227622,81.14599632357933,32.24080546329184,1.0,4.0,17.382594721011817,42.0,59.543416842709156
22.921635648693872,50.58179617709432,26.77531878372481,0.0,5.0,5.0,46.0,36.747588379858676
37.219468064512306,46.956996577269955,42.65453983035739,0.0,2.0,109.32461695280557,10.0,35.17818313223982
64.46895708129652,73.9113336624743,27.411442811696308,0.0,2.0,44.265588764129554,17.0,45.83767302356456
64.61290266316072,49.2586869303792,74.38435854848504,0.0,3.0,47.0621125677812,38.0,54.20267802610428
37.823625438853476,36.36002340091451,63.36719939172729,0.0,1.0,54.05644398664347,30.0,39.217147634686995
60.22630650556988,61.26276822372467,35.583496568213164,0.0,4.0,44.298601946119064,20.0,45.20827336822198
58.74052047598136,19.391648449087693,53.360426050886126,0.0,2.0,70.82093402731039,37.0,40.66321278865737
36.95244077377437,38.15418161957333,47.37883436168808,0.0,4.0,5.0,27.0,36.64408913734121
33.39461124830276,39.30145545675967,39.147959209431775,0.0,3.0,5.0,28.0,33.9369418514853
63.943459687004754,41.962539698661736,22.950250377174996,0.0,2.0,19.04615756108744,46.0,42.36413973974004
67.90930910537575,62.569577161080716,48.01727468400678,0.0,3.0,69.25607456965257,2.0,46.02496466147519
9.668096865238338,64.23031778502455,17.847102204092472,0.0,3.0,11.950508065788629,24.0,29.28303426469999
39.509053148723325,93.79111138499613,39.74995253011506,1.0,6.0,48.145650540410166,47.0,66.02961131692774
24.478696096751783,64.45303576675606,18.46984512223345,0.0,4.0,10.939666191992124,31.0,35.2706953141635
65.06060145200918,56.39633342349835,9.883653249349358,0.0,0.0,231.60387825827098,2.0,37.389708600578835
41.096934959496245,61.771600748424135,23.098820940616573,0.0,4.0,64.37899881057662,28.0,40.12447809131495
75.42547971240637,45.595484101835524,46.058326402819326,1.0,3.0,21.653917729802107,37.0,59.608317922053715
31.77434875707862,58.36624088486367,15.395244180846854,0.0,6.0,76.41379649825645,32.0,37.80913884328674
44.00680603675157,49.15247871381077,18.35379096845393,0.0,2.0,32.52398248130877,7.0,30.40272569762421
46.11258187507948,70.53904229870713,42.16382936329966,1.0,2.0,5.0,10.0,51.11233858277326
60.197881769496306,70.0577819659831,18.66062948443298,0.0,3.0,37.609030505825984,4.0,39.8815557742063
3.2823509360112633,11.145708211937215,38.945374141908324,1.0,0.0,25.43380896091015,19.0,25.863099127920318
26.679002666495784,50.846239320987685,36.58137140177212,0.0,4.0,7.915692589076259,13.0,32.230898629006816
31.002455619030105,20.383308304275527,15.39182045661962,0.0,7.0,5.0,31.0,27.149805072150336
39.82181103844839,56.2187467854302,61.54662351818247,0.0,3.0,75.30487016673531,36.0,47.32556156294085
9.85704298398974,68.40176155210023,8.00671422503655,0.0,6.0,16.971175636000357,31.0,31.963800825083144
53.007788607121086,49.18877383779197,25.416419148630787,0.0,2.0,75.76339385880026,23.0,38.272692318130424
80.61543783744499,32.69738438766923,25.49543576327976,1.0,4.0,47.762915891279434,31.0,53.5075510267601
50.57650839288833,34.4252575287598,23.291101035048165,1.0,5.0,5.0,16.0,42.67532835408834
54.63406912151255,32.666752893505866,34.08239195876539,1.0,0.0,58.88788345361336,22.0,44.40277489791328
20.391113648342,55.70199167542944,51.090201453653115,0.0,5.0,9.21819448231305,9.0,34.63401384465308
25.41630410585775,58.04562203040828,39.10162523037127,0.0,4.0,18.95809582713691,21.0,36.10663516335017
49.41725699496154,13.083751876299276,25.038566075978636,0.0,4.0,15.408546443149675,1.0,23.816136361873923
63.65876044752478,86.19147326798196,34.27767377962827,0.0,7.0,5.0,46.0,58.66809318480234
28.96898374369195,95.87050719147084,33.67163089211913,0.0,2.0,67.50281719260548,15.0,43.75258858939997
50.260852090924935,28.28758601152299,31.268420954783892,0.0,6.0,42.781689171935945,7.0,32.20476083334081
60.18682928089765,48.35672644294476,48.46119432989853,1.0,3.0,22.076817779494995,46.0,58.85299748586355
42.24521925117439,36.99073205706159,5.3178118741043185,1.0,5.0,17.216684453899862,27.0,40.175217224291195
42.96500361190114,73.68911564188258,37.621760193538364,1.0,3.0,111.85783943557348,33.0,57.80003864086507
46.164437993440465,49.06930065630565,46.59193548158398,0.0,1.0,72.79227392088839,18.0,38.99933390383776
39.94072499680702,55.549473999876064,10.179733006711482,0.0,2.0,147.19131409018905,6.0,31.43565596565018
45.49316143415529,49.52163169070225,53.40754517708061,0.0,4.0,13.629405059383043,24.0,42.374462084484826
62.82008036357949,22.922512047478342,30.082112024873588,0.0,3.0,34.98659966264222,26.0,35.56846916765869
21.53057259162138,41.65889118899186,37.79071444603515,0.0,3.0,12.463122208796852,8.0,27.271437945202944
49.98225907703173,42.39875056558664,4.885445472985321,1.0,2.0,5.0,40.0,43.83900817191833
