tx_regularity_score,bill_payment_rate,income_stability,has_savings_behaviour,merchant_diversity,avg_monthly_inflow,account_age_months,credit_score
51.10877664801522,63.92774689509568,14.36421454725485,1.0,5.0,5.0,4.0,44.711973795228694
41.56765877801978,35.357812151324325,14.638878191754673,0.0,5.0,5.0,5.0,25.322476704020293
53.584159587276105,58.135070851069614,11.349187586453205,1.0,2.0,69.98304649796275,37.0,45.469373870844485
29.081685142170453,51.1189446428393,18.36625467034463,0.0,4.0,13.154626875615623,37.0,29.150549076997883
73.91078955649446,19.554846016620992,40.20432284374354,0.0,4.0,16.008478009790416,26.0,35.963409110184216
23.630272301618636,17.7199055766869,77.8245109481644,1.0,4.0,20.947927936400156,43.0,41.95428017285834
64.2681202041863,34.1322617327649,33.15193856014903,0.0,3.0,66.2372673420935,9.0,34.6402794737411
32.536729916669586,22.916166897336144,35.879125364260474,0.0,4.0,5.0,15.0,24.502382609686858
36.48183427244868,92.29849883464205,44.41171847489898,0.0,4.0,5.0,24.0,45.290760305085804
57.04647652145391,68.39412722217124,41.72930735683424,1.0,3.0,40.449521782336525,24.0,53.95320475579052
70.34809554162531,42.95751070703575,21.044119721213853,0.0,4.0,116.24393577572314,35.0,39.445128478819605
20.290174355003334,43.32685735138301,24.57804065728658,0.0,7.0,36.029749574567866,48.0,29.12967538458032
50.36433532206208,41.89665592444175,41.24341216522189,0.0,3.0,10.591855646752416,41.0,36.50006660168504
44.30962039176141,66.35365730754866,24.704389682749497,0.0,3.0,25.67903712258485,25.0,36.70089528867211
24.574382671931712,46.200217613939124,26.24489014966888,0.0,5.0,129.08345737612356,26.0,29.841296752752797
52.04580944420992,47.94824266949368,25.842006652137893,1.0,8.0,26.282846851804138,23.0,46.77077324181567
25.576154162364123,66.55879319561728,48.527943191364606,0.0,4.0,16.366653907004988,6.0,35.63452527361369
45.11073678116516,36.895542920781125,18.24310030662258,0.0,3.0,16.925167320196287,41.0,29.437659330600894
32.82364896549807,16.816999643476333,23.44016781901165,0.0,5.0,119.42922758431581,27.0,23.92573002406165
37.08227202643762,73.35380473104146,72.12263569951759,0.0,2.0,44.418625855347315,19.0,45.39424434295886
37.89637783489373,58.4248774519019,47.11658697330442,1.0,4.0,40.67365733809489,31.0,48.87107640043598
56.28107076828975,60.94082131329122,17.183979351086375,0.0,6.0,9.241269789647209,38.0,39.25679587391354
25.671444251370552,66.15196034176165,39.83154195746184,1.0,6.0,28.693348588466595,43.0,48.164586450524226
47.37106650388064,65.70323430714649,18.801824888213947,0.0,4.0,15.442502720555115,32.0,37.07602022392845
34.59221201498395,33.495232026848626,74.67854691253628,0.0,2.0,9.614571626158652,2.0,33.34473687231728
35.77019894921101,22.17588710463943,15.293691771973512,0.0,4.0,79.06740370983982,18.0,22.44367166054808
50.7128774930115,73.8210080137393,16.386292061809204,1.0,7.0,16.909858466355995,28.0,50.747954191177904
32.58409387336391,50.35163991535555,46.10208980400268,1.0,6.0,11.6333923265459,7.0,43.923819018538474
35.29066109592314,8.702591113552845,21.646846914504884,0.0,6.0,93.94504663709108,23.0,21.947469848130098
43.150542112904425,58.471035868336415,59.202187463776326,1.0,6.0,7.694121260301349,36.0,53.5689379282303
24.72757229445153,25.122686064552802,39.14110160442152,0.0,3.0,47.896563526914896,24.0,24.657129927066027
34.91445513716301,37.88813017235321,56.57578621912725,1.0,2.0,37.01957259337521,28.0,43.50811673269852
46.86385485348302,44.93955605412033,15.567314359645025,1.0,3.0,88.61308424397741,25.0,41.16545828006682
14.237818418198422,48.497825559243324,15.881602722486635,1.0,3.0,62.442517189732115,39.0,34.70931181389348
20.549616164365,83.93305565857185,34.81758146376125,1.0,4.0,42.76234068729482,4.0,46.235048366149854
35.615103931456524,21.26913580517173,47.43097569887446,1.0,9.0,13.219896315345055,45.0,42.46877341497747
48.539046834913584,60.79623092822703,6.968485283088334,1.0,4.0,23.951348398726214,19.0,42.82740473844911
78.1806244545598,46.82137734723117,47.62433134218888,0.0,6.0,101.19535611580726,4.0,45.927825750071776
33.519843842926086,33.54127114574941,39.393969580110024,0.0,3.0,5.0,13.0,27.40740599652421
18.305940197251882,64.734112089383,43.68333702487357,0.0,7.0,55.35219214563367,1.0,34.198982217630245
15.994684356919937,55.02306835290632,22.230154117938735,1.0,2.0,10.15345768395304,34.0,36.26292432398757
33.89450941121493,28.443799799661384,59.2059966612844,0.0,5.0,7.160578434621886,7.0,30.79034588992991
70.38803656420683,62.99859944288524,10.083777103319392,0.0,4.0,9.249031935742138,25.0,39.72806560007544
16.708728540810633,47.76523907376359,38.71317429488374,1.0,6.0,5.0,23.0,39.05779342928697
36.67500292215611,74.80528062884957,49.81173973374116,1.0,8.0,168.90282317609186,30.0,57.30153067198379
45.860586168165355,61.420579226950935,15.24704423275092,0.0,1.0,71.37251604781653,7.0,32.12832711876099
29.20031555698186,58.91750033724642,6.550533170847475,0.0,4.0,25.766003659962664,45.0,29.635149999619305
56.32168549497788,45.13055750572202,69.17715676629989,0.0,3.0,43.94698680004713,17.0,42.91831055890237
60.15358919218466,79.38437382370196,58.86335593236068,0.0,5.0,28.464538334967223,33.0,52.529261220469934
20.275101374515568,48.11207809657886,47.49634785979603,1.0,4.0,58.41766571442978,2.0,39.83074709116369
50.298622468430935,14.765685425168678,28.585750724780272,1.0,1.0,65.19857453114125,38.0,36.72640431085422
48.73377258176414,50.50123849962049,35.44415019294965,0.0,4.0,9.274834770332804,44.0,37.845980165261416
36.83934063850606,60.62671175148304,34.58710226794378,0.0,4.0,21.550170498101302,13.0,34.84540294572232
27.14672889591879,41.77916933265739,51.06774486573378,1.0,2.0,35.26042960249342,32.0,41.74252373726403
62.87598707165007,37.49201190867213,33.824566067087495,0.0,6.0,134.2933920689781,22.0,39.03894056493504
21.410132933692505,50.51326147369127,15.885384116009321,0.0,2.0,40.17559378708283,9.0,23.617401592307804
30.789588717055295,16.33410418216748,15.088916824095378,1.0,2.0,79.77236843229103,17.0,28.558397817874763
49.91161039210141,69.11843435300958,58.04986190523381,1.0,2.0,65.50356908245111,18.0,54.9822073393104
50.764740741563806,53.10435098118709,9.747365488459247,0.0,1.0,30.534865475933785,40.0,32.27197054266119
63.2552037645849,86.38629774743723,46.322338691254764,1.0,2.0,78.43745485841454,40.0,62.32984239399112
27.001308458665708,68.77710630153547,22.072068232011365,0.0,2.0,16.586007204001557,27.0,31.94106011838326
59.448453789266445,44.797826850608885,4.566339829209133,0.0,4.0,16.690830522766962,11.0,30.291891414174927
44.4099882274244,35.30935428920283,45.715940644991285,0.0,2.0,53.148433845485364,28.0,33.323398699682826
43.15452286052192,65.34457132356637,40.01212594286379,0.0,4.0,5.057442494260212,8.0,38.00811781450299
17.389975745409487,68.54641787871175,30.922143307741308,0.0,4.0,12.77610257493861,18.0,31.506278042110925
47.32963190712393,30.076813821064068,22.22672573256654,0.0,5.0,32.82841941326369,13.0,28.07221128917253
33.021760050044065,32.30875252257638,66.07545840992276,1.0,5.0,19.069409916650358,33.0,45.26949705047274
88.30599782370287,78.3078914399021,33.22688502463361,0.0,4.0,98.89410588444326,15.0,53.26448834831239
24.175326884291334,57.641857993499436,26.80044211466489,0.0,6.0,111.37728414136545,22.0,32.62975452197585
24.464119079774633,50.15809524528842,14.992239651890085,0.0,4.0,24.44131096896994,38.0,27.3450624871473
51.76193548895056,49.56118445719269,14.346019651253439,0.0,2.0,27.107202409639953,30.0,32.200365822007406
11.769761301359463,73.22642912256757,45.472682546609896,0.0,5.0,45.13701745566378,6.0,34.23244306126102
31.274317400152814,42.06703498760284,25.83621730070677,0.0,6.0,21.38968894586168,45.0,30.79481658021405
39.048630080681285,46.558218484106376,1.3651026108821784,1.0,4.0,7.379491142237656,34.0,36.75947118831583
43.482849759723344,35.44972015331129,19.883509305481393,0.0,4.0,48.09853770850996,19.0,28.19608760935776
16.03208773618571,31.76636960923293,52.39446739302458,0.0,6.0,46.85078624626625,33.0,29.128120394899838
56.595979711968326,46.642452662763304,44.18851593903902,0.0,4.0,9.835437549915719,14.0,38.10467828228936
68.2645504003499,93.97425638031042,21.65940195792272,0.0,3.0,62.624159846979154,48.0,51.49356864430129
39.22706373914314,56.43166194960871,75.02315658592887,1.0,5.0,33.28533266371588,47.0,56.03521139532652
4.833783642090605,63.159047092310516,12.750571422161519,0.0,3.0,9.435382098121677,41.0,24.7159547482692
80.26907136523329,29.54818162662433,10.698956680455815,0.0,1.0,36.948285107222304,19.0,32.30194381243779
78.88610468040604,60.736729417276244,9.752530254599996,1.0,2.0,9.31222188129003,40.0,51.405210125441215
22.7706688321513,55.34942865953256,18.309656899909367,0.0,3.0,10.787062101666324,15.0,26.214548746529502
48.30762766927607,44.74251304419755,43.0917544197318,0.0,5.0,65.9377596142497,10.0,36.43589021614276
77.74683657170122,69.66975729594908,22.11651872480709,1.0,3.0,92.82080468720025,2.0,54.52925175353586
33.0621152180787,80.15656316722215,28.604099696598823,1.0,4.0,10.391546102090617,2.0,46.491754273278424
54.811828254761394,44.6990038759022,6.851704746407947,0.0,3.0,92.11293909031403,21.0,31.071856007392515
24.660849351514095,60.56775107892138,60.585176384155204,0.0,3.0,9.550016986787023,12.0,36.1769856562285
50.77412943752717,74.77299010509182,56.48509274733381,1.0,4.0,5.0,10.0,55.73046510178818
36.19738528736763,84.85431498603756,26.626363804293568,0.0,5.0,5.0,12.0,39.33486449587668
40.32514365588403,61.8459159546614,28.03239427400081,0.0,6.0,9.702745455847452,39.0,37.75448768473008
52.663645212802244,69.49014080448556,32.913806658362844,0.0,5.0,17.028688974469286,2.0,40.22700019291936
43.81552670533419,58.20956232104444,39.89424268824635,0.0,4.0,91.86926881039751,1.0,37.171695761876954
59.37093182809694,59.89228801659302,36.650178118938264,0.0,5.0,9.704812528283092,2.0,40.134450918746
48.563191515375756,42.75845993428163,34.53782030484517,0.0,3.0,15.920218140137647,23.0,33.50936708029225
14.203699456437956,59.303884366452664,27.224867791022,1.0,6.0,46.36957980337765,28.0,40.097116124114436
48.2715890116436,43.078438288869485,14.482857734796614,0.0,1.0,12.587481378556426,17.0,27.8854780741445
54.57536390354383,66.31683823741955,35.99212267561598,0.0,2.0,40.36125735386673,40.0,42.46725518802591
57.540100290357785,31.252575510046494,24.397953257553176,0.0,4.0,19.801980637821234,21.0,31.277924625150177
55.827922582427355,58.05593596950275,32.68588907925615,1.0,5.0,7.654835534641108,44.0,51.46395315572134
52.624761920849885,38.905205944667586,9.568673523331974,0.0,3.0,46.35681494272387,34.0,29.971269043462684
32.288808530843724,41.57862231715045,24.71489373757441,0.0,4.0,5.0,9.0,26.373169792846756
37.13361114977508,81.94847661333785,18.451241908912593,0.0,2.0,12.102447487149794,17.0,36.137742815688476
33.61220922580357,65.36982319775629,44.73412738815432,0.0,4.0,15.411847000750107,42.0,39.572256468866165
56.223481676848344,31.651358043856508,34.825114120412955,1.0,5.0,21.451221509224194,45.0,45.69361896507306
45.63251461886775,62.74924300343569,19.528442271332484,0.0,6.0,39.865900080597555,32.0,37.50564892779858
58.40439572911915,66.12913526413604,21.29993905316166,0.0,4.0,21.527970919364897,5.0,38.287818093655964
35.69600814826621,56.68251161732931,39.00860839419206,1.0,7.0,31.577026051203845,14.0,46.30158403705655
45.24341035942244,71.75158580578938,36.732973320738324,0.0,4.0,31.702780020856945,46.0,43.069254852450996
36.51937103753255,53.27570039863567,30.919349696881376,0.0,2.0,16.353472997864014,47.0,33.87762669971749
76.93452824226577,39.18936685675287,40.144285007167255,0.0,1.0,95.1182842521634,25.0,41.19838999088939
77.64229160730535,39.26621157801941,53.56182379227826,0.0,2.0,109.20871938428257,22.0,44.58683006493537
14.988068119618337,56.197800220796765,19.41287659659307,0.0,2.0,30.517101070982683,5.0,23.650649354891446
27.607694971013043,66.07287839970797,9.63720508749573,0.0,2.0,5.0,38.0,29.660917693512733
23.636456663911723,44.79089971321314,42.71777026820727,0.0,2.0,23.644526893403416,9.0,27.84537224488379
11.000401675248433,42.78671952320724,22.212790988036375,0.0,3.0,7.1349227941273545,31.0,22.186830595260567
64.20573681749815,33.16055225995464,42.19195937552822,1.0,6.0,23.10445992777363,41.0,49.76630216997989
61.632991361402404,44.759193817283425,47.48089609768918,1.0,2.0,7.309754681921401,21.0,49.0278482557867
58.7741485599131,46.71811327885976,34.82855235702243,1.0,9.0,42.591741822935255,36.0,51.82024380026466
48.87359366133081,42.38417210523776,21.181109398030895,0.0,3.0,5.0,1.0,28.813996654581654
49.460510364116864,24.716727461632853,3.5479582123062965,1.0,3.0,107.24344424881996,22.0,34.40312954021314
71.36466873020893,76.20573487075448,12.870713377471056,0.0,5.0,7.608301890387062,23.0,44.17180973931458
41.573579788940506,80.46414565151984,15.762418304218132,0.0,2.0,37.82596744991572,23.0,37.2504638334907
23.7199889331187,38.34180060773301,38.336350391409866,0.0,8.0,87.09614089276407,15.0,30.092922384445792
56.97550514700802,58.0243805169455,60.82061852771555,0.0,6.0,9.970372588606107,46.0,48.10695441628253
47.83453718832073,33.36689808229853,15.07253020128031,0.0,3.0,95.2913204522781,1.0,26.522859318480663
18.115561487263545,37.081937881669866,34.71055034113053,0.0,2.0,17.224409979829577,6.0,22.583742136803398
34.13729244725432,7.879875680838398,25.504827130542157,0.0,2.0,113.12822833152947,40.0,21.815309111436086
43.63578540790296,39.73085462610818,16.73701303487697,0.0,4.0,124.35799800777917,35.0,31.228790583602645
72.82392315299579,59.19109819448906,45.73734048242674,1.0,11.0,7.292367212209051,17.0,59.551234642085234
36.375114344117435,44.43755843684439,53.314370701470935,0.0,4.0,62.243071947474434,23.0,35.91193148669423
28.402732635073306,48.782521304337564,36.392751260996015,0.0,6.0,7.5233706800840645,20.0,31.561904334599934
62.39732947273418,70.02785514976793,43.29403711554492,1.0,1.0,8.98634955419519,28.0,54.7755518382683
31.180664909741157,51.180866071273456,35.2847703690542,0.0,5.0,5.0,37.0,33.47733681906449
12.862784128521982,34.56441199888927,29.40774831139661,0.0,5.0,5.958371278156777,18.0,22.00034930124931
52.31655468231592,65.2668756435872,55.78330780381042,0.0,5.0,35.009363911197,7.0,44.36266896481702
46.73075021315696,39.55982826386459,13.848029914464732,1.0,2.0,20.876773759904488,47.0,39.65961231564014
45.85374041419229,83.07055476086957,15.148550125529317,1.0,5.0,54.780398917985366,20.0,50.47060353489242
55.602063414043066,44.53222579605912,3.316301367659579,0.0,5.0,14.12118180316339,24.0,30.589438151574747
53.317179914990895,27.160311483577587,37.51813627750467,0.0,5.0,121.16055316483911,16.0,33.56156895578048
48.34797902897024,42.12534450953606,41.74193690087477,0.0,4.0,5.0,13.0,34.263384931468195
36.682868796404996,52.75900012859752,32.05077800459337,0.0,4.0,5.0,28.0,33.31728949883597
27.110191872291555,75.9513905071308,36.030125781729495,1.0,4.0,42.29982170786363,7.0,46.364884565193975
13.713346970070317,41.26940300092092,18.475832010662945,0.0,4.0,76.48017164513548,15.0,22.0478699745359
53.44113508434369,24.614641888614912,23.204809492381134,0.0,2.0,55.551588420510875,23.0,28.027064889777385
42.528738735481596,27.443607731929887,27.821238746855958,1.0,2.0,23.55450882128409,23.0,36.41753984069794
29.1983987775668,22.155834820168028,15.34427957535924,0.0,5.0,10.997685285914754,31.0,21.333377279080196
16.695483251502637,58.86927523281975,14.500386097715712,1.0,5.0,5.0,5.0,34.95460017395707
38.222344850732725,42.51978141272885,33.85447868665889,1.0,6.0,24.92808612817486,27.0,42.805276681247975
54.484081979632315,62.08224339271713,17.336280462892145,0.0,4.0,22.594934446622695,44.0,38.77035638681175
51.18502798497803,68.34073502536096,40.8552104575486,1.0,5.0,14.768929247242388,10.0,51.78878571205034
25.63819662390292,41.73590131164347,57.71271021365541,0.0,2.0,30.202286210957325,42.0,33.43596977265966
34.81890231789583,71.89836247936394,25.349704431712077,0.0,6.0,45.673352139386616,7.0,36.263364053220876
26.143511512681595,14.022853371537835,35.04879747676647,1.0,0.0,42.24282942444052,32.0,30.39390265386587
17.43863845328366,57.57078956820925,9.457247791877537,0.0,5.0,10.692868009637454,23.0,25.398225785236267
74.52368737176529,69.10033130196844,13.7848819587203,0.0,3.0,30.807308224950862,47.0,44.67256465844337
31.616634022560596,43.944542770932266,11.551194434935077,0.0,2.0,5.637736229219186,9.0,23.107403531694406
63.63362329878147,39.085972110215096,34.55575604559712,0.0,8.0,5.0,29.0,39.35438339470189
33.57957356306143,78.1947380171477,43.19389602576443,0.0,4.0,53.938703994991684,27.0,41.82870969745837
53.085445890290615,30.761968722261596,17.901672764550487,0.0,6.0,41.416904770506584,38.0,31.571525349042926
55.82081445683755,51.994587381297606,55.275377728538345,0.0,4.0,51.12490220149387,21.0,42.710257773798695
45.4260735250768,34.13733859806284,55.51483276603781,0.0,2.0,5.789697427673293,43.0,35.73645474283526
52.61433769891231,41.6137927221144,27.82050003016237,1.0,7.0,86.12194066032303,6.0,44.732416995187656
53.54877492889627,31.939953373346363,33.33801116768998,0.0,5.0,5.0,26.0,32.953117642431984
58.60884828734583,81.66427116293048,30.443051250885507,0.0,2.0,71.41768339017703,20.0,45.03290638032235
20.533269065967584,34.362445447840656,31.157586243565216,0.0,5.0,15.205752803130848,15.0,24.115404588681866
25.43820492497163,34.23397511995464,4.661269711824583,0.0,13.0,5.0,45.0,26.613632286929814
83.32339985740667,60.9478093532014,28.273276414095616,0.0,2.0,11.828245540280632,38.0,46.14504284744896
12.553948809316898,49.49610758464464,2.3481939868109687,0.0,3.0,7.007642974657481,20.0,19.36094185011377
27.822279323707992,39.45307303380903,53.98648586916177,0.0,4.0,23.61305065481278,15.0,31.377277407021946
46.66650491209367,38.037122013370286,47.87072146234067,1.0,6.0,104.67282560017019,29.0,48.04148290010352
49.63718020900971,52.55258930551753,25.089425115729995,0.0,6.0,13.905683155004036,6.0,34.48781833225787
63.10573176471814,36.69241404932204,61.30038395428915,0.0,1.0,33.14517813755176,16.0,39.606602761235365
51.79726634060204,63.17308516193819,68.33508586111242,0.0,2.0,77.80650157013675,1.0,44.80450907297974
65.41987937653488,61.07773904486534,23.187114419574318,0.0,4.0,34.805823615442556,6.0,39.45205400044533
28.424573694254125,56.18963560416783,45.705076709742045,0.0,3.0,15.740521208499775,16.0,33.479749339223225
8.579140162421044,51.49018319847809,56.64880795933779,0.0,5.0,164.24848364258233,33.0,34.39173483704033
62.30349818761856,44.509796710827416,21.958280960129724,0.0,6.0,7.2636561810055404,7.0,34.99453174886686
35.2259957246221,47.463102138618126,9.26678438007441,1.0,5.0,25.927147786309963,10.0,36.440465706405895
25.29405532990391,47.25385104180469,33.76862670298439,0.0,4.0,55.75848621404179,8.0,28.5828377129487
69.12271252298338,5.062687540183093,35.579190256343026,1.0,4.0,5.0,21.0,39.62552140039355
28.3131241359689,35.395492584837875,37.593074904404354,1.0,3.0,42.37824305499195,26.0,37.8904877166291
30.840699111116404,50.652925399305516,20.872224351968004,0.0,5.0,10.84741620375638,37.0,30.471409657259187
45.384202131235156,45.74813340224888,23.67358342726161,0.0,6.0,6.510013391471847,18.0,32.32196078308688
50.1656042297559,83.07220066116152,6.223879656039594,0.0,2.0,11.216560457071324,4.0,36.13369212125042
38.48932453524202,35.106155667656495,33.912176548042225,0.0,6.0,119.19950978954576,20.0,31.955164183632473
60.54629203424297,31.173424156506147,60.33185744556382,1.0,3.0,77.87586729904781,48.0,51.84231441358481
23.34356950267271,45.20751317121484,42.33562480201877,0.0,3.0,8.41701486436649,42.0,30.839567866705508
60.97601954325202,62.410707732377304,8.595230273508998,1.0,4.0,5.0,48.0,48.779061206942465
71.44962005319685,46.41820407730541,18.258902241771885,1.0,1.0,15.847884102342919,40.0,47.2389692932841
46.924212178754864,24.026255029803572,22.406246705613697,0.0,4.0,31.405960283697738,19.0,26.43802817446818
48.988907623457216,34.399249605745695,51.010815289508194,0.0,0.0,70.64729613848633,33.0,34.92955910341815
23.56910677373241,74.09515021239272,71.49666312469716,0.0,3.0,118.44171535915338,23.0,44.12713098388384
84.61399645958478,55.66225719020179,13.361091190887272,1.0,4.0,48.682147805282305,9.0,51.40352934884195
28.944086853252216,46.78271375306175,40.13290920810393,1.0,4.0,31.98341435185763,38.0,42.770016622829
40.27652537475668,44.62696608022817,44.92996576237849,0.0,2.0,5.373838093109939,45.0,35.114514092378336
67.92444905952783,53.017465883659575,5.993474479528338,0.0,6.0,5.0,45.0,38.46417363170252
28.834229509388294,32.55615400814919,17.304866643440356,0.0,4.0,31.724242698650144,18.0,22.949490424584177
43.36602227702616,51.70349833743582,57.88580854641001,1.0,5.0,27.107370630119707,46.0,52.27825979297942
24.982210314516628,16.938611662139525,3.8567168862006262,1.0,5.0,65.49812389539252,2.0,25.13285218706378
54.749658825612556,33.195902276252234,11.854917587033077,0.0,3.0,13.632569155069426,48.0,30.175494899353925
64.83499596796021,78.06250008284205,69.07513627474334,0.0,2.0,5.0,17.0,52.102734600982565
23.864499440483993,30.070272132457205,36.326279636647456,0.0,5.0,19.289944423052003,16.0,25.057587931333625
14.599242308014695,4.684188938345284,16.618726021264305,0.0,3.0,121.78831722805369,46.0,15.526549424825049
5.982031181812983,15.230326110336975,22.532354268868655,1.0,12.0,55.564377886695226,45.0,30.848590222998347
29.447927402848517,21.276888126272635,42.03034991811514,0.0,5.0,5.0,48.0,27.833940532569983
41.90218306496812,54.02727218772683,54.432025327030985,0.0,2.0,72.69066232794253,24.0,39.098486142493684
71.59670620942188,67.17906359794723,54.820618795121,0.0,4.0,22.332487810267185,31.0,50.732052682497425
47.054680573799466,15.032303530638202,10.85265870812532,0.0,5.0,15.881776490058378,1.0,20.696386191575414
44.228497471452336,73.39105214478482,30.474852879834796,0.0,6.0,14.902277729221732,28.0,41.27162775702713
58.88615362264734,56.90176680010025,18.97676043959428,1.0,1.0,31.647855948301515,33.0,46.53203122211191
50.4103961845868,46.18017825048927,16.30279547176068,1.0,3.0,26.470456481849588,42.0,42.93173000683074
34.5389562185566,25.182552921003555,29.41991184617106,0.0,6.0,37.41285345725603,37.0,27.696298642773684
27.364950261109556,57.989589307348446,40.78280337947638,0.0,6.0,29.836612936355824,39.0,36.42258137499147
59.58178333192319,70.39072426021352,15.439359112212792,0.0,3.0,5.439705457194332,4.0,37.60136734112518
53.09950409423714,73.95697215110026,16.082054505750627,0.0,4.0,10.40819247076513,1.0,37.363727708683385
18.390709814384845,43.02505825268494,26.5102291770707,0.0,2.0,64.36629787425879,33.0,25.502515284836395
46.86344857919961,69.76405323353156,58.611691856173294,0.0,3.0,38.095391212473984,10.0,43.92207341715037
31.94068762796317,31.920768168590374,34.360975085552326,0.0,3.0,20.82266434090363,3.0,25.020721595703307
66.94042743096503,41.925462524963514,13.988045938246533,1.0,3.0,7.056996084127608,37.0,44.81032694731082
24.121252441754752,61.13443842993972,56.22645273772563,0.0,5.0,5.0,45.0,39.055879932135404
59.760645636176676,71.56716252822724,27.531218026433958,0.0,3.0,13.083097869913752,21.0,41.89752521230639
73.064985590485,36.809629736124776,31.461341126934723,0.0,1.0,5.0,9.0,35.12425539037272
33.80096522467296,26.487330231645107,34.083949287163215,1.0,5.0,23.041504734092126,40.0,38.25752779725763
40.197129727106294,62.91157650023095,16.756135436790355,0.0,4.0,60.36999207335687,43.0,35.81099018403276
48.061819917546075,65.54994998055794,13.637843992999088,0.0,3.0,11.761066105390848,24.0,34.918688330812074
45.690298815907965,61.10610377831043,3.6938216532459776,0.0,3.0,65.87905472612134,46.0,33.92526318815507
17.20150073131269,17.212567418570686,2.717810840578794,0.0,5.0,42.67565359201833,8.0,13.163222996392228
33.64623040414347,87.34110793109924,43.53539861207068,1.0,7.0,5.0,24.0,54.76724763955815
62.00191509307172,53.716990678690294,24.5703726791335,1.0,4.0,36.204144945277534,24.0,48.55640063122498
39.38620640194122,57.49200677453293,0.4689187372537652,0.0,4.0,5.757399505661623,10.0,27.372122100326546
70.55739638274132,73.28711613111204,69.48127134468207,1.0,5.0,37.22617560630711,35.0,66.03633454043401
58.83113827401022,74.5057994913557,47.609474533321325,0.0,4.0,5.3894490717222485,4.0,45.40902719981997
35.63662013458335,77.93806037630652,24.576662967095498,0.0,1.0,17.444763470158566,44.0,37.7881189366641
31.455318448901348,34.35043253843495,63.32836331544996,1.0,1.0,29.262833931588073,9.0,40.868649086162804
21.224495003609086,79.69640188169139,45.014155641531886,0.0,6.0,5.0,11.0,38.42972201629816
21.73621304705366,57.98833639646334,29.91551481831138,0.0,4.0,5.8246542942646435,43.0,31.724101459916426
39.25550049767417,41.00890679594607,8.267529543203608,1.0,3.0,13.519235622385692,48.0,37.53591550200395
35.981743526247044,42.754103539391636,27.59265155704692,0.0,2.0,21.71721477949009,13.0,27.699967514290897
38.70673643627136,60.370374799522644,28.052638367253184,0.0,7.0,68.43780196126971,27.0,37.458143647112784
58.533335679789786,47.88475204423107,19.31972494138163,1.0,2.0,7.25760447637644,30.0,44.151255257570234
21.540037886679364,62.205215179581096,35.351656706025906,1.0,3.0,14.941486716577579,46.0,43.679041728568876
38.58099248030704,54.34314612653518,48.59763825555934,1.0,3.0,22.604282953448045,39.0,48.16223083007759
39.03396030299193,38.22385354258415,28.489845225829274,0.0,3.0,12.273184739671505,12.0,27.808793462394622
21.40013163948124,74.77042284871244,8.013245411987128,1.0,5.0,34.39888621464536,19.0,40.44566988388017
68.12033982765654,84.3852795762145,15.042256243253707,1.0,3.0,10.378350370989217,40.0,56.23424303888767
27.07522594029005,47.06387775652806,71.07953771892022,0.0,4.0,51.79817184607149,4.0,36.04612088419238
42.286824032079025,59.54881543164914,5.798387264591728,1.0,4.0,24.622810366275214,34.0,41.97921895137746
37.52609352774583,61.12128677266453,32.56723241424416,0.0,7.0,5.0,23.0,36.905291557951415
42.11428643871922,65.87051521588093,25.476285498312436,0.0,4.0,34.516086412433154,45.0,38.52704822924479
50.50113804443615,93.42295402162223,41.60659305356354,0.0,0.0,29.477431289158357,26.0,46.9406471945205
23.969289671589067,58.928100764745786,33.19657842987242,0.0,5.0,14.4687367352551,7.0,30.845163082822282
31.688986452559586,17.789456230890085,29.494414768844468,0.0,5.0,5.0,18.0,22.515160291297978
77.21141474952029,75.40900789579165,53.066183725743834,0.0,3.0,7.840730231537738,42.0,53.99379409018135
31.783584791131208,28.825053847305636,41.691021475133674,0.0,5.0,18.21354746853854,4.0,26.781780714132562
37.60462086689916,51.15640008441586,30.717188187156957,0.0,5.0,7.806263476515101,8.0,31.791926424217724
47.30823147256515,44.038937792052955,35.26253464558351,0.0,5.0,30.154068590741964,22.0,34.871764342723104
52.651056625656864,37.668145689559715,60.65661872258702,1.0,4.0,43.607323884074134,26.0,49.70884150546673
37.795549967609205,38.4137366809884,31.660177967129922,1.0,2.0,67.8322611137283,13.0,38.61967343339504
52.797216769087875,54.26437101457776,55.129575445128495,1.0,1.0,36.4433294541679,46.0,52.74107197287546
44.329305586195936,82.75953298613756,54.987772156593294,0.0,1.0,40.87972061528254,17.0,45.37383960424655
28.78336342651504,68.17524808282889,15.08799460090962,1.0,5.0,32.81674487658951,44.0,44.11565304887667
28.95863861100268,25.21855865095763,15.279566363412117,0.0,2.0,148.14259416569902,36.0,23.03716076149035
48.414380894089106,45.69113007485216,39.22081577907175,0.0,1.0,10.58603448356183,41.0,35.48991744978666
33.07506690364353,49.06629235373187,58.28839690113493,1.0,3.0,10.835955838780713,47.0,47.883061154657995
53.787433142684634,22.727652840782326,19.726593558758466,0.0,3.0,5.0,15.0,26.004090207618432
29.469980861499796,34.871859881020434,39.3293427301961,1.0,4.0,23.272131751271665,18.0,37.95701617302296
63.36666077790365,86.26694069348304,42.28982934156096,0.0,6.0,5.0,27.0,51.39636623615886
51.94737221114259,87.33820956955182,3.219388179194612,0.0,8.0,11.02190539362162,6.0,40.40829023397714
20.284479770161447,44.34997059703897,43.67743136879719,1.0,3.0,23.068340252597572,34.0,39.69652564293444
16.09219056191833,44.5167912664187,19.865514502278756,0.0,5.0,110.61762334743634,41.0,26.978563664432325
52.688943015443826,54.666093155461496,32.39922379637776,1.0,4.0,116.1669309656756,5.0,47.727274697452685
34.37716879517878,46.065357686388516,6.297969667577761,1.0,6.0,47.654727349918545,12.0,36.332701191506075
65.17918892711305,44.05916945329669,19.894955808844564,0.0,7.0,17.25737416890285,29.0,37.71469874357379
57.01721055188565,50.382865695597765,31.326583480158238,0.0,9.0,70.12865412952549,37.0,42.12072755730824
40.87346703341834,41.8858307319221,33.84335117880797,0.0,2.0,72.90831174615607,12.0,30.691694331701868
57.46335464481933,36.37432058665107,23.058599086732148,0.0,4.0,84.35493979580778,25.0,33.637484328613624
61.369260093166474,59.844949433893305,28.835396449866042,0.0,5.0,35.760228991489114,47.0,43.22612866893531
63.519913792234284,29.126542159155377,41.946283364805375,0.0,1.0,7.888547121351414,34.0,35.04375408141678
37.16968628926727,18.11350572622026,34.37056639602155,1.0,4.0,5.0,11.0,33.82491128307619
17.737323952286076,66.74504243884675,12.767555207848263,1.0,6.0,86.18632313214806,23.0,40.1697504761339
6.001225488840913,56.996698937805604,10.455864093986396,1.0,2.0,5.0,24.0,30.987320592125574
61.8772488188706,21.947349109989922,51.146053973534165,0.0,3.0,12.278726930597331,18.0,34.48181990781152
41.43692226924802,63.19730259957548,41.840619063228814,0.0,3.0,23.359171793891836,10.0,37.333760111887244
26.69579672147276,75.07901332846461,39.12484842018567,1.0,5.0,5.0,5.0,46.432005529854806
45.75794794511277,11.851165631501006,29.532186827653504,0.0,4.0,83.09744714355854,31.0,26.354941580647747
45.18056282508393,48.359889427383656,20.19863309131709,1.0,2.0,11.845524993618836,25.0,40.76436808127823
45.47374150075275,30.947776051708658,17.923322235636093,1.0,6.0,5.0,17.0,37.386710501909235
34.50510945895217,52.549407483871626,43.6011779828321,0.0,7.0,176.74634513792265,28.0,39.3784730211458
54.22112270888852,67.09472223120521,16.361136308587263,1.0,4.0,13.057968880621237,1.0,46.0267826654975
23.54479552297046,50.158761258515526,35.770613439031465,0.0,4.0,73.27814993110312,45.0,32.63579561540877
36.07466411722902,31.045391561666356,40.22585882464176,1.0,1.0,21.146097965090977,2.0,35.86352325209365
27.052235171262538,72.54777541687352,12.457915849536572,0.0,3.0,38.08161042238964,47.0,33.51755825036623
54.02706646201961,56.915562141465855,26.586584096656406,0.0,2.0,9.655529895715198,40.0,37.6074624485341
29.074471925371327,37.138788223343695,43.281102668139695,1.0,5.0,24.462005161668365,2.0,38.43426098672671
18.52955265003056,58.385544480471296,29.129882632968375,1.0,7.0,10.427761932054478,27.0,41.20492833346535
47.944193034248656,71.7374347577742,5.9481614360107224,0.0,6.0,105.61769086174894,8.0,36.666588955662505
47.294613119476196,18.716362500044998,61.34739417315173,0.0,4.0,5.0,27.0,33.23555607284398
21.346952896422707,73.62006495988177,30.38127250681532,1.0,3.0,11.239688952494587,37.0,44.68117732201243
59.926049023301196,54.193995192544506,14.824888356741518,1.0,3.0,78.25805751444278,17.0,45.76378431220748
43.694191104237056,5.488394512111508,63.40667576084705,1.0,5.0,22.889846659751356,4.0,38.34321910281257
33.966200671283765,34.32917314197204,10.884494742889064,1.0,7.0,32.077536181126405,44.0,37.16398298078978
10.251706064373892,65.03190011685079,41.16162606486981,1.0,3.0,36.91352247698523,38.0,42.410509784578565
54.45388728410738,66.55443679582974,34.495467618492235,1.0,6.0,5.0,31.0,53.014507877016065
46.26816795305098,74.11254036781634,20.448478278905764,0.0,4.0,5.0,5.0,36.81487273599798
48.68141987710042,40.456798089317125,11.25102066801536,0.0,5.0,97.23211723709557,25.0,30.84047250100099
6.089006609273635,81.50607522581497,52.74315121975584,0.0,4.0,11.087004566640099,28.0,37.091459442456234
41.805053853341505,83.19217360521466,25.762962917895837,1.0,3.0,16.74893308684567,19.0,49.85321571094108
58.51868715992765,69.61557137589563,46.90666923040142,1.0,8.0,40.10989250899833,37.0,59.40665676018008
48.01248857635819,72.92704163057576,3.837645704172737,0.0,5.0,9.435485982883339,42.0,37.320046134960826
43.01266449656238,22.091579388285318,50.865121498580066,0.0,8.0,46.227088610925755,23.0,33.37205202203608
40.012316587107144,72.44373765385976,55.368885681341574,0.0,3.0,21.452767278619305,36.0,44.131034972967946
40.91495189072417,49.546864311158664,41.14142909560485,0.0,6.0,67.97650056165158,45.0,38.88136387857811
56.141008117298185,51.4030806194525,19.500521393945917,0.0,5.0,11.426772825355691,13.0,34.718954828182554
46.554212168475004,53.46973676178508,26.48471838323928,0.0,4.0,7.977658622795609,17.0,33.980573447177605
33.14931469496064,20.142834318141325,35.40917576348043,1.0,5.0,62.367829355126595,30.0,36.56942434232027
30.740225767446134,32.94698807804369,28.71684661982935,0.0,3.0,13.825317137832565,23.0,25.40304452621032
26.043815211316364,78.42492742767149,22.50027271727932,0.0,1.0,18.57817377065983,3.0,31.697824316866722
28.20404344960507,18.665434429832185,55.22981158034823,0.0,5.0,55.24616394816878,13.0,27.39727040909966
33.41621019569494,71.1314284992047,17.29833551971577,1.0,3.0,35.330355503165954,32.0,44.428529132385385
56.16540212212941,63.600089805440305,56.80328771855193,1.0,6.0,20.40168205016063,45.0,58.57845743840539
25.39125078454986,35.2283576676251,23.133691203545155,0.0,5.0,10.06376332429141,35.0,25.52599390027477
29.27696219372986,61.585719829313604,35.7163531486275,1.0,1.0,50.567138988569546,2.0,41.36801535930347
39.69234768419977,37.61845211060629,52.24783253045151,0.0,6.0,6.964185506051577,47.0,37.0053600895553
25.265974546792975,35.71775602396015,15.48402573054922,0.0,1.0,92.22430214173764,3.0,20.601659956399264
29.602248379613727,52.04542427858028,18.869026883368704,0.0,9.0,5.701179563684762,48.0,33.0769424142412
35.03732254142557,45.42687755218734,25.61811505978353,0.0,6.0,57.20455079231941,29.0,31.77161251470371
26.419617543206876,49.63688417395791,32.569802196174706,0.0,4.0,19.322792018008027,10.0,28.803917207480936
62.616732641874464,62.00418442861809,67.13604190182562,1.0,2.0,7.203089956138641,20.0,57.43102042061982
26.0416906811391,52.89207503175374,6.326399552331663,1.0,3.0,18.01794406545733,34.0,35.720341777070196
36.95512572143018,45.93233323030386,22.97018688841815,0.0,4.0,8.765849713141938,15.0,28.839489044360743
11.741662695635965,47.719228601242435,28.265663326398972,0.0,6.0,5.116130657241133,40.0,27.13354691334859
44.28669307664187,17.26984095745291,43.46156435213182,0.0,2.0,9.566415094633657,45.0,29.05117568713087
57.60359045682131,66.9208834977465,27.831943068783694,0.0,2.0,70.7142338692076,1.0,38.97893484430602
10.029524762582026,63.00341148315503,12.15455601968565,0.0,3.0,5.0,26.0,24.53581193203806
41.00261013405916,63.01141192781987,29.31345650008045,0.0,4.0,125.8253453331245,32.0,38.67940234081584
56.73564909046117,37.73556595540946,15.719348928459162,1.0,1.0,5.0,2.0,37.54167354715948
51.776920398100515,54.35281845869942,50.82822257312234,1.0,3.0,37.57743998254475,32.0,51.56598493521184
17.813029172054033,79.15102134596219,68.88998583471772,0.0,3.0,67.95263178570052,41.0,44.122918571685474
28.59210994621878,51.80458485846666,34.88180289657498,0.0,2.0,95.11106666967216,29.0,32.08064468053444
37.430351340920346,58.116532741090865,10.379417286738057,0.0,7.0,5.441382551784697,20.0,31.449666598678974
42.610060440007715,65.67307996068537,14.358737504094726,0.0,2.0,41.93066099729244,23.0,33.596756510282226
45.63915669855973,65.49319527731627,24.06133983341548,0.0,8.0,5.0,12.0,37.942022627318764
58.790305505258466,48.81257428658179,58.741666766563505,0.0,5.0,15.218304204142786,44.0,45.22587950187238
59.58183851326234,68.89453371436785,14.206986060003807,0.0,7.0,46.077274277867495,10.0,40.26439332402086
49.436082990485716,58.7725551713955,16.210585519577776,1.0,1.0,14.861244642101088,19.0,42.648723225326144
35.02779464377866,73.11066269409658,5.4381652148790804,0.0,2.0,13.158830705588237,10.0,30.232788668734038
69.71242341721982,63.98415736967309,34.75642899346022,1.0,4.0,5.0,19.0,54.17209766208194
61.23228590655225,24.688633498752264,10.158055538456082,0.0,4.0,5.0,26.0,27.891840959017344
47.55239416073797,69.029463999366,11.63233205942838,1.0,8.0,5.0,24.0,47.81859761857833
47.41236209488991,63.16984986679485,55.01887617067119,0.0,1.0,72.91364404514596,9.0,41.09927986261109
29.93878169166468,18.31842572552726,35.40473478893575,0.0,2.0,5.0,29.0,22.708582145418468
56.56371751717336,31.835023245207257,40.19023753903493,0.0,3.0,41.31647519159506,29.0,34.81546296813433
70.32364098537634,26.116892507849244,17.006541874733685,0.0,5.0,51.22992628881368,37.0,34.081120568874155
26.259725697636245,52.50618874029443,57.99456670526582,0.0,5.0,29.36749091139837,28.0,36.76027180511821
27.86644697061373,39.90858430585443,49.50965882172486,1.0,2.0,45.92732057669872,3.0,38.89719337935586
45.3628361246054,33.80302468072009,32.09800566521804,1.0,3.0,36.971480370931786,23.0,40.31927668697656
29.643488573743493,35.95214794613476,14.458695732900074,0.0,7.0,21.27981661285422,4.0,23.697792009021914
41.32595602591182,66.7287102861008,59.3335894969945,0.0,4.0,16.884596485585934,14.0,42.45053802117143
41.10964438748492,31.541440690223617,11.606592990587075,0.0,8.0,99.2551226787068,38.0,29.50550516373719
28.315415113056126,36.24348168552013,34.09372686498323,1.0,4.0,125.06685331896631,13.0,38.17620589241084
72.89377397696228,64.91606340759199,7.915711455588354,1.0,3.0,36.871146204600514,28.0,50.55887330986318
25.095558489253012,68.31358049258391,67.20409689609082,0.0,5.0,7.692047600875958,39.0,42.832843552958074
41.78620544814794,69.99475676479496,28.54268661263639,1.0,7.0,20.790860042584367,44.0,51.38643163644436
29.6774461213214,80.87756618656705,10.689427141305059,1.0,5.0,24.018610999189512,20.0,44.49426961455348
65.88357151583818,21.57951784835131,7.92953775286191,0.0,3.0,49.654283361176034,28.0,28.179481758731907
47.14505700368733,57.67055058072017,52.429759548102254,0.0,5.0,38.568223542903844,32.0,42.64027871574212
44.55104467170595,14.978990383109615,20.748986987678833,1.0,3.0,25.31283445210171,14.0,32.20397817913995
70.54151716435406,50.96059801924409,3.058953931946197,1.0,6.0,39.9200961496372,13.0,45.90937445401631
37.3760146798854,74.94628850513726,26.661187192493625,0.0,1.0,5.0,11.0,34.94281323475438
49.128513850388984,26.614065172896094,81.21114224691,1.0,6.0,52.463233036964304,38.0,52.383951600461366
30.242315622934925,72.01990903042595,21.722103773997848,0.0,4.0,8.322670645996027,39.0,35.42647298180906
42.288416490232066,83.14959373863559,78.23812354659944,0.0,1.0,37.39062910264779,42.0,51.6387106655125
53.475961123826245,26.48232917316295,64.27750233772372,0.0,1.0,5.0,15.0,34.70840637512537
28.55749183845858,54.16664248727302,41.53647529476194,1.0,3.0,5.0,9.0,41.41832864038529
38.58876883766668,52.96166142033343,16.752207156179324,0.0,4.0,5.0,3.0,28.701382329069222
48.90183042480638,88.99582711772229,43.369463860941195,0.0,4.0,84.36875088706228,5.0,47.0482071720134
23.906669227124254,43.77877106384281,26.652427644676823,0.0,5.0,32.4713573941342,28.0,27.77138731998328
53.53670148484896,17.640950638848892,35.465522180090815,0.0,3.0,15.72750677169557,42.0,30.239157575289756
48.81636411390172,65.8019069710334,16.97025704821538,1.0,8.0,54.25424067245876,15.0,48.43335369830286
36.4126379638537,76.42669232118224,20.15244905643517,0.0,5.0,34.43017527218364,3.0,35.707871853567624
44.44082618306814,81.10265723565976,41.05611766971574,1.0,8.0,33.87285782852941,35.0,57.32239344721492
75.21716966006939,35.3304848365118,36.62482149039347,1.0,4.0,23.3646999985673,7.0,48.05237978886774
23.50309681660521,41.7940254065187,4.35764990144689,0.0,3.0,5.0,30.0,21.375810536070354
40.70162113290372,71.4421649916755,49.777971387599436,1.0,3.0,10.466034396466961,24.0,51.75899735900816
75.12236330976623,29.703935497827672,27.927214123784765,0.0,4.0,5.0,31.0,36.588684193322095
29.50341168901901,56.519673423174574,16.150146553726696,0.0,3.0,38.00729450684563,14.0,28.110583967569937
35.06760310255128,43.22481691079057,55.97759464016829,0.0,5.0,10.004569990881249,16.0,34.92869705122322
60.37455255790455,34.45400086664415,27.210744778968625,1.0,2.0,20.934902527867578,4.0,40.88424575237679
47.472416598226765,47.58745961579785,27.237296558384287,0.0,4.0,15.262599542573843,3.0,31.839963291197527
42.191355318200316,25.62842083172604,44.87505034533401,0.0,6.0,5.409225039402464,35.0,32.1331683738455
22.12941360036872,79.7098522574558,24.612671725492667,1.0,2.0,111.26289341646421,9.0,43.979223770884765
58.337566765930106,45.720845278375165,4.794113134241289,1.0,4.0,94.82692477496708,4.0,40.95732310099072
75.22218514213564,43.89415087332443,14.50621115883183,0.0,5.0,5.0,19.0,37.01032623563138
41.75364839106668,22.097173119388618,53.606390331873065,0.0,7.0,61.480222570573694,24.0,33.401000338450956
58.11206838202689,48.4267405911691,11.370423769330152,0.0,2.0,23.45562693136356,11.0,31.267410361400177
34.3919597803772,25.202014502261655,41.257814871880086,0.0,4.0,52.011830841434325,15.0,27.365579171832014
32.579684642305686,22.116391776470923,38.23843861496901,0.0,3.0,5.735841560285018,36.0,26.013480292652517
21.288323330027477,33.98658760537783,42.80675782540364,0.0,3.0,5.0,31.0,26.643412632265388
49.45079118552788,15.565143206845452,29.516172044339463,0.0,7.0,77.4964786905114,8.0,27.797161666009412
65.93926902456673,24.80347788405257,14.068562571666515,1.0,8.0,79.83550196711799,2.0,41.21010060629535
40.397657996592905,53.512485566241374,24.618687350477035,0.0,2.0,21.951823751317594,3.0,30.069169207491726
57.564204666832794,42.86553007607605,25.299204154635135,0.0,10.0,71.45023877666921,3.0,36.89381167041427
37.616018714202085,30.93273250194756,60.93730276548739,0.0,4.0,38.53471903335743,21.0,33.824537195001945
54.347989866627366,56.41615685597707,47.835203820339714,0.0,6.0,7.160269197782471,12.0,41.57264175188357
43.04722970797249,62.119309138448976,15.1495095651903,0.0,3.0,13.962129453861856,14.0,32.31159736257189
14.931129199398404,62.94122913651029,45.57056152514852,0.0,2.0,5.118844849650984,23.0,31.647436739934626
28.665618828581763,73.9467810284313,7.900941102335075,0.0,3.0,52.044761190641175,13.0,30.749337697103872
35.20491039684289,39.43487936053552,35.349480591215105,0.0,6.0,147.5796465261494,16.0,32.62445123533935
40.221380708759305,52.627666901194246,32.646994916243564,0.0,3.0,27.667211136982885,17.0,33.20100293059549
50.194299675723684,54.396968205277986,16.567718317551954,0.0,6.0,37.33518439870219,18.0,34.75872358414004
19.112250555382104,37.04789276680816,7.986729412648938,0.0,4.0,47.97749319508401,13.0,19.621688270865363
20.881809184070278,68.19720050344579,15.010857277815282,0.0,1.0,8.887784830360772,26.0,28.114128434727846
39.44554853487408,77.33936995220348,15.482486825843015,0.0,6.0,14.331625296571934,45.0,39.47203299168314
64.33104992621047,19.55558892437384,14.887429656427233,1.0,4.0,18.605116533845557,40.0,39.71349417513972
49.48786931031357,63.00980747670757,43.686143912495574,1.0,1.0,31.59982752339881,39.0,51.15057855296211
25.54143066826239,79.42623161719446,4.427952603465761,0.0,2.0,66.51432350128468,31.0,31.84173526807792
16.029113288574955,35.23294350354619,55.425306904300186,1.0,6.0,10.265589739436598,40.0,40.59815834805465
34.216297335573174,57.03342948112604,14.090177100489894,1.0,4.0,22.279483192764552,17.0,39.536938855357015
43.131475119563675,57.0110249882269,38.08517022411577,1.0,6.0,48.73571172252676,32.0,49.299097125997896
63.595093059132125,42.28414203437747,43.6681341610987,0.0,3.0,5.0,1.0,36.96676893893047
19.979089532173553,53.85683272552111,54.165128010418094,1.0,3.0,25.174534294782962,35.0,44.21146538189048
56.87994676809648,59.609435379681955,45.13763842299863,1.0,4.0,5.457500298208191,36.0,53.370526559648994
32.55062378041889,83.57476099264825,20.43961214076723,0.0,2.0,27.11380960925736,19.0,36.203089575168356
66.20525694105854,56.81878773971718,17.047052697352132,0.0,3.0,51.108898369807484,28.0,38.916497416914616
55.69066907402313,86.67147283463204,45.69747468499503,1.0,1.0,9.464991415160778,2.0,55.58147027680537
55.455734491687636,39.678591689643724,49.528163387869895,0.0,3.0,66.27771449870863,29.0,38.76632432155282
61.89352323712794,52.75227607731101,31.71921973387115,0.0,4.0,14.268579863938841,43.0,40.95025771987366
33.98892704196906,54.54078383459573,13.592425163990713,1.0,1.0,7.409166394814326,29.0,37.919459414256366
70.69684911159185,64.47960562503148,28.089353883726737,0.0,3.0,21.91326170683359,43.0,44.945929981543856
40.22831906737822,37.847563505039034,40.30150797589563,0.0,1.0,73.082778916532,19.0,30.86526336761462
54.86321371730058,81.21228758733695,12.417921759978404,0.0,4.0,5.0,28.0,41.04912634482173
68.2466538457697,56.28868019441199,38.495772769996535,0.0,4.0,13.890080491709568,34.0,44.02189601857875
13.901323986853829,39.86266513239152,20.75807798652127,1.0,8.0,37.061529302127056,31.0,35.035597345949625
60.59689005128066,28.8303728872734,19.35689265646234,0.0,5.0,15.488001753300084,37.0,32.22600229398379
19.65343455169173,30.012544560663066,30.800427099321443,1.0,5.0,5.0,19.0,32.90658019795299
14.71940119585477,26.460026259474674,53.833657802099445,0.0,3.0,14.1212946596707,32.0,25.55419580547365
34.31253154173351,27.270346154507273,44.61252710269971,0.0,5.0,60.2049912025001,29.0,30.364838037173474
71.9121723293148,70.25278120020164,39.769397452705604,0.0,5.0,120.51174248652931,9.0,48.83997241937136
39.65504435121524,19.409825302532433,83.13270503035795,0.0,2.0,5.0,7.0,33.122758419508514
59.984369467776055,55.28845890842007,53.882774179527196,1.0,3.0,29.480707038481707,12.0,52.66645324257018
41.94149818831954,30.209556408321824,31.14048979977948,0.0,3.0,5.0,31.0,28.52919494244957
31.12058602405916,50.839067172246935,25.627289860886798,1.0,5.0,39.92359718152931,18.0,40.42081549282502
76.04816999414516,48.100502609634816,47.948752687560905,0.0,3.0,5.0,28.0,44.64025202179051
53.60532758421029,36.21634028857238,40.06307832122371,0.0,4.0,5.0,21.0,34.43136596577374
71.7950820330976,47.27879117875754,10.881835496935834,0.0,4.0,52.50156652102545,9.0,35.668193800020696
25.926199522042864,53.63688706151785,19.970061067111565,1.0,4.0,5.0,34.0,38.93145052597916
19.155753259588046,53.08346771465599,10.66722473566978,0.0,5.0,12.743670430422927,34.0,25.89714891758173
51.75207100105909,64.20962726817129,13.7033502660587,1.0,3.0,110.98670109944963,47.0,49.023548504777196
43.117741411746614,27.94559196351892,19.818998338568157,1.0,3.0,147.5710875799878,24.0,37.69077041280982
40.813626326017825,53.79526348529169,26.741384721655372,0.0,5.0,6.160869993122092,16.0,33.099073317048415
51.69063368300466,60.24990547357504,21.50551772014518,0.0,7.0,28.806136704600558,28.0,38.81380318711424
37.73583462597439,60.381313234418535,21.110684740723958,0.0,7.0,28.66667790224621,46.0,36.77675742634563
29.321577018862893,29.34927785999485,37.84629733525834,1.0,4.0,21.076122346877376,47.0,38.62419114431614
25.420226194053274,67.86737253936055,30.008954330139424,0.0,2.0,90.5197036085296,35.0,34.75533914045115
42.720981131074026,33.03393483315703,57.937876376463706,0.0,5.0,49.0896558081644,6.0,34.478405425947805
27.062739943401787,58.16983148718862,44.54578048795593,0.0,5.0,50.61555620225744,38.0,36.86048118780824
61.06746381824693,51.113365667722675,39.06796738132206,1.0,4.0,10.994238472728032,41.0,51.58470866332046
55.470212649340354,52.352049193601246,49.91681945894103,1.0,4.0,19.940421514578457,11.0,50.30797609675686
56.952677393900494,39.727482159851455,14.077472717950537,1.0,5.0,23.390699430971157,4.0,40.35978562292363
64.90019451957482,73.26113532615588,43.38775602890028,1.0,4.0,12.429267327695166,14.0,56.71675194445585
53.39808328197475,23.990944567801897,19.224987553289598,0.0,1.0,5.0,13.0,24.888921139768748
33.349436453085595,66.57158598103088,56.198525403745094,0.0,4.0,5.0,15.0,39.68329402261147
22.518656829088354,18.182822949215023,34.75888470984496,1.0,3.0,6.974440299302238,8.0,29.505404598000343
42.2570234398234,65.90505248931137,20.127735960559214,1.0,6.0,7.97022374234652,43.0,47.97692308760642
23.460330485408758,56.96110773066309,61.31136301784203,0.0,4.0,9.709607170869603,24.0,36.65631920565362
27.626206713012024,37.76087931698634,42.76285351599085,0.0,5.0,10.324605895406172,11.0,28.647869238357593
21.968277385309438,13.846675737009415,26.16500578156537,1.0,4.0,21.289966049945832,48.0,30.660712227025254
31.352389110868224,25.183792859378507,69.08482607286942,0.0,2.0,24.936772975848143,35.0,32.33333240808247
49.71572913166096,31.78708448413706,65.01503997958078,0.0,3.0,12.930423210215848,25.0,37.26893150456245
30.226852969979294,82.47712848009422,28.661250850351855,1.0,3.0,83.24218654847175,23.0,48.75678718403096
61.25853553759683,48.901454198363865,4.775665730091809,1.0,5.0,28.192825969299825,47.0,45.52954912885066
59.82385318659678,42.3675299464368,26.031345463055334,0.0,9.0,54.204665289283334,45.0,40.17138952049799
47.1006014197566,77.73674265570992,44.017905368945,0.0,4.0,90.30546767845026,7.0,44.174471242177496
48.91537592048116,65.80697558899925,23.955965691685176,0.0,5.0,6.233242705713561,5.0,36.654846232331884
41.15531840376778,33.70697039170552,13.193563897670751,1.0,6.0,19.543890716381355,32.0,37.533653896531234
48.29520468570504,31.463679424533108,34.06958661346981,1.0,6.0,19.87184930440244,28.0,42.604921272457275
15.33972487668042,41.59295492343477,20.69736376003326,1.0,6.0,15.319047812888998,44.0,35.48441413370834
49.713601056430456,59.6582713609214,47.715465581848946,0.0,4.0,5.0,3.0,39.34939455404108
72.58244733474513,19.194242380862317,6.533300520849691,0.0,11.0,59.243378064463215,30.0,33.56539324876988
34.81860145871185,74.03537536192692,59.86097985302561,1.0,6.0,5.0,44.0,56.132356842431484
47.21453691263384,58.175419664339366,51.277096961012425,0.0,3.0,188.97814521121276,5.0,41.64322552649186
38.158767940681656,49.224907335987375,8.10684011596415,0.0,0.0,51.891784811994896,33.0,27.047555399352007
31.22354295804798,33.76866959334304,14.956270011524806,0.0,8.0,30.36335468016394,20.0,25.658454148368676
58.814630346682485,51.242361921094194,27.464501052285456,0.0,1.0,5.878354378581508,30.0,36.1345352807919
35.02476055254713,41.51387114944763,59.34789143525162,1.0,6.0,25.354593836956937,44.0,48.276576380607
58.024676058139825,37.1391621131063,18.81868415787909,0.0,2.0,10.591158018419641,22.0,30.624154902682065
44.95846811460509,19.047871588263725,26.707588708030173,1.0,3.0,10.177425178822784,22.0,34.93927480351774
18.64001220893277,77.40724894907642,48.03463082210191,0.0,7.0,61.92170416619148,38.0,41.50948872058174
28.202595792892275,63.1239820989364,34.196895217085896,1.0,4.0,16.767650723948467,29.0,44.48930592795752
45.81710569628724,54.06022495991773,28.612202318422618,1.0,3.0,20.97038557660553,21.0,44.37729929696146
39.45951597965959,70.69466424242215,14.875097817659954,0.0,9.0,64.79497145541092,18.0,37.850284162339
36.157390723473476,51.64099438499604,45.08760783980834,0.0,2.0,5.0,48.0,36.11378451174571
42.711748576406144,45.278595484450726,60.437498206078956,0.0,2.0,31.602377945099953,11.0,36.574057036884945
30.397046975808266,20.182846899397706,45.7691414402874,0.0,3.0,30.2141416114952,10.0,24.715561355976227
25.540723344172132,35.90438950350764,30.031073171246238,1.0,3.0,19.38154651194371,35.0,36.19426425702695
49.38167855586283,60.03694279798039,38.80357967851415,0.0,3.0,61.97212283966462,26.0,39.873591906264934
4.476206998852537,66.62073093335437,24.823196972172674,0.0,6.0,100.19719921043382,44.0,31.208695731519867
33.9864418625191,27.121288609883297,44.01835317905434,0.0,6.0,21.91407779749398,46.0,31.464561832004705
47.918998656339056,94.26636764927282,40.357761032708105,0.0,10.0,21.31767340510476,4.0,49.62564322409294
66.99989975273927,79.72093703851363,37.9385676926132,1.0,2.0,24.404911348051332,10.0,56.558401317904696
38.91641438153596,35.415469988227024,25.21344957372158,0.0,3.0,44.94649732340806,39.0,29.19480496435959
72.87228474090685,69.48199559135156,31.348730065914044,0.0,1.0,38.59806737666255,16.0,44.34255184094068
26.360693343592818,55.53386249424823,20.273251812533257,1.0,3.0,8.82358857062866,41.0,39.68613340576364
51.66817169598497,32.444112725847624,37.41499579389934,0.0,3.0,5.0,30.0,32.691070264238014
39.83059526532853,30.012399590446908,26.660536884751334,1.0,5.0,104.33237640250968,3.0,37.37884078000094
22.936727474101257,64.5395769066083,24.264545745469746,0.0,3.0,10.589311598747814,34.0,31.324747563184644
59.07250901746727,59.058334040611584,83.53697225885843,0.0,3.0,35.62162545718269,25.0,50.49338455693966
41.14071927267925,27.64467923916223,4.680329435477166,0.0,2.0,61.69837021827267,38.0,23.352922771881502
20.859103554627186,56.371011299710915,39.78001261055511,0.0,3.0,12.497463301324181,42.0,32.56349064851673
52.2335317334127,63.06625661833436,8.883921739318525,1.0,2.0,35.316612297235864,36.0,45.23346389922291
17.313155719685746,41.55514285406775,30.290656880286665,0.0,7.0,5.0,4.0,24.921872686162374
56.00713366359849,49.798852858626354,47.41053105211639,0.0,2.0,122.64963609191659,42.0,42.46266368511682
27.448419197305395,43.92292931843452,15.31804662761694,0.0,7.0,5.0,10.0,25.55311312112503
83.11620877594441,59.21230739724456,6.91043659308644,0.0,5.0,20.179749973087006,13.0,41.03709236148392
32.6208594281297,45.369734922720056,40.768704714845924,1.0,5.0,26.937326330830583,6.0,41.24905341864158
41.13067549211765,19.977232979960053,17.41599754369848,0.0,2.0,54.70305988168736,7.0,21.285425584866122
49.81480740122858,82.59572379596132,13.459237543740088,1.0,1.0,5.0,28.0,48.74114697471216
31.702799704568356,23.58912912161375,24.963258744141232,1.0,6.0,20.34418216466551,37.0,35.42447420334176
62.6787714351731,29.67537522221244,69.78972455907989,0.0,5.0,12.46920448535978,15.0,41.16265551459478
45.39281298243665,65.12204188565498,24.501652358192583,1.0,4.0,13.089370570701451,30.0,47.37180745112598
13.529185260192753,29.191465716337934,20.999226796879025,0.0,5.0,52.802168363920394,40.0,21.724842797331206
18.353296698441437,72.87093751279096,24.36230244833841,0.0,5.0,5.0,10.0,31.258519042475783
65.27465908909731,34.288833688855966,12.23029506796129,0.0,4.0,48.392246972958695,12.0,31.244541492981252
38.84757549008441,77.66303233796602,24.671327115883994,0.0,2.0,58.199064323892486,17.0,37.47643574270502
40.01961473784387,26.22392114712519,59.204634416699086,1.0,4.0,81.0705408861399,48.0,45.83227284209365
38.3943438354048,48.334688894887876,14.166072700297589,0.0,5.0,34.505100984025674,30.0,30.234221005043764
28.28784345774709,68.86175219276186,15.238023657264534,0.0,4.0,14.197684104158794,1.0,29.77883325641335
39.75070555720301,60.76733242774621,15.713503608595275,0.0,4.0,19.50477555625369,36.0,33.71761996018975
37.947129954900525,31.117377648050503,11.255127009508167,1.0,2.0,122.42296887248142,40.0,35.87591980459909
81.36575880059469,59.44008012895189,53.96721645119176,0.0,2.0,74.55710463649612,24.0,50.2544833634756
46.7074715250249,70.60218083707741,49.425588335622436,1.0,3.0,21.795795381511834,38.0,54.32793015042092
43.79664660409622,40.96160504527423,30.265608283554972,0.0,5.0,100.303350365761,21.0,33.26420484157245
41.53416466511534,31.589191379561083,50.89661281576073,1.0,1.0,60.59727231928469,42.0,43.46305126476314
43.33935305371171,29.912081673526853,21.330546286115556,1.0,3.0,80.97402371044201,32.0,38.14121898506649
39.75315330247685,59.82810838522688,25.45575416237137,1.0,5.0,40.20735923629358,18.0,44.79645066884757
54.6179410252623,53.83035746614786,35.356277533793325,0.0,1.0,68.23232047567225,13.0,36.89171392388863
38.37628446746179,55.95908751737587,28.2056708656295,0.0,3.0,77.8211362197947,37.0,35.15344868218536
65.53999983797554,52.78172380600904,48.04856967291831,1.0,6.0,5.0,44.0,56.136811512246474
36.629517129535785,52.50082787745948,53.80991395278541,0.0,1.0,117.55190462079214,21.0,37.20873284957191
60.253948073510344,44.85483384519864,9.171581159354874,0.0,3.0,14.205969551591451,18.0,31.438807224373686
63.23526820132322,44.94410705266453,62.04068279906013,0.0,4.0,20.287367246267817,40.0,45.24424491591592
30.64024759163121,31.23811909179005,33.91314487176481,0.0,1.0,54.94141135361567,46.0,27.497949893532798
18.724415871843092,70.07284286033875,21.36533346194826,0.0,7.0,38.26603408070967,47.0,34.73463792072647
71.9871967423117,73.71782453093245,29.338085038816473,0.0,4.0,78.2420285726847,26.0,47.84574478323728
37.432339166990026,54.71142209938704,41.15711433492573,0.0,1.0,17.912381639619603,5.0,32.503961289813326
44.97652645059035,48.35210531516277,21.689576410455977,0.0,8.0,16.354395231428207,5.0,32.61507688056565
29.387556862145882,17.975498058345256,42.874298838158424,0.0,3.0,5.0,31.0,24.678956831087802
32.20151122035551,28.74642823961393,24.091801746852802,0.0,2.0,21.743606932087083,28.0,23.803242925276315
68.37111748406653,53.778119019338696,68.88969444635998,1.0,5.0,45.06638011332237,13.0,58.78631009693646
66.76434358194916,51.45012668745247,19.292001557297002,0.0,3.0,12.542608595484687,11.0,36.129366283004224
47.92992337682927,76.56704876934225,26.135166917456033,0.0,11.0,21.743681000704505,1.0,42.64917531604536
39.048498850888876,62.331349792876345,53.93956760742018,0.0,6.0,8.669134793284409,24.0,41.471581839117896
53.93157240781793,88.07530744964383,53.623847722550586,0.0,3.0,51.86548227822478,13.0,49.73967055866049
33.01438256101982,76.88158905387088,29.04451755818389,0.0,3.0,5.0,18.0,36.46289641535945
47.00737908555981,58.75845653026484,67.08340449910362,0.0,6.0,42.772774027901804,24.0,45.74250418822332
26.135886399796178,62.248318544392866,8.405701240314995,1.0,2.0,16.67146607943646,29.0,37.52726827471458
24.072445352395558,41.46990439668911,31.227575890850247,0.0,3.0,5.0,28.0,26.644435948774547
48.95559400876498,83.87695751896577,24.409344454211933,1.0,7.0,67.21827968772072,38.0,56.0654992477786
45.94643760248026,52.34031249760629,30.74146706711999,1.0,4.0,23.41106479136561,45.0,46.97789130844082
44.162399476454695,39.93623665847327,18.732360710452518,0.0,7.0,32.010636127886585,22.0,30.84996802053535
34.90775693608882,82.94153442595494,32.60372332887621,0.0,5.0,46.09089889750191,20.0,41.05385522197954
49.91601041809991,57.20248542466868,11.528153645701659,0.0,2.0,37.25493215700273,11.0,31.66466693767786
33.570833390566726,68.1337353140305,30.032435665440016,1.0,3.0,45.93791867447708,20.0,45.434302674695616
13.082220958476547,37.88629344259019,27.324725604058305,1.0,5.0,50.283409921638146,41.0,35.094941613157886
40.29355933501997,32.8245905724905,34.80181730859261,1.0,7.0,31.133578699054528,13.0,40.55470486444768
25.270960209283576,67.96232494866385,29.078754946698332,0.0,5.0,15.929733505630798,47.0,35.962281348249945
56.31047556482534,16.110063929144083,22.432035515079434,1.0,9.0,9.75029382306886,24.0,39.54754667767734
68.49055954249977,37.50107568648458,14.78007450722692,1.0,2.0,81.62165331007849,43.0,45.40987016165274
76.7189511403024,53.08329879471594,39.80106699690179,0.0,5.0,122.64195479631461,24.0,47.03971382654264
42.17799429546653,36.66442682333057,23.55976487814968,0.0,5.0,15.492463337066127,48.0,31.33710433538894
29.4275089587193,60.047210472469615,44.79283639598021,0.0,6.0,5.0,17.0,36.02391380365994
44.4701414522379,69.97411717627783,22.246268390771597,0.0,0.0,8.810187583196663,5.0,33.61794800328106
43.51547839393128,62.989852404168126,14.255464664702622,1.0,5.0,38.874042641652565,30.0,45.266076981398484
47.08706992760966,59.20740433260444,9.08992249740992,0.0,3.0,6.645450659200162,14.0,31.26459694174938
61.681497715144026,53.750164960539294,20.182127230486195,0.0,3.0,53.01392858220469,15.0,36.59256397233335
34.80733648040952,66.23377262373592,65.29368790659585,0.0,3.0,89.75199309688487,9.0,42.105046746905685
47.451730353175094,30.84738867415765,9.740077764806268,0.0,6.0,116.0110964659383,14.0,27.745639519916118
26.864166524555305,45.62641703831448,14.150321966480567,0.0,3.0,5.0,10.0,23.46604361734689
40.143984677003694,36.62612791869907,28.152002363439443,1.0,3.0,111.08170528044579,22.0,40.03356923943405
78.16718803484439,26.030022174984442,20.936993127936905,0.0,5.0,47.17375927481394,31.0,36.241481326441615
29.57022376572722,14.026904747124396,29.542998704213456,0.0,2.0,5.0,13.0,19.037881869055592
57.70325320334684,31.571234434018614,39.66591718263693,0.0,2.0,18.779410089968003,17.0,33.03560924064157
37.62550801537692,22.343703282313502,61.999179008713256,0.0,2.0,42.14435392115673,1.0,29.216448288903763
58.43032996558888,53.15591392294912,21.16775150466799,0.0,3.0,109.8743680166263,14.0,36.65476782800079
58.20137372483865,40.263160624717955,68.85315041210653,0.0,3.0,6.27535339605374,44.0,43.75383599081398
28.259051235454972,68.76903418013838,56.755813812065426,0.0,7.0,5.0,39.0,42.67151744964475
53.79265403501917,51.972743626003734,20.38652439293616,0.0,4.0,22.376077823234702,35.0,35.92667153901471
19.102917190658573,67.35949503692015,57.103420625424704,0.0,3.0,120.57901067619461,1.0,36.64888468613208
22.276999626516258,43.56781415477538,16.21240255723034,0.0,3.0,124.37677300555536,27.0,25.543712324857864
44.201929022689214,62.296586335407376,10.238880411740984,1.0,4.0,9.053110360163389,45.0,44.70058802096829
67.38729546858431,50.704366647212595,13.337890575116482,0.0,4.0,13.464600270733733,22.0,36.372593914970935
50.21494687736025,38.879571705760135,25.841577881615525,1.0,3.0,83.52100513522265,34.0,43.2116146376001
29.250459266310386,61.77576789574839,4.159197246374903,0.0,1.0,46.45996194304165,9.0,25.615088964211676
11.395351469688803,43.0930035690494,13.41768243963697,0.0,4.0,125.54206469246621,36.0,23.447631616024736
52.88434199202886,66.33521258667272,6.690898879175647,1.0,0.0,78.2709891927982,48.0,46.395404247595295
41.26704930500621,35.848475143970596,69.9831334195969,0.0,4.0,8.47678740207386,32.0,38.21113639459676
44.02020533967228,53.68068305491668,22.141545940235765,0.0,6.0,49.90926209459177,38.0,36.01874614687453
49.27398331144097,29.055400652840934,45.135102407852315,0.0,1.0,5.0,20.0,30.88936647264094
60.37087945001968,86.11704681655944,20.824508721177214,1.0,4.0,59.59905754663699,27.0,56.12380156495975
40.693801319048426,58.763524631426975,28.49721571842548,0.0,1.0,32.20665809059823,3.0,31.86241449408685
69.15466292716191,86.271863918787,8.297367411860531,0.0,5.0,109.40520104776698,11.0,45.84992174395693
30.579840251591005,66.13600147869668,17.88219497226696,0.0,3.0,112.68906393316387,24.0,33.158424449955945
17.434846611568876,43.582565774361996,34.03311986784555,1.0,5.0,5.0,29.0,37.224310403385154
63.70410207098198,67.87930112872115,8.185606139713606,0.0,6.0,6.124103862405517,5.0,38.24762435633366
20.9818404040028,72.88727934481327,19.17866943671857,0.0,4.0,23.17174469814008,33.0,32.5570950730513
43.916892960279704,66.94502776046777,32.33311797441564,0.0,7.0,74.0618127412928,8.0,39.76709277893068
68.25976223815955,50.874259947170685,12.509901611295545,1.0,2.0,58.95416491270524,19.0,45.87875250719496
15.653508634910393,32.85232083815185,59.83416989371455,0.0,5.0,116.709881363597,4.0,28.960649448826025
52.64666697455252,71.57576306361192,26.508254024366202,0.0,4.0,33.68942137699951,41.0,42.44628905644634
16.705722029724726,67.07402397490378,40.67739609667596,1.0,3.0,10.376518246541275,35.0,43.76310667910364
43.919849143198746,43.737415667560725,25.658830738635817,0.0,4.0,5.0,30.0,31.759415683750362
5.572794085977114,28.121308475826034,37.773374560290584,0.0,6.0,8.827711429325102,5.0,19.736110602044775
23.038447736400094,64.6600760830819,19.8496912100808,1.0,5.0,39.366987073764626,48.0,43.191107656733564
29.19023240157872,33.8760971927819,11.39692038354188,1.0,4.0,91.25938248428524,40.0,34.972783261713765
14.99321176857826,41.8033084407061,11.857827520886472,0.0,1.0,13.544730049366212,38.0,20.487411237288246
54.061737283444344,67.64545724495584,39.13165185322936,0.0,4.0,72.97822414666464,3.0,41.804113922425884
48.042141116656985,29.16747235237711,26.32941191924315,0.0,4.0,17.582552768643144,16.0,28.31627326207211
67.34142571257831,20.13027412188787,17.78364221790424,1.0,5.0,12.899648267259158,8.0,38.964381107806865
23.02070179078386,18.32272970429485,10.92364924266929,1.0,5.0,24.884789197260226,45.0,29.335411016126365
37.37432817369003,64.54766420368011,24.903822125676463,0.0,6.0,20.43602982820061,5.0,34.4049056633957
18.20239824139444,64.18425675116119,29.066026693652848,1.0,3.0,85.7879251596163,38.0,42.549142556090004
31.934394219939815,47.107978637413034,40.072668273860046,1.0,8.0,22.105821155761824,35.0,45.312153340935744
70.75470174746005,69.6795140144608,39.95021739356703,0.0,5.0,11.368351651758513,8.0,46.61382437895509
55.03216595106546,42.40044142096645,53.74799102761229,0.0,5.0,64.70611953791698,36.0,41.80971462780377
20.324727329535076,45.191816993461046,6.150935477563793,0.0,3.0,233.9477396064854,25.0,25.03582034329889
9.602257599366965,41.65622309067222,36.26776485906475,0.0,3.0,36.56139229088374,8.0,22.919822087643556
9.154042135953569,16.06447551057242,23.813348164079866,1.0,4.0,10.090409711244266,21.0,25.11207893316071
55.849437778567534,40.2890856557829,27.83990206193183,1.0,3.0,9.550763273011915,46.0,45.1887568166755
28.55182196896953,24.925033370031933,20.5116539811131,0.0,2.0,5.0,9.0,19.36821129763965
83.91505040481975,33.58862490392675,8.93956232937814,0.0,3.0,5.0,32.0,35.510497959728916
46.598844394792614,64.95135699144431,17.671255556235,0.0,6.0,86.27168067220751,44.0,39.66881501522822
29.256583596515927,14.26508656788163,26.531442703971603,1.0,4.0,5.0,13.0,29.483372748560374
20.326651338502234,38.46687892063683,34.5067147627792,0.0,5.0,23.18102878892204,23.0,26.553955311296694
60.08286416401079,37.55277973158877,38.23614027306941,0.0,8.0,41.920605543220105,8.0,37.66020205053863
31.355189227180425,56.53937454956046,12.402001309634676,0.0,2.0,66.48208017234734,35.0,29.501087822203047
51.32321379094002,29.20054114254497,29.681377287678263,0.0,8.0,6.575170599985404,28.0,32.772416920506664
42.43076316810207,60.05344238405901,37.01359836175146,0.0,6.0,20.155089402893335,15.0,37.796252490836864
43.60268537084341,32.58346500730878,31.8887396225138,1.0,7.0,10.138016556677472,29.0,41.736493783947644
58.22047335823834,66.89868575178157,3.7748610858976996,0.0,3.0,10.341677153913754,4.0,34.13356216248047
19.694544990655213,57.62805865536891,30.89295500589279,0.0,1.0,12.676116783698706,34.0,29.078726447890432
48.79337425824268,53.324580224649786,20.617491707970196,0.0,7.0,30.960619076193893,37.0,36.96502353420292
37.469424389621295,36.18869341342842,20.893395584058563,0.0,3.0,5.0,24.0,26.273208567574144
56.98963808120971,25.106015744524274,51.593925216540924,0.0,3.0,18.394035979226437,21.0,34.487003075409305
59.91765590748436,44.658136880116835,46.73211136235304,0.0,2.0,7.2385339426868445,2.0,36.83952034578723
25.534856675914114,68.25266185827998,21.295344528741698,1.0,4.0,119.51958718997817,7.0,42.334928601003185
52.86176260405458,32.61210417979362,24.64392117611343,0.0,3.0,30.59069194353592,11.0,29.30336866894798
22.96496913562435,69.32180907996866,13.078651891186155,0.0,2.0,70.89869033733008,12.0,28.888470644199433
38.45611740039057,69.76629398201797,8.992430833065521,0.0,6.0,7.621967343491865,4.0,32.50937382304445
43.52479533968135,32.43968491081344,49.61155004869246,1.0,4.0,58.12848433894143,35.0,44.89348582178525
57.178594956856344,53.341483481880246,59.554061008495665,0.0,2.0,18.75200739498652,40.0,44.240863929703075
55.87096813715412,80.29758004611303,51.512819395248464,1.0,2.0,6.847523484537366,26.0,57.687594633952415
21.37236607288241,36.728671336514815,72.56297152171105,0.0,7.0,50.131137178997726,18.0,35.07328518488882
53.174279085691126,61.65150247781379,36.69776625017684,0.0,3.0,50.24359322617058,37.0,41.53322946586366
43.10795415207813,26.277026795934805,26.923296659189983,0.0,7.0,192.283808545331,16.0,30.874112172233193
74.67907106019898,49.9218411447456,37.231737192891025,1.0,3.0,53.14389900345837,12.0,52.04687787386968
31.084822190401155,35.36055806940493,33.37604973986761,0.0,3.0,5.4938250353271405,41.0,28.391122880156946
34.69368523475495,54.495926291904375,35.67361661065708,0.0,0.0,13.629411878079113,40.0,32.983530127178845
79.21845976755812,71.31345928118867,29.40882945203641,0.0,6.0,21.034362651620373,37.0,50.13462878835324
63.388362327395406,48.019287277154106,31.389015299364843,0.0,2.0,5.0,19.0,36.85971546101035
19.661106690176915,46.06776170066494,42.54479774463323,0.0,2.0,54.29735020311208,15.0,28.12660091655357
36.89196181822455,29.31368612520368,14.087116063381098,0.0,5.0,26.18079635290317,22.0,24.287727940179728
50.91827826187445,78.4141214424605,46.13966664601515,0.0,4.0,101.16624020560545,20.0,46.97969309857645
58.915805545955244,85.35339453315812,40.85301678058787,0.0,5.0,31.146923116954728,43.0,50.98625414576719
28.09490986477252,55.1609173900393,5.777302348572144,0.0,4.0,25.900953609313046,13.0,25.60049920783306
68.83436657093029,86.35939762875557,37.58105099156218,0.0,7.0,5.0,23.0,52.0446512482339
17.925444608414633,64.87398690894388,52.74526521902247,0.0,2.0,5.6612395642121935,31.0,34.98949075617153
23.009971458558617,11.808516188944509,16.18495202616143,0.0,4.0,66.2887917069577,26.0,17.30223298441939
66.43474062895105,26.225555420077644,44.82869423113461,0.0,2.0,163.63064128694555,45.0,39.56556978574189
41.64107480789709,39.19196429352805,59.75218263126394,0.0,6.0,18.775739284905697,32.0,38.32577479683423
44.383954852903216,59.64223310068522,34.3881223175631,0.0,10.0,58.14145336042251,21.0,40.897768039009826
55.414446435909156,16.43905979642526,42.372210682741304,0.0,2.0,34.57119794995902,17.0,29.474291195164543
28.787150349366886,56.67295045658021,11.32535109680559,0.0,3.0,111.8470485166808,29.0,29.43631486378145
18.58317129851348,72.57916211319248,46.702055029764665,0.0,7.0,9.519609348314136,29.0,38.433308108452444
50.59298242209272,43.818400645237276,33.65228235177787,0.0,1.0,27.54839222798046,48.0,35.307409846169094
56.9506076185991,52.971058376424885,52.884074280033566,0.0,11.0,18.395784267152006,22.0,46.05156390303714
43.89500466504613,57.69593171275977,48.55726984542502,0.0,4.0,27.309315152448175,19.0,39.26280377264232
38.52254597191968,55.750939415670054,33.13068237839493,0.0,4.0,10.960169421084458,14.0,33.66987053331378
22.871577081505457,38.66160638713572,33.66479292558077,0.0,6.0,24.102737229501415,39.0,28.951898247948474
34.995453171851715,65.17533998157323,22.935348036009216,0.0,4.0,34.31074898822999,23.0,34.228739879369755
77.79477337207635,41.21786296688233,32.44945590809616,1.0,3.0,5.0,41.0,51.33971693302557
36.46468039492051,54.328157685630984,59.53503109846774,0.0,5.0,47.55203610949164,2.0,38.199381650916614
37.331576652109945,47.091882240341434,30.552704844167305,1.0,5.0,42.908455863778336,32.0,43.23627431910009
41.15134058796699,39.32694088841468,60.05047461716326,0.0,7.0,74.34294598387629,38.0,40.21915242827009
34.330548003840455,54.32258920808513,59.555324133144495,1.0,5.0,19.42066014511007,33.0,49.80174635859872
66.85580327470007,74.42308789543979,17.063352111465267,0.0,5.0,5.0,7.0,42.06239321482801
56.92449320675186,19.771928933880968,27.899808001920572,1.0,6.0,21.66134604154783,48.0,42.30064867220709
32.3229410595632,48.85053937619339,19.45469207532179,0.0,2.0,5.18163500371307,34.0,28.167214684062913
38.391589537086695,23.295411315260196,52.26111662695018,0.0,5.0,36.489382456994406,4.0,29.457803657788673
39.51920103409929,19.360562481986086,31.75636550056652,0.0,5.0,5.0,23.0,25.73454731246798
42.93914984030492,30.48404872530185,33.151651139480634,1.0,5.0,16.393970846686646,20.0,39.58176673617813
31.769978327551446,78.1557216356365,47.973471297379106,1.0,5.0,5.0,22.0,51.6561192502728
30.809377939425854,53.060446949207474,71.07999509679367,0.0,5.0,5.0,46.0,41.763455241517065
66.99972468698724,40.501969734469704,70.23703822598523,0.0,3.0,113.15165273419488,29.0,46.749924360975065
70.88156278933093,38.61205149501084,27.173140535598826,0.0,3.0,194.38355097349648,43.0,41.10150182711448
30.684964342430664,62.564901246678275,61.60197642680213,0.0,4.0,28.37841524583759,41.0,41.63691632657106
37.1135845031448,52.703262179697084,45.97579159519315,0.0,1.0,9.557236743702976,37.0,35.41895244431502
53.82506759834305,38.630933644661134,45.489629702019286,1.0,6.0,84.70813056904402,3.0,47.017256340259614
17.635966108236612,24.49593071397605,74.45622882608748,0.0,1.0,89.7548839885482,22.0,29.226964781254104
64.69540553998395,30.184167201932453,13.551456754562055,0.0,1.0,67.46741056790658,20.0,29.70966310547802
29.284985176548407,78.59578868555391,26.773133143872606,0.0,3.0,27.512595896505474,25.0,36.44835496197753
51.52665266974332,54.63837974960043,59.67061484194113,0.0,4.0,5.0,34.0,43.52204773989084
12.32537190412798,37.85434016455498,25.893679025228465,0.0,2.0,5.0,42.0,22.3703304888831
52.97347705365577,59.406768133587796,40.48368967614835,0.0,3.0,79.42695970125226,29.0,41.479297253927264
51.636580370115624,65.91494201021649,21.6200490322382,0.0,4.0,73.01274035828693,10.0,37.84676091392993
49.95931001836278,38.29563665193132,25.35204130620145,0.0,5.0,19.945215530471486,39.0,33.36993504396803
25.403537031839242,41.81977324024064,43.906829466936145,0.0,4.0,13.9204468703998,47.0,31.8599206113336
32.550068663808965,46.74770649142742,48.132726425459445,0.0,4.0,36.161044465700584,37.0,35.246232452018866
44.87334523293433,26.250701137865573,23.252030133003526,1.0,5.0,57.575092671422276,40.0,39.35261910204344
32.71756827768456,53.38416913761112,47.598305372748996,0.0,6.0,46.04576898517722,20.0,36.64849439880322
27.378510934426004,29.159986427213134,28.648553429109924,1.0,4.0,33.46277357945355,38.0,35.699739403503024
64.39555953153278,22.075060572568827,46.36315371518359,0.0,2.0,9.216518063826392,23.0,34.021083391416674
9.395207709722762,29.770215334612377,32.740527504125225,0.0,5.0,10.657352759309576,11.0,20.09331223939112
68.09586325240396,52.25312942463298,39.29473797836562,0.0,5.0,45.065962934202396,8.0,42.00058450521292
23.56164472826185,34.985782021827575,31.06126187625085,1.0,3.0,56.791830434533885,29.0,35.77444501639174
47.52687261767166,42.50867006510946,9.925654393608824,1.0,3.0,5.0,36.0,39.17401654941704
47.735558269935794,45.70324706948542,26.66597965401546,0.0,3.0,7.258636298819233,25.0,32.49236877977284
25.759253465847255,26.316018468810398,35.32648982883222,0.0,2.0,39.931672667904444,39.0,25.039689378783994
33.11795491506393,89.97890877038252,29.502137924741007,1.0,3.0,17.242272890016206,34.0,51.38385320588341
57.22503390133724,41.21040993259543,72.3079145232089,0.0,5.0,28.99723698819492,47.0,46.117732988269395
38.19011654116367,63.38615050382127,48.23891314677146,0.0,5.0,33.39109961995656,32.0,40.90944031785317
83.37557761426217,45.650313476537136,38.812834282713624,0.0,0.0,52.395629157519025,41.0,44.27403636242952
27.836977962611233,68.39960726471912,35.081746491586024,0.0,4.0,57.34537082143414,23.0,36.04302153829274
28.28352522684901,72.55387381095012,7.476908055738122,0.0,1.0,11.502321245850512,21.0,29.17210184386435
24.01697400855228,57.61456958026285,34.911899707974314,0.0,5.0,27.277311117430862,19.0,32.076702816677546
30.576595781329196,16.194857882641866,46.396430014635115,0.0,6.0,5.0,25.0,26.335482752253117
40.73473403621774,78.0560661115534,20.934524891405605,0.0,4.0,64.5839689242564,23.0,38.967948518012
83.87803395688289,37.61826533590046,20.89597316990423,0.0,0.0,65.35284947409274,19.0,37.1822483820955
30.503404521158068,26.021000071548233,13.642366962010954,0.0,5.0,12.458917709212713,5.0,20.142250557259505
11.158092639432935,66.93909778844342,16.034139918628693,0.0,4.0,6.128220070794448,19.0,26.545843778494202
34.76257210952269,49.984991419058474,87.44589287976166,0.0,2.0,5.0,35.0,42.73940279143096
39.76432200821558,53.89573915171485,48.681634649029164,1.0,4.0,29.94637382791886,12.0,46.76381753436847
67.22195908706982,36.17517382469625,39.81636603354926,1.0,2.0,5.0,39.0,48.20922310131804
42.49025685410874,67.74011974409143,39.802615950539895,0.0,5.0,39.94532158773853,25.0,40.907242485061836
32.55505976418052,28.241333285657944,68.59602525424073,1.0,5.0,39.67587261053691,5.0,42.63645060840968
28.36887924989986,50.870753397942224,55.51149462254021,0.0,4.0,33.315985011334284,12.0,34.57859617998324
52.329817245210144,25.832264976985165,6.608357845725004,0.0,5.0,73.22014478028211,27.0,26.950381107845008
40.73920507576105,68.0815197733693,17.85188699731714,0.0,2.0,16.63432969037233,4.0,32.441707886791974
51.551691412071364,85.09031397290823,41.91116341982718,1.0,10.0,81.39398518794964,19.0,60.76170445988421
22.62778909254041,58.6496086158535,35.87836871961021,1.0,3.0,5.0,45.0,42.92502317102052
37.123621305390216,28.99632265684734,34.03600835928598,0.0,1.0,5.0,47.0,27.867187662416587
57.13721012071781,64.5396941635442,12.307441429938617,0.0,7.0,18.59822959141984,24.0,38.911619363849276
16.284527930562472,44.16659573695656,27.78465768329252,0.0,3.0,31.548472346296553,42.0,26.274488011079008
23.738542772635924,33.31246422325963,45.13549847113934,0.0,0.0,5.0,28.0,25.70318477653509
37.9687717872625,41.97440372618097,22.366800731795273,0.0,7.0,29.330750852518094,33.0,31.411779371693545
63.82833027426656,18.556762920106138,10.774363398140197,0.0,4.0,12.85550757037195,35.0,28.006834099347167
70.78765736158658,77.48835848045566,50.26379329718602,1.0,2.0,76.35836211908469,16.0,60.74349641385312
25.574043370747045,43.48211059993623,10.325501338742642,1.0,4.0,26.671246387691383,12.0,32.889212035955744
56.071713804069866,58.86230730497073,48.71603574084369,0.0,5.0,31.026606045908974,16.0,42.97313812216343
69.89633883190322,80.72493410651987,30.141103260302167,0.0,4.0,101.91272507954447,11.0,48.36414248793891
55.80023216643222,75.78948532453548,29.523372718295093,1.0,4.0,50.562694905977345,43.0,55.32777370156325
43.027987968913074,36.78205922863807,46.004689838432824,1.0,1.0,20.18589251126445,28.0,42.34309071392125
45.228814776276934,48.512200073184644,24.10530746937198,0.0,3.0,22.678028088677895,23.0,32.135830322325305
29.193598994664004,33.98811967644609,58.80114286728105,0.0,4.0,36.536774549380716,46.0,34.10691330069049
31.257509196787204,70.13250748934242,19.387899304723373,1.0,3.0,7.818741109836376,17.0,42.366850556901134
35.798197345910786,74.26974849857932,42.68319665502289,1.0,4.0,5.0,19.0,49.850292458793774
35.15767140121361,22.56946748438536,21.481563323297305,0.0,0.0,13.050006939628096,11.0,19.85356416375992
33.82776459619035,78.7133118116353,37.40093883384944,0.0,5.0,52.73812951680841,4.0,39.459266940995235
22.030390190489577,29.19831926041364,38.9766674633706,0.0,3.0,10.412329494155635,10.0,23.20244146063975
69.22217650306706,50.70325810667731,40.47477313567456,0.0,7.0,5.0,19.0,43.47297994623767
39.85684565229382,20.3225736979442,12.72912232671469,1.0,3.0,8.652317269822483,36.0,32.329116379219606
33.21361115649783,56.30651499095135,52.8888128999042,0.0,3.0,39.76804205980845,43.0,38.777416123133406
17.842975889407306,27.679259556442215,50.34566391463628,1.0,6.0,33.31241726467487,39.0,38.43269032062444
52.47321392238901,36.97532800135202,41.08145480650888,0.0,4.0,40.80167727608553,41.0,36.781253278654404
28.662298149759202,52.12518266013804,20.67267484375766,0.0,2.0,13.599117944686439,22.0,27.44899105834082
32.47606305109767,16.229162802836314,19.79513396990577,0.0,3.0,80.89141271793399,2.0,19.196262527618263
30.276770441315954,59.44308039308446,53.106816589993265,1.0,7.0,21.037135834505527,33.0,49.87125353328418
53.5183634286138,10.709582870828847,15.550487371192235,1.0,1.0,25.23347260188703,40.0,33.43748627739597
47.047874245727975,36.83201472454182,23.682157936504066,0.0,6.0,104.02600391271855,27.0,32.82081989247176
12.765450346785926,60.28636328435947,66.51542606860417,0.0,7.0,135.6783405020965,19.0,39.0535587362074
63.54776985000948,68.15375335265121,24.96139503178259,1.0,6.0,37.917509557045854,48.0,55.724339959934426
51.22177307445107,37.97031517788476,39.14597508451392,0.0,5.0,101.39609725704943,46.0,38.24955463609953
43.25521662262866,26.138650196585107,27.18094978717979,1.0,8.0,27.293388402320286,4.0,37.821350876676526
27.173028698822698,50.37160033951543,63.42554726244614,0.0,3.0,12.849677890937455,19.0,35.4601948916621
60.55430725904046,62.21034472314836,66.60157559857338,0.0,2.0,13.24652021224044,25.0,47.373422438657734
41.78116599205967,55.0051486506316,57.15510414405374,0.0,3.0,28.65014935260481,6.0,38.18600187912524
32.72373875353319,47.32070108066219,37.79180103521488,1.0,3.0,32.51363370356644,47.0,43.60635497151555
21.057388833846744,75.4440305063363,34.554788520259805,1.0,3.0,20.269722382890524,13.0,44.04396143055731
39.2294008118245,41.45179606400842,48.13269476025337,0.0,3.0,75.32689695986235,22.0,34.435401855700036
66.0770702973585,46.0371288759807,49.3709334050965,0.0,5.0,19.471877915400395,4.0,41.21428652100051
35.33903949271487,43.2236751515318,31.080188626607065,0.0,1.0,11.179409655760189,2.0,26.735586940875248
17.711311479808618,60.34594187456809,51.65755650603959,0.0,4.0,5.0,3.0,32.30915797313543
33.975816799432465,45.23018882950628,37.87006509985327,0.0,2.0,123.40006663614732,46.0,34.249915493383696
33.29152664791201,81.3439049291398,10.677815860293883,1.0,3.0,60.86685107705643,30.0,45.86829068355463
42.14461194910462,75.64023138501085,21.978518666420022,0.0,4.0,33.45882640509048,4.0,36.843922455960985
27.605378793833513,49.37680568202173,40.999237168065164,0.0,8.0,62.13030840816056,48.0,36.70614515377408
30.6612440807475,17.619907122509126,42.795699376217534,0.0,2.0,58.17891208927213,43.0,26.210290269486023
17.279359883596175,75.1149361173639,41.61688712559427,0.0,4.0,94.01194493459788,29.0,37.47614254431243
48.596764459004106,63.121593208707935,65.65493156135457,0.0,4.0,17.075470663898656,45.0,47.217116593154635
28.7806865641034,20.96592827344446,11.246075929621046,1.0,6.0,28.327215408546262,33.0,31.089104341847914
24.41496514590797,66.83360218438537,38.97727542074966,0.0,5.0,5.0,13.0,34.437596916723265
60.15172531004619,15.364338573029343,55.59797425051636,0.0,2.0,117.65110826294716,47.0,36.86436188641264
65.89984354991697,21.795607408732536,39.95968374903743,0.0,4.0,147.28743570295634,39.0,37.655731794050496
47.97370315288766,41.7686136590039,22.27493519705426,1.0,5.0,54.470377658692364,32.0,43.09542561825615
68.50240210520519,94.7564255270354,15.876209092484938,0.0,2.0,21.187526802667996,28.0,47.728949155399825
61.00133662404769,35.44004234999527,12.689011768724104,0.0,4.0,24.020645229848252,37.0,32.249144087599795
39.64560878366793,75.0832786502989,24.772621263025417,1.0,7.0,20.00527192051709,28.0,50.023497128491734
23.17959804318339,78.6151519144608,41.164470623086366,1.0,3.0,12.150742882986592,27.0,47.72599350015611
33.82796928589896,31.647593625632275,30.494768787339872,0.0,2.0,26.261705876891455,25.0,26.038031779381043
28.794286978268257,59.71250451248188,77.20704004299739,0.0,5.0,5.0,30.0,42.81477254795367
52.17592471022354,75.85487725495432,11.579858252921328,1.0,3.0,168.50033199684114,6.0,49.11967745382819
35.68117566088409,64.00060950553559,29.499316647663843,0.0,4.0,19.310713180149563,30.0,35.762614365353414
15.950528122342817,23.48214457349986,16.062150769137943,0.0,3.0,91.78155658260506,9.0,16.88910323310994
35.796640087352785,18.700289716376233,9.199032913565707,0.0,3.0,45.09184576353442,6.0,18.28550856586195
31.70044951397323,6.747030312740822,79.33651246199427,0.0,8.0,11.98434696883877,29.0,32.35425533391212
7.487958803028405,46.57365532763243,58.08051497842802,1.0,4.0,8.788373639713644,23.0,39.32212050658623
21.269386856907502,66.04093103237258,34.50835979787146,0.0,4.0,190.5205202425747,6.0,34.41091308910884
76.0813297900277,21.506143882580133,49.840279529033815,0.0,5.0,51.763739736820185,22.0,39.69314415974784
17.01046947796493,57.28382784130004,18.346985357306817,1.0,2.0,10.053078227034694,2.0,33.6371539862435
5.905496596816809,87.27901261432612,16.869242039678095,0.0,3.0,5.0,31.0,30.93330904405468
47.095847065672366,43.24475974647161,4.091253760417995,0.0,2.0,41.7811479171749,6.0,25.638567488461057
29.80189734159214,34.93385473454158,46.83548592700573,0.0,0.0,12.63477177970422,42.0,29.253191552909843
51.80806694310313,57.26043607599852,58.24593253601632,0.0,5.0,8.755914527493491,5.0,42.1397402277519
30.002060318348846,62.12056254269099,25.370646843731443,0.0,3.0,46.47262590710926,20.0,32.11501376518667
31.80943322122233,29.45175738877995,10.08929631716712,0.0,5.0,39.79950018340174,12.0,21.63661558553509
29.54121887123004,29.845254452719487,46.58609021198299,0.0,4.0,22.982639628059538,38.0,29.83155860743293
39.97744435345738,72.03165983906783,41.28140213143796,0.0,6.0,100.0540061233548,38.0,44.22608723905924
37.74060967578279,28.273756115951553,44.08893677330857,0.0,7.0,39.840668532251854,8.0,30.358829499111334
60.333299145849715,54.89769125939395,20.437684803551768,0.0,4.0,78.359934785443,43.0,39.865710185255026
20.087151552289484,77.95364877792368,28.154941337323514,0.0,5.0,7.3991368254984335,33.0,35.67624120589263
37.52967328869154,29.123815852094165,59.21736919482083,0.0,1.0,12.316319045879226,39.0,32.487240562227996
35.64417219100284,40.27292941538489,16.475147598035818,0.0,2.0,5.0,40.0,26.75430492120409
62.037504513354925,36.81795838610415,50.36175005969575,1.0,4.0,12.713375371771356,31.0,49.706296409418925
53.77605196842018,39.88422400450873,33.344265970787475,1.0,9.0,124.86827949048107,3.0,47.13181465923741
63.23556529460135,51.12982556919678,37.421695201812874,0.0,3.0,115.25358787755921,19.0,41.10307749568639
87.42972396004602,34.16394597339746,48.25712781089593,1.0,4.0,50.00546121923413,48.0,56.983263758381135
49.02534799074879,61.31612692328707,69.70387197300958,1.0,7.0,25.76544054081483,8.0,56.33839017176392
14.665810299151923,61.15217330108816,32.10155345432928,0.0,3.0,53.11874992760471,30.0,30.324706589767555
72.08600218795664,44.77569255056749,10.984215047396876,0.0,5.0,28.220032907054915,31.0,37.113787220623294
48.71267841512925,30.62068840101292,3.933915173605839,1.0,1.0,5.0,29.0,33.65012473875671
55.074926295715365,70.35307077222569,53.021655972054205,0.0,2.0,24.36861438269727,6.0,43.917894958185926
14.592281429521476,51.38282393527488,22.53330925075342,0.0,1.0,31.97610367675547,2.0,22.21205585017786
53.46090724144757,19.71264992780776,34.448553149720915,1.0,5.0,10.811621517672307,23.0,39.9394191998741
47.367050732516354,26.84380016637678,7.45864634430407,0.0,2.0,7.954415161304121,44.0,24.9050459694983
48.81181556210222,47.10276802135379,16.5779128635106,0.0,6.0,11.197982036876105,30.0,33.173396181156136
39.104434234626716,36.40806260957202,26.84050030347011,0.0,3.0,34.20118091140118,38.0,29.560109832992794
54.77348163718834,31.220946424338337,52.60081935883916,0.0,5.0,5.5264707417101215,46.0,38.607194419016864
26.760398749086267,42.474243762170225,26.563606216101388,0.0,4.0,44.59486039689002,39.0,28.718232970717974
49.04277509439091,28.803308181131452,63.14732783371736,1.0,2.0,19.227236094327264,9.0,44.21528882979997
21.2189115571497,52.856742605188444,15.161652524871332,0.0,3.0,15.25813724868337,7.0,23.97870757487107
19.22500438667861,41.04896505503738,10.660011920394382,0.0,3.0,57.61924739286129,47.0,23.639069369460326
71.23434122741367,54.38807349877423,31.589389335115854,0.0,1.0,24.687173185081587,44.0,42.31847631953145
26.907482931332538,50.37014653071347,28.315292288394627,0.0,5.0,16.641078396107037,15.0,29.16538974419481
23.19292579694968,62.903763496483435,20.165375611633294,1.0,2.0,73.67511197821243,15.0,39.05271590400301
64.69339127404713,56.39055496289773,36.830238239480174,0.0,5.0,16.074244071664737,21.0,42.31088877894555
64.36279611666063,56.16262617394371,25.818800440829264,0.0,3.0,68.56490883537936,14.0,39.15882086884967
17.501178676809406,51.83784995068408,22.05510720250063,0.0,4.0,24.555301199049293,11.0,25.18866341655829
39.41433672684177,54.91999162984313,53.29729676647038,0.0,3.0,8.162099702433425,11.0,36.8903017043709
11.09827784752885,59.58787092723345,48.347361985775045,0.0,5.0,33.21013143386354,20.0,32.205705027120736
37.58293742213611,52.359448504068105,43.542700345401684,0.0,6.0,11.75738630442918,13.0,35.665588064835596
29.63032827503173,86.50707899297187,72.28661008608806,0.0,7.0,5.571216510677655,45.0,51.06414663172269
30.663828536199638,46.24608509801918,22.328132337230645,0.0,4.0,5.0,30.0,28.406438209334162
62.23614950951989,16.173957828629785,45.654213226619675,1.0,3.0,9.683543796249472,40.0,43.82163951393468
28.73103317520675,33.91074441184678,58.04289964647842,0.0,1.0,46.68682558862519,39.0,31.799346868810407
74.56588309650003,54.17999272900983,40.75386078616982,0.0,1.0,63.70539502640379,20.0,43.55652743403389
27.90842150407084,50.764672478187855,60.06857734426081,1.0,3.0,69.24682736433334,45.0,48.139938202246164
47.84678495180877,44.79605738638705,23.144409599872557,1.0,4.0,11.021985804950203,43.0,43.68261094406934
16.91980167319916,19.78367819099871,36.87388330746275,0.0,6.0,37.85863658394945,38.0,23.523051479551878
37.16499146353729,55.88534881976349,39.61081927127344,1.0,2.0,9.163864078407217,8.0,43.064704083667735
27.945891899830542,22.487034627094236,12.81191588065568,1.0,4.0,34.12077525841518,37.0,30.933213878663636
46.169373955995255,75.15372481207939,33.12368102458249,0.0,4.0,76.37827402487586,42.0,43.810896614666504
56.62757103635013,38.57190221813095,18.570070841030013,0.0,4.0,5.0,33.0,32.47721581515961
35.614169792935115,57.45882357475237,52.40169917959284,0.0,5.0,147.52023683712324,26.0,40.94224530056774
12.826996728995429,37.87276232495549,17.260497771858656,0.0,3.0,61.42401215049398,44.0,22.376490178934034
35.70105479063825,12.654369028031562,65.42773478039354,0.0,1.0,50.192307643257685,39.0,29.76081316637162
49.24271995572027,29.163089347960895,58.22409936040431,0.0,4.0,41.14561869442071,8.0,34.70460209711189
23.104147163837485,44.52013282648345,9.077924916407047,1.0,6.0,51.480362535517244,18.0,34.24534078142992
50.986430020655604,17.9989385812489,17.705774826292384,0.0,4.0,182.71738458757287,39.0,29.094308602469102
17.904641756640462,81.69901456765557,22.79003868668423,0.0,10.0,51.46778149490815,14.0,36.78240632232938
27.311105975751016,48.18872458266073,43.452945855568004,0.0,2.0,15.16370447487866,18.0,30.374832748981262
44.577104410137466,45.49805575364766,59.8474487012446,0.0,6.0,33.3100416763839,21.0,39.97124044801735
37.8435542385685,69.61013324130774,34.95501636813557,1.0,9.0,14.380246340167417,23.0,50.801175751705514
54.02281560017498,44.35542568405638,66.74874768341013,0.0,3.0,122.80596027067563,4.0,41.84253855540401
8.166901681226257,60.83146822597739,27.102234505424178,0.0,7.0,80.63941894486004,10.0,28.526936747670177
41.243288375796666,21.989182160359714,33.79266623639722,0.0,3.0,29.345784083963693,43.0,28.219516759995294
37.376073990633515,67.7925382597414,27.883824315226903,1.0,3.0,53.19770230638503,11.0,45.236747829207935
52.53408238517044,26.347268909153286,58.58429648767623,0.0,5.0,84.15656315176982,20.0,37.11703546487782
48.82089532056921,43.35634950131752,27.438915442361676,0.0,3.0,9.771485176793572,19.0,31.871771390106044
40.386505331701706,51.8552624398079,59.16546676149325,0.0,5.0,30.31936789266505,1.0,38.128645181458694
53.04902557787793,69.839592560321,39.05188318550247,1.0,3.0,23.003138913843284,31.0,53.083914727605055
5.64812447935347,55.51347683289545,17.79986408046594,0.0,1.0,51.68166328381934,2.0,20.37727975669653
22.296477229212027,61.390934910434545,38.474682991102014,1.0,4.0,16.67949816659475,41.0,44.43366160379755
28.008184713487204,40.18103203052123,26.157099038621368,0.0,5.0,43.202671666688765,5.0,26.053300073726735
49.16898247879947,63.701608195147585,47.77624819719811,0.0,5.0,18.053930631162807,34.0,43.56176019802499
46.18948883030984,58.70263273841528,55.180417110057064,0.0,9.0,5.0,4.0,42.472447147526026
16.273306214611562,27.979624918284745,52.91322645200688,0.0,6.0,5.0,27.0,27.17587807362545
35.80307842380336,57.434471407374296,42.83638814060037,1.0,2.0,5.0,39.0,46.27333175258116
49.20885360725706,30.11372295226738,24.76816462296678,1.0,3.0,5.0,3.0,36.714277064474466
28.775466922493365,51.04972700586322,33.74435392527797,1.0,7.0,26.647900109684684,26.0,43.03153566889969
16.90256232557552,78.39959070687895,14.86093459769905,0.0,3.0,39.005575466760334,41.0,32.43848105178826
34.39792462259294,58.08901500587292,69.7396281062571,1.0,5.0,5.0,1.0,49.89966052836789
76.31220504997499,54.13338024134992,25.710227676645154,0.0,0.0,33.12344096258731,16.0,39.61675024689499
78.25662439257324,48.13845235846706,44.88536696100161,1.0,2.0,31.87298897309374,35.0,55.06914373686323
39.61610351557481,46.591748841907304,8.55436307029697,1.0,2.0,5.568709899211346,19.0,36.001935061817306
35.64640307162244,16.31510139471357,35.1761993111251,0.0,8.0,18.117862422113156,16.0,25.91550177756283
49.02187011836068,44.51072758764129,8.521821194048766,1.0,8.0,49.2467898768627,33.0,42.892128970006716
46.37320401270519,57.447294634138565,65.28022935597197,0.0,5.0,5.0,31.0,44.34117053290533
21.93548055454645,23.400327305077305,25.851200224151956,0.0,4.0,5.5627122576925325,22.0,20.559862072526073
19.563305444893313,56.18300183430419,43.6817650897742,0.0,6.0,191.7807314136738,44.0,37.608088207039664
60.26615407162785,58.13140855334596,41.29961503172888,0.0,3.0,46.289233170995864,20.0,41.866608059991826
18.56870512093337,21.176904213184898,12.129333879874817,0.0,7.0,21.83524719948802,6.0,16.944966398029674
67.23087378303372,68.25194370373796,23.49669899758308,1.0,3.0,34.78004926382097,35.0,53.64319162609734
12.784953032287042,21.24970292055383,26.23015752262818,0.0,8.0,65.5283503350733,39.0,22.319815764763693
72.75109776856915,33.398887339714236,5.16015994443075,0.0,6.0,64.64814520983377,3.0,32.053898589314336
34.048632514984604,32.23989201296672,42.374175368990514,0.0,5.0,13.741012882381959,32.0,30.600155745237384
11.153140735536846,42.50640302460164,6.837484902005286,0.0,4.0,23.655798802175834,13.0,18.37754236793716
58.65969761723777,42.490242503348234,46.915346451482066,0.0,4.0,35.56921476543747,48.0,41.372995090023245
46.95682452058556,64.53399047450402,39.4199961360447,0.0,4.0,5.0,14.0,39.13670297598133
45.56823499734773,59.788173682610655,54.978813960208065,0.0,3.0,102.02540707228397,41.0,43.983938141854416
37.37545584377624,76.93864841076044,4.180990130494301,0.0,4.0,19.842926073551894,8.0,32.53221090690986
37.94561614323007,34.161981270833344,66.44193321090653,1.0,1.0,16.219180972675815,47.0,46.02479289125997
30.79494672853852,39.166489129316965,2.686559866871479,0.0,2.0,83.16824333687705,19.0,22.0083628312282
37.75631969248838,9.727574812939439,43.147611730171,0.0,2.0,5.0,45.0,25.39716263905782
45.589142336059446,19.37207878726704,8.275201953335731,1.0,7.0,5.0,14.0,32.87534567149876
17.147979349527805,56.90082963646855,26.93367146565226,1.0,4.0,40.43166043986773,11.0,37.595843106667424
56.33596386550141,76.15975207803531,8.41231642940773,0.0,5.0,17.014824308104927,35.0,40.66196279402873
28.608680052859718,41.25683304225832,21.639786517330446,0.0,3.0,50.60795768740195,36.0,27.204062900244033
10.272666043350478,80.63807749911476,40.694758874393386,1.0,3.0,5.0,3.0,42.79663766049499
35.99704478189786,24.69300169870105,38.378621509995696,1.0,4.0,16.943995097268964,25.0,37.33600651037184
46.064659035386704,39.38685367099846,24.26395359809412,1.0,2.0,9.390662726474803,13.0,38.515919499838716
29.18432701853662,34.19617016160068,56.13321626268045,0.0,7.0,47.09465099790529,16.0,32.89194863020357
24.350819689394125,53.498306621719536,9.499554384347752,0.0,4.0,9.019371194699218,28.0,25.97316906042982
18.513058414062574,58.193440256441654,8.352792295404663,0.0,4.0,21.43359484974587,45.0,27.07345397763626
36.99587492057631,34.6560496954746,8.814204813293902,0.0,4.0,59.80036871869462,27.0,25.015961349503954
22.304556985571907,90.02538303394218,28.015835807981176,0.0,5.0,86.43982006397297,10.0,38.56868928749832
27.160709123522082,58.01979424230185,6.5256091858950915,0.0,1.0,44.88104799222556,18.0,25.351677779843946
25.15201569653539,23.67844990948546,32.325261652961046,0.0,5.0,19.626815934367826,8.0,22.32003112038064
18.880836731617258,25.12244815554137,30.218160226127814,1.0,5.0,29.700967835258503,7.0,30.769668752379356
64.37958327115867,54.79814347167322,22.763140565675513,0.0,5.0,40.956415880252436,22.0,39.50236245292711
35.90703514842431,10.806702200225356,9.154658427978978,0.0,5.0,72.76159448160124,38.0,20.50688486779717
69.6027809031301,81.66588242776724,49.35061237342318,1.0,4.0,76.80380570706923,47.0,64.96614919872208
31.88912973980724,56.87462511411773,31.814191176533246,0.0,4.0,93.56223519169188,9.0,32.934106045188294
52.98671983542644,51.50130542211349,27.692149283136352,0.0,6.0,58.256829882924805,42.0,39.29254544913905
62.38372801100353,37.227714394078426,20.25324841767525,0.0,2.0,5.5565605617028195,40.0,33.44241525379278
69.19713853044989,47.687636787700946,35.58637452107808,0.0,4.0,48.19138766682711,39.0,42.4928642697559
44.830985139662616,44.85324763530472,65.36024943012409,0.0,1.0,58.98194720790502,29.0,39.386819235093135
34.257418757961716,74.82798010807933,17.350068913170862,1.0,2.0,73.59383211867933,37.0,46.06886481304331
42.17704005217237,37.402472409234875,16.657641058826332,0.0,3.0,90.57400575082389,48.0,30.275590419130264
38.64905588590013,23.350968782623713,11.870267734534464,1.0,1.0,24.907284148269675,47.0,32.72257626041017
26.852157986812614,33.87391507716057,34.08516785202565,0.0,3.0,37.25678528501524,42.0,27.69466040095867
39.802309704517704,52.60734588260841,45.6267754004007,0.0,4.0,5.0,29.0,36.857768976861664
28.600841504987635,40.277044863622905,12.9261487919376,1.0,4.0,29.766258442776902,28.0,34.747628152291256
68.42466783049132,29.19004711646317,29.05778564304341,0.0,3.0,22.432593259492503,21.0,33.92415735749918
12.612047734387987,24.28291711608823,26.53371826979678,0.0,7.0,114.7389436940446,33.0,22.849641299016458
45.16490340274268,46.99611305014328,36.19336505039749,0.0,4.0,81.19390476507661,26.0,35.87802959954221
24.887685293386987,38.25232717044301,38.730260438721345,0.0,5.0,55.91350645838489,38.0,30.259004640369263
45.12550051116012,35.21814946577112,23.065949205481264,0.0,3.0,5.0,15.0,27.629102335329062
35.01894024520325,59.7631605443723,10.38414648712683,1.0,4.0,17.99744651031955,2.0,38.360313638984366
37.24339472561722,29.407401586295006,11.283730281274934,0.0,3.0,41.68032666069134,12.0,22.186330360804106
33.68630880077306,58.32163194322688,18.01756999658614,1.0,8.0,5.0,33.0,43.70216585198388
35.45593662984059,67.0981059539985,37.751392370798406,0.0,2.0,9.413032700407985,15.0,35.65606430999265
20.226600104599314,50.242824847276154,13.507269498312905,0.0,6.0,76.47030900394465,45.0,28.492335081694563
36.70472363586853,20.50388406379823,34.64008637168139,0.0,5.0,5.0,1.0,24.060169199252968
35.47992966765833,43.976195686796004,33.826150803887046,0.0,5.0,5.0,33.0,32.12592816605766
27.973047099386505,48.88219326163872,76.29177770039196,0.0,0.0,30.411366963801783,4.0,35.29208083508887
43.0646750722811,54.886578504575276,58.3969921376197,1.0,6.0,102.45943574410059,28.0,53.33989612697698
30.67337642152463,22.56301043503085,42.718822984114496,0.0,3.0,62.98383293339812,14.0,25.62726930456281
33.68909507460973,66.05393724361257,22.747520944898042,0.0,2.0,128.79372788663147,45.0,36.36262858138795
59.70269729339229,77.26671993301728,22.910767846453865,1.0,5.0,49.01705268996553,12.0,53.27544738559928
20.053542009618173,22.53542793706495,36.825562774247594,0.0,1.0,20.129643063598632,6.0,19.367762663871215
27.571662905077797,28.52435920885889,10.935427346218013,0.0,1.0,102.55883532657388,20.0,20.052032362952957
51.63398801019273,39.00252924596949,27.659983007712807,0.0,3.0,19.46804174988761,48.0,34.10261458358132
52.831361966651095,25.95988817182033,58.7736869760259,0.0,4.0,15.082497160303788,21.0,35.57720321772123
1.8545473051242003,19.898013862592766,5.867771693374323,0.0,3.0,20.80967767189568,16.0,9.87798280668777
59.323660161224254,66.21511401486788,13.796826148171764,0.0,3.0,58.86540047046559,12.0,37.685905181184836
42.9744696316813,22.284142174528792,68.35863482958115,0.0,4.0,87.40570302532632,20.0,35.18487116587397
64.14401413778738,77.40095901314726,45.865415071613725,1.0,1.0,15.493517970536168,45.0,59.09055592291831
37.891394212548626,24.211490947116346,47.67322445857482,1.0,2.0,21.712487335434197,33.0,39.22443264566483
58.071509705806214,63.354535557868175,43.65753623084087,1.0,3.0,80.00988372129217,2.0,52.13484336829411
83.16272787829861,12.791687339702356,13.856669874976868,0.0,3.0,5.0,34.0,31.27327111282895
41.75979908105607,45.27334265070739,40.925363071882366,0.0,4.0,53.61542054301391,26.0,35.10120477600556
37.41189719288483,69.30438257688873,17.815573696673688,0.0,4.0,21.193732258787673,33.0,35.46461773125206
54.20073359333546,39.31130495200664,44.00590945251291,0.0,5.0,16.535258131427696,42.0,38.61042232360761
39.84065219836644,23.968953040275025,21.60279450653583,0.0,1.0,20.72892353625452,30.0,23.63795632088094
29.07986891252787,22.65154632879009,67.01076940610137,0.0,6.0,18.98652922724303,1.0,29.922125492518987
44.01729413301218,31.06339142480323,9.41834633798469,0.0,2.0,49.45939577243714,46.0,26.345190989409787
42.128357312881334,80.56248560157555,13.452992253473234,1.0,7.0,92.06261987068355,8.0,49.2363110972398
47.62950724839596,85.10950146765475,46.30804882282258,0.0,4.0,23.66711182460049,1.0,45.04170239943747
69.9705546164162,33.345239754837856,27.428224365896032,1.0,2.0,62.58590235375818,46.0,47.21596790365285
42.50891133395,35.45643379596828,37.83082658899487,1.0,3.0,46.07964772551572,10.0,40.22810929722013
25.656521106090747,36.046956773541716,43.594535308078896,0.0,7.0,14.052296335699557,32.0,30.76961327289509
84.3198841409968,51.79709239977871,35.85389488767704,0.0,5.0,30.977373571045597,40.0,47.695661089866014
15.1087589517547,63.06305990126688,18.23995847151228,0.0,2.0,38.467079478123665,2.0,25.039753012541166
49.70146593636653,86.88285395050536,21.390064160337367,1.0,3.0,5.0,31.0,52.687426137118784
24.661268763638088,39.55091442333644,13.5789414000344,0.0,5.0,17.643762257332405,4.0,22.05113427286783
58.57413450402058,63.125916855142364,47.24339432871814,0.0,3.0,171.90066355480795,12.0,45.22410232241129
62.90974770222898,46.79267386637936,50.74029520362022,0.0,1.0,35.49206867514973,31.0,41.25820419834519
31.044695588676547,52.819421563234236,12.038781555274394,0.0,6.0,14.239125110577863,41.0,30.218278267468488
56.59109073215235,30.94882450839786,28.74605800786252,1.0,8.0,10.069994392492235,23.0,43.97864365532327
25.507462491977655,44.96742801633982,63.90690702591463,0.0,6.0,8.227322209876208,33.0,36.481741187620315
23.122323254033308,62.14954233038934,32.84352958823387,0.0,2.0,17.974776896657232,8.0,29.907602077432283
15.258598500755093,59.90348784502954,49.00230868373092,0.0,5.0,7.516631408875779,16.0,32.71124942573435
49.66484951779777,61.41285046860683,21.223693867307663,1.0,5.0,5.083436210503546,15.0,46.0121654160974
56.08451000748763,60.613854064637266,42.54693511760446,0.0,2.0,15.842967854308739,41.0,42.42079886055439
54.753271100507305,44.70467659331774,39.53002013152756,1.0,4.0,32.68807097644931,40.0,48.76016675205163
33.2770660341509,66.2954153025943,67.33278197396123,1.0,3.0,5.540206728058435,26.0,52.21498670329415
24.536354543065052,35.446142959209425,9.75139194784062,1.0,4.0,5.0,14.0,30.325902765136743
20.343444411334584,50.737214762550146,77.64094456983672,0.0,1.0,5.0,12.0,34.91168704077185
43.81544283499329,44.83809961731399,55.194315682564856,0.0,4.0,10.889687669771686,27.0,37.75981708563947
80.08914727561844,49.9237779640993,32.74596109314262,0.0,8.0,7.380952819770085,47.0,47.35385210700761
62.01544209839444,50.78633281817563,47.51104590457827,0.0,6.0,27.121896071772085,31.0,43.91993658053986
63.93731278712315,28.93777935410029,26.74885529886966,0.0,6.0,21.29021308141757,4.0,32.442520837715804
49.334981837929035,47.167455394596246,48.881649119792904,0.0,4.0,13.744391196719265,30.0,38.755182724570744
84.95595657363909,55.8634823831335,15.169092416120344,0.0,1.0,62.75560426895057,4.0,40.10943455738709
18.73082528152496,27.30513414089424,37.44871018033557,0.0,3.0,24.60816530518915,31.0,23.575795869888275
50.04622592834163,49.19665015955428,35.54298737784032,0.0,6.0,5.0,34.0,38.03264983087538
67.47640746906991,71.11097942695939,55.70408303753999,0.0,5.0,12.272478907662649,4.0,48.98402299403793
20.48411877908328,54.99643670491806,22.75241775874366,1.0,3.0,126.85972040354973,20.0,38.71704461587253
41.20991994564902,30.600407829212763,13.278094274151158,0.0,8.0,131.9946423209929,18.0,28.486781742348228
42.980623825658995,30.691024100077367,61.026780148976535,1.0,6.0,10.287564001848947,47.0,47.90453570192565
30.147250783924274,51.067431165698174,40.97849736492182,0.0,3.0,6.405180072934947,8.0,30.868519508223606
18.495991802842692,90.76635285411946,28.77114181938577,1.0,3.0,23.959615566487887,42.0,48.55316837718151
76.93763791464124,41.11162406033985,30.575225223487706,1.0,7.0,22.986165767736043,2.0,49.89513919072659
24.917373000051228,38.8048623220947,57.03069959664736,0.0,8.0,18.47531481493429,9.0,32.648970453571565
30.32225718810469,50.12716372173038,23.442835266895976,0.0,2.0,26.377957113057903,16.0,27.622969594646886
32.718405653105066,44.364623494383046,32.731078108225795,0.0,3.0,9.247699205907711,22.0,29.398269429145042
36.76216246219651,41.98265168681136,28.63167466570141,0.0,6.0,5.0,12.0,29.692538470392247
44.65484477879057,34.25082663463236,35.73757885062176,1.0,2.0,29.57653320264107,5.0,38.83049148805568
58.91233384118896,42.972021505222095,38.71914067140879,0.0,5.0,94.39781890615292,39.0,40.641948740049635
60.05485901185538,77.42581920950772,68.9048751993045,0.0,2.0,5.187321587744188,15.0,50.55080840727225
73.8827032573854,52.69549457404232,49.39952949654212,0.0,5.0,42.705322321643706,45.0,48.624407180978324
46.48378193601199,20.419592239484615,19.517002774218472,1.0,0.0,20.16243654947024,8.0,31.618509750176035
74.58627139553707,57.92534221739684,17.22506270895422,0.0,2.0,12.183740905500024,24.0,39.83452246617899
35.924464698181815,86.25354941099445,14.013250411083265,1.0,3.0,67.13230827145192,19.0,47.60460387518729
45.75121304374235,74.14626961294152,46.09106953965169,0.0,1.0,21.339860188405687,37.0,43.15068900178247
40.22379346724723,45.28989727452526,36.30473790852214,0.0,2.0,30.639615034910825,18.0,31.696270774372792
59.358126864789305,22.764597795490303,25.37885310795753,0.0,3.0,20.48518842696357,21.0,29.284214801492826
31.159259591897616,70.83939714637843,55.27603658767178,0.0,3.0,5.0,39.0,41.48487150210337
68.50975707607535,65.65640449461569,55.7043358111001,1.0,3.0,31.627151450186208,14.0,57.95510864476242
39.70898797988704,7.505380860098574,4.37600067994617,1.0,2.0,18.995579768379407,15.0,25.299388288946375
46.03106848499285,64.90084698731002,16.12233649283424,0.0,5.0,5.0,3.0,33.95411283330923
29.74218033476326,29.448552418319718,36.01701101345647,0.0,0.0,31.705607697878158,45.0,26.25837511412809
40.02219609096944,26.34674341961809,27.47906361070135,0.0,4.0,5.0,11.0,25.218047599787152
36.30471051249134,41.40107465615961,21.351091273721313,0.0,5.0,8.184790565018771,3.0,26.74428786261397
47.753330497140325,53.14940248547448,30.405813929569707,0.0,3.0,53.16503918953312,30.0,36.25748665860018
77.57168051861497,33.83618608353176,48.79775427091393,0.0,6.0,5.0,6.0,41.39151750471947
78.61524361802928,74.47813515603626,54.886695292953036,1.0,3.0,36.413546933358646,6.0,61.93330050304073
65.0840292221216,58.32983242636997,26.008058068702727,1.0,6.0,104.64609074449449,31.0,53.51274781110869
12.696933766533924,30.81039292481021,41.77237565323608,0.0,4.0,6.571855773825622,22.0,23.303123162531126
46.417646312993824,69.26043940464348,29.691549944555273,1.0,7.0,18.891599336411133,21.0,50.64343034103629
22.062279008705342,60.77034715473661,19.15726168386863,0.0,2.0,29.989324711965043,38.0,29.252771406358992
45.16292534729441,44.605714471018565,37.31829483604953,0.0,2.0,20.95076750011647,38.0,34.47436453512334
29.207406450474092,43.956611385021404,12.315873397690721,0.0,3.0,33.900245103319854,6.0,23.39658306006514
45.547832340336484,69.94360781382046,44.814542137361435,1.0,3.0,18.11873903478217,29.0,52.1423349572347
77.06356161717277,38.61657995268815,53.40781537442798,1.0,5.0,5.626621980235756,46.0,56.191624419034596
52.788154325263534,81.34114146912087,17.84905351595805,1.0,2.0,5.0,11.0,49.16546798512104
32.843861627294665,41.437410131215636,36.25017681474769,1.0,3.0,47.75086446787527,48.0,42.18436713406312
34.07729587201895,47.5465025067903,45.5531840653772,0.0,2.0,9.541976154011326,22.0,32.56925802624194
64.23019775236386,50.861155636194,52.92094618049554,0.0,2.0,65.80927213275376,39.0,44.72664260402931
53.13773355900045,39.91316368059903,49.609885015280156,0.0,1.0,47.55748223782286,6.0,34.9789543620944
66.94690085176052,30.610501779275662,62.003447472047,1.0,3.0,5.0,30.0,50.970040152168444
51.52063358065867,16.214065867557952,25.734682561205908,1.0,6.0,7.863050815997975,43.0,38.989753520684644
44.059941906680336,60.88210207917315,28.69704862174997,0.0,4.0,12.085528463790578,25.0,36.38495584290068
57.0000285396983,65.27853362652112,11.21825284669878,1.0,7.0,31.59067206295398,36.0,50.05207519723521
78.62160033250117,80.13501556878384,20.955779246124383,0.0,3.0,58.093738375421346,1.0,46.49314297188621
42.74944180122608,75.86058248506278,52.96056314886446,0.0,9.0,5.0,22.0,46.957952034678435
31.892814757896154,31.602171269991747,25.88959683002533,0.0,4.0,10.05062837935236,9.0,24.095809260380015
31.665458137677284,41.28132606891396,55.12801038891264,1.0,5.0,16.517939367515954,45.0,45.94325182597726
52.441081953114875,45.38361247224819,47.443349379393936,0.0,5.0,7.090227348068893,8.0,37.39162045312199
35.74648756964392,43.361587786339676,84.97461247375485,1.0,3.0,27.583501355382683,34.0,51.64661068876633
39.22863565339893,58.0650987534299,21.733117411922475,0.0,7.0,22.753235429376975,16.0,34.100775517628406
65.44772653267626,72.36297937114666,47.269977579843356,0.0,3.0,13.31827864176098,19.0,47.303097783525914
26.929269723820415,30.274535857671413,45.198505796670894,0.0,3.0,25.4626562461858,8.0,26.014721721312775
41.50165177608759,12.740291004209478,32.30479694116911,1.0,5.0,15.392283104335855,12.0,33.934388279644125
65.14407388861578,71.08078061930667,21.34541274845351,0.0,2.0,14.712834094173138,43.0,43.210701522178084
48.691827252628315,63.390690239300895,32.11148643743796,1.0,9.0,10.794806902266723,41.0,52.83231023757282
45.54361626857589,30.589996255010398,12.1158435176965,0.0,5.0,27.211844593034186,31.0,27.141961347924422
55.334382313457475,36.63549197098382,41.23868257810337,0.0,9.0,20.551809258777713,42.0,39.86903403487143
44.117455964843394,16.04658580057549,31.49306639125443,1.0,3.0,7.649601812103273,33.0,35.812017348599255
36.935386524896465,64.31956260565286,37.469846206280735,0.0,7.0,5.0,19.0,38.20437319056015
12.63944059160757,53.95714678679144,28.574952604565624,1.0,5.0,5.7264586778448034,27.0,37.372427371025054
56.09051027496109,70.85000259059122,25.54941422305922,0.0,5.0,5.0,24.0,41.591677727666585
17.818164089629455,73.68185973388944,27.059807906850835,0.0,8.0,19.7724740763518,28.0,35.20332712247152
55.71231668932458,47.325286011353924,12.228199275890447,1.0,6.0,8.925603058003789,4.0,41.88118351260911
12.271042016303529,25.589158743713764,47.00846119873254,1.0,4.0,19.09293889428382,12.0,32.3055627853927
29.11569311761391,20.969396337745902,28.669754041869517,0.0,5.0,13.987988664308432,23.0,23.062364324176126
49.78908784704434,27.322718375984618,46.90918899464757,0.0,3.0,27.02778561620868,20.0,32.358900591212766
39.24857248392309,37.69843623463382,23.40410619146632,0.0,11.0,45.04052088352852,40.0,33.83822175206895
35.07209893102699,42.8169635059668,35.67667209396527,0.0,7.0,22.84127955344147,28.0,33.03972716756323
79.98394920499715,36.476029287700186,16.733239117853433,0.0,3.0,5.0,48.0,38.14164244674502
60.171172915505814,72.49574727085303,70.21198892447114,0.0,3.0,5.0,1.0,48.972461164817275
13.54105112156782,58.198252415636254,61.37764019600821,1.0,4.0,8.393728164058937,41.0,45.89465357412761
68.08822932864534,78.46002495184868,41.28687207458325,1.0,6.0,19.366505814473125,11.0,59.320968744738394
51.60135070357935,49.66672580939322,58.40099612322054,0.0,2.0,5.0,44.0,41.810551686220585
31.842133935556166,53.433889799610725,43.18686814485226,1.0,7.0,13.898531260079274,31.0,46.49542272959011
55.755741958869656,80.39887008958027,24.679828274865237,0.0,4.0,76.32082463773482,41.0,45.745751861289286
39.84541424334726,79.79985948360145,26.187456077703658,0.0,5.0,5.0,38.0,41.06214298061124
59.70829754492964,13.510764283457513,30.228222361730644,1.0,3.0,103.82729352654914,9.0,38.36164662586771
24.18936705304393,30.498375517851002,17.90215776950939,1.0,4.0,67.99163009396625,6.0,30.973566611462406
30.708224434390868,14.118139082673617,20.612865212027813,0.0,3.0,62.38713265768673,6.0,18.427358044194673
21.533614984934893,54.49050171432114,51.611668656558095,1.0,2.0,69.74074068407045,3.0,41.76088142373743
30.145444127287508,68.16642188765306,21.854775799071472,0.0,6.0,5.0,32.0,34.8955883302161
30.155917700241304,41.04588845110471,16.862041179527537,1.0,2.0,5.736293598894742,35.0,35.247973804657654
48.90557359094178,67.99006841429528,27.439634506666977,0.0,5.0,5.050518083975953,16.0,38.79264569198627
26.980712298510173,41.890895902544294,72.91182625094062,1.0,2.0,5.0,2.0,43.113600633785076
40.62496927926098,30.829567169418727,22.83076770169711,0.0,6.0,13.897355427506422,36.0,28.85214533934945
61.41471001262385,46.287562711534356,62.49053364237219,0.0,6.0,62.06317034737964,41.0,47.03335230173873
52.464471910997275,24.4837323030006,5.191949561469862,0.0,3.0,10.160559225937092,7.0,22.62134324674177
37.656960097171186,74.68712584135172,8.338064931821037,0.0,2.0,9.800251019371554,35.0,33.893771820638214
6.948249925851603,60.32680972091649,68.47605482735337,1.0,5.0,39.43339682882385,30.0,46.311576893090546
41.95095338427714,14.281831663780958,49.9029851922242,1.0,6.0,5.0,45.0,41.06879330045937
36.381597588606056,42.7446633638336,75.38854549492467,1.0,6.0,15.635364024691242,46.0,52.142773494823246
22.247021894619483,28.096783589841507,57.99290379671659,0.0,2.0,12.255682236984152,29.0,27.863956379583644
44.22448144957056,41.4472108539472,40.21858372106094,1.0,7.0,65.77500040210249,41.0,47.66403982652526
61.173713581666334,56.07709428148886,22.260640274435406,0.0,2.0,25.290251798719734,1.0,35.3194740494554
26.774973271169383,45.08592969148631,69.21625454659302,0.0,2.0,36.39289546178809,44.0,37.124096310704466
55.153121785620584,95.17432409490955,41.29658854938212,1.0,3.0,5.0,1.0,57.6045125133423
37.304036492579726,45.759787987743756,24.316104133419678,0.0,4.0,92.537368152469,41.0,32.65977483720431
45.50075679623406,63.747315928665834,19.793763968293764,1.0,5.0,13.624628762649944,7.0,44.738765035086125
60.44060610288913,45.824599215340974,10.47267594244123,1.0,6.0,42.94614728920342,3.0,42.797974874673024
5.493757666120025,50.5143136022439,54.6760613319194,0.0,0.0,108.2486996634248,36.0,29.66920927808966
60.574805230195885,41.075221363757194,10.672485454123274,0.0,1.0,24.870869006441286,39.0,31.728270976749318
80.93699440614084,67.99998252345412,71.18450138087607,0.0,3.0,24.791634429469365,31.0,56.0511439927788
73.99610303614769,54.68991333978581,51.16765426905322,1.0,4.0,5.0,25.0,56.70170161446069
21.821704895021675,69.79880916796085,57.78075875241861,0.0,8.0,17.316185450113938,47.0,42.92167256676451
47.13443840907791,27.521886209198737,40.93778879969406,0.0,8.0,66.97913001328364,24.0,34.189971661387176
86.60955205201684,36.57729226825096,7.608685013292879,0.0,2.0,5.080211822892096,1.0,33.5497314718918
38.583749402311526,60.78939593850007,35.98469528254344,0.0,2.0,87.32524690038883,38.0,37.670762675451144
64.8070709303536,72.15679654332878,19.876857834836805,1.0,6.0,38.51898376487691,31.0,54.61597550895933
46.06784744639187,42.770339265691824,36.83421737837484,0.0,5.0,19.123420201000403,37.0,35.6323648769119
39.83019655121752,78.45616841857132,3.118359133945934,1.0,5.0,27.676478275906756,11.0,44.22142005498424
68.8806975497471,28.478360757798733,9.676957062260076,0.0,2.0,5.708617062090447,3.0,27.683160528998588
63.76457247272261,49.10383897688333,7.810088921842091,0.0,7.0,8.583400216056472,12.0,34.64978838356014
22.82103444447185,72.54282400006764,50.9372318885979,0.0,1.0,11.810557745569445,20.0,36.41737991278356
69.15426347283604,78.56372804198169,42.33338840164685,1.0,4.0,17.005898984321224,30.0,60.301603276116275
4.007650537581818,51.50502566104864,69.27845377259847,0.0,2.0,86.49424259968804,10.0,31.017767685772313
36.3007354941065,17.81540712762807,35.0357675396204,0.0,7.0,16.03644681503584,39.0,27.77610564573163
41.7283969077168,42.360774415497346,28.777030143253203,0.0,9.0,25.96969728495638,15.0,33.24321401601348
37.07322867104716,38.24694569586683,20.326742003199417,0.0,2.0,6.186893925207798,21.0,25.811048961838374
42.11612673408979,52.42485210942611,27.061653478491966,0.0,3.0,46.60966344374661,18.0,32.893330021677315
29.281614256648968,52.74331917362428,17.627423356735683,1.0,5.0,28.756666721970532,32.0,39.825158029800306
39.56386841191079,42.0012467364842,8.435459774577707,0.0,4.0,20.287863935664248,19.0,26.119643231651583
60.26175052933071,65.27501190399958,46.400302113782644,0.0,1.0,102.93457254474721,30.0,45.344537525138385
49.06092159152934,66.00806963345835,25.657090911636192,1.0,1.0,77.46232380326529,33.0,48.421396502759734
76.86424611968611,61.97279809863902,63.85832394349167,0.0,2.0,37.708064072376054,22.0,50.984254868437645
44.70398778670684,56.72648648380648,40.3553774660118,0.0,2.0,89.20255016818119,45.0,39.67260153018826
40.078016906832644,45.728630013408875,13.838157313059183,0.0,5.0,29.116771348686687,29.0,29.76849486758454
85.56201672664082,43.931084727367136,44.051293983341225,0.0,6.0,61.393516295071905,24.0,47.365830420891385
62.539575812387994,42.38696541801327,56.256614996004764,0.0,2.0,18.435136456114115,4.0,39.1779204900991
53.124472796688714,50.10387697192865,65.59493862854887,0.0,3.0,5.0,12.0,41.60607516786411
14.891470150015953,40.95537939274627,34.94656211089469,0.0,6.0,179.93753892326336,36.0,30.030025430641707
72.10976132436645,64.96276984864213,47.37063761591676,0.0,1.0,6.337805342642206,4.0,44.71033186858444
58.679832448478706,57.08147316472317,28.319100748288506,0.0,2.0,10.139412070062175,5.0,36.2497104794125
27.324481037582338,41.87601112854921,15.928794978809949,1.0,6.0,6.231915897459713,19.0,35.368926024987566
49.546035051126914,28.914426705266877,47.9976293879799,1.0,5.0,14.409633186940582,41.0,45.52852878101881
24.226803282641065,21.8814355248169,32.499846129851534,1.0,5.0,11.951692425128467,39.0,34.13492267330352
67.88217983669634,41.44301768827312,67.88617621291654,0.0,1.0,32.16675549364044,31.0,44.539869378390584
67.79303241361478,41.83901952517075,71.94691840870175,0.0,4.0,197.527141878113,7.0,47.674497603153206
67.39517504894464,75.1178682982348,5.488145826215594,1.0,0.0,5.0,12.0,47.80589000203798
34.453190657596146,34.540701122539325,39.46553230142494,0.0,1.0,52.747656416348505,10.0,27.3522085746471
62.223746787160664,37.392478970436116,17.26199052279383,0.0,4.0,5.0,29.0,32.98645454395796
17.275066728409826,16.796265962993186,17.269799798110434,0.0,4.0,5.0,21.0,15.935126465806173
41.9302819757185,57.50180405879968,19.106485198381016,0.0,1.0,35.61970173101552,13.0,30.865900442668664
37.182608964681904,36.58486423969504,13.835427296573414,1.0,5.0,72.31186883076283,23.0,36.94927699503445
32.86475593314378,57.35828016337271,20.785683289320318,1.0,3.0,6.788147801981116,6.0,38.92150604682489
24.045389000024038,49.32405678075692,22.505380609933862,1.0,1.0,14.62872482452218,31.0,36.19416383104103
44.582673212183536,62.858445160163754,75.55884957635331,1.0,3.0,6.468872644290024,9.0,54.42555147066613
25.391933188771944,70.38306715868251,63.07363501143186,0.0,2.0,82.94561803765826,24.0,40.95227364441919
34.688886168556735,39.347514930823266,47.59913981967551,1.0,7.0,11.03216134333093,16.0,43.27210948694007
54.905183861570436,57.13837520955117,34.72259499612547,0.0,5.0,20.589449517491182,11.0,38.86817329261868
41.50052745094355,44.178967355169334,23.68523240716403,1.0,1.0,78.7966873464053,36.0,40.951000513836846
37.15834087461303,77.42534915335335,62.62938186578116,0.0,6.0,28.171644134836566,1.0,44.905878519638556
27.434747611881388,16.48433845633071,36.25327284888712,1.0,7.0,94.52881861704162,21.0,35.22622051803645
51.212447410791704,44.26400225980793,33.09938711522331,1.0,3.0,91.34284143501226,44.0,47.217141970321435
53.140697691052175,65.046336500742,39.48085969013123,0.0,6.0,21.67043882353854,36.0,43.98965750715141
30.809171743054677,54.1906424242151,58.297416157226515,0.0,4.0,30.56163624869567,37.0,38.615089619908545
36.5413985930332,40.73563248012845,31.392523528064263,0.0,3.0,9.162054829496833,6.0,27.844355351175217
44.52350449237786,39.89666948817769,11.262932076621134,0.0,3.0,163.10843522308556,14.0,28.734031540699153
23.811790896722123,55.18066343941819,3.9368479703875634,0.0,4.0,11.415908844376904,29.0,25.268137719622622
67.93165430728338,35.342210017268336,13.91174285575188,1.0,4.0,53.524576637645254,1.0,41.6738745451573
47.19712411173742,32.84775183905773,37.98293225825773,0.0,6.0,13.138158306340584,8.0,31.684682638918453
24.40150502658086,54.90079034125077,18.514769687946984,0.0,4.0,13.14188769327582,47.0,29.788797982639718
27.36184925476945,70.2919959802952,42.66107532517278,1.0,4.0,5.0,44.0,48.82567637380072
5.714382981189475,43.80196426466336,49.01889703621025,0.0,6.0,28.72603252599092,19.0,27.42581607245444
25.776241611425082,67.46539613829277,39.88327665114365,0.0,6.0,9.828541998882555,23.0,36.56098810630698
14.504830921162556,43.16734270233552,12.517206721778704,1.0,6.0,5.622126657878081,39.0,33.46143877675631
30.262597069211512,68.50344998080664,17.04341383021248,1.0,4.0,8.996579865101822,41.0,43.794139806388664
31.134517802276324,25.650259838112298,68.32789066991167,0.0,7.0,10.119923745838797,11.0,32.673691324012914
15.536170882251248,64.05865005554047,65.94661741319072,0.0,4.0,24.547166865187457,27.0,37.86411672026241
37.36198580156203,45.26556850421001,67.21048516061454,0.0,3.0,17.06722538713412,40.0,39.3053945480934
70.81694175729119,40.79209287948971,51.83009738076774,0.0,3.0,5.0,36.0,42.94827813534877
79.6915287622668,25.505016449777223,64.32240214015516,0.0,5.0,26.877631540269007,42.0,45.760325502353005
13.92741734760919,34.21966205068085,10.417137670863779,1.0,4.0,54.24924565248405,20.0,28.788185314185014
48.957780910426465,36.13641361633469,18.628406991262576,1.0,3.0,29.885383710360845,42.0,40.577396169308585
49.92299578439737,53.25878569984991,42.23043616506617,0.0,3.0,128.4729807784451,8.0,38.56376696319684
54.21073140418729,51.85570615846958,14.074490515294197,0.0,1.0,5.0,46.0,33.778174160389725
33.72134040554931,70.9183724932073,31.403768038427565,0.0,5.0,60.242730758901395,36.0,39.07123219118375
53.20763812188902,51.537591460164535,19.427675869389795,0.0,1.0,24.660924033210176,26.0,33.16641735392271
56.71691251162644,63.759592900986505,62.464446667668184,0.0,2.0,25.805429860506575,35.0,47.00823589778831
75.6735504271416,34.48064989146306,30.350183201204544,1.0,8.0,25.623352818229343,3.0,48.53522703165041
47.160796818095925,96.82060630693435,20.707309152485077,0.0,5.0,13.773026306799048,4.0,43.35718103266337
13.450063688833099,32.115054603405945,67.42951303607735,0.0,5.0,13.733424850216485,44.0,31.430250311212035
36.70804844531903,72.93361188753808,16.457652161454178,0.0,3.0,34.97374628156183,29.0,35.278192122676764
46.24018620660211,67.83920385434605,32.808893408085424,0.0,1.0,5.0,28.0,38.02829286352079
33.00187498623603,67.1643451904397,54.70647169885121,0.0,2.0,31.102457011295634,19.0,39.13048869611991
55.26685636439975,26.230706719814943,13.302580593585898,0.0,6.0,45.132394661118155,43.0,30.540358537682074
21.58229739914002,35.6081149090267,28.897532022616783,0.0,4.0,15.41971718574413,28.0,24.79049162320361
78.06035737497432,80.58936604540727,11.821143220618824,0.0,2.0,8.57774919072969,18.0,44.7305701529375
36.6736496650016,50.510884279272794,41.176064185395724,1.0,3.0,8.400657347028227,14.0,42.93242350736686
20.914472359284826,48.90494762654533,52.631498113012285,0.0,6.0,5.0,43.0,34.84448795239333
25.138947756814556,69.99787661785375,23.484477519526333,0.0,3.0,5.0,14.0,31.327768264239012
68.89735878543777,15.698138542509913,30.745193644168662,0.0,4.0,6.382144963289018,29.0,31.95002738023328
25.64926059946283,56.632157102819214,51.072360440762964,0.0,4.0,5.0,3.0,33.248159847056435
48.895443468085254,68.47362533688327,20.924472631525546,0.0,7.0,10.83484571773313,34.0,40.26718592569764
72.5405286447901,42.99488956192938,16.4564924006201,0.0,3.0,12.805187179516595,9.0,34.73003602667615
24.155682256296863,34.919945049709135,39.18827680750914,0.0,5.0,187.0251941339945,40.0,31.59896529414724
67.80376217336178,41.31325382273809,34.38004593263815,1.0,5.0,167.6508212266806,5.0,49.921009658512816
57.8278353736322,43.1157555675759,22.239563318315515,0.0,4.0,7.247948870741991,29.0,34.349777580897
14.327952344192754,61.43658441417524,49.71284305143535,1.0,4.0,8.384876255773998,41.0,44.56786081997145
54.82102544194789,61.404856920923244,35.128432281775034,1.0,2.0,23.69813384631817,5.0,47.94466052194721
64.9966650512055,7.825445585237315,42.96150621728933,0.0,3.0,5.6381414477752365,45.0,32.23803916573297
12.402247367389316,42.30134596350248,49.03236951086701,0.0,2.0,24.544058257093187,43.0,28.52507716700984
39.34253728185426,30.37483672443411,25.55934408044714,0.0,5.0,17.843314372209495,43.0,29.076705347616873
42.256647770303175,59.67759066579964,32.810896070996705,0.0,3.0,13.73694224654573,44.0,37.53219656583644
32.72074199962592,39.84071776528727,31.60890331867877,0.0,0.0,60.52820750463911,13.0,26.513930258371612
33.719397773146675,52.54426877438506,24.538919849499642,0.0,7.0,61.63308685434527,26.0,33.35982999645238
20.796116407896534,40.13248489054949,26.947571427624652,1.0,2.0,154.47878977404048,9.0,34.90999191318775
47.90797032120931,66.9640826570537,50.82802034149017,0.0,5.0,8.834991829352083,4.0,42.024977182133426
3.8548757133207587,40.497360156570785,31.60764184244939,0.0,3.0,76.7107997326272,39.0,23.486960131684803
42.204768088891576,48.01370845552273,17.24008688768848,0.0,4.0,27.014993527902945,31.0,31.151543076754386
37.83285311673692,73.26541200377903,10.14132922601919,0.0,2.0,31.330742040822308,5.0,31.787457331319313
37.24957160326866,60.76874012171404,12.218917938247984,1.0,7.0,79.31657056149456,7.0,42.534093314545856
54.13625307603917,38.16757765446405,10.967990114533686,0.0,3.0,100.0386674667301,28.0,30.80350771833356
40.692102821619685,54.35680400510441,65.31218417240532,0.0,4.0,45.41573256307702,40.0,43.01798192883799
45.595226307657335,45.89209190896405,44.749875697518576,1.0,3.0,14.961417710453468,14.0,44.82785404369298
36.65048242193349,59.650254893341305,30.883891949082294,1.0,5.0,23.544281754797264,24.0,45.29533789337857
30.81761724697905,93.01559777621401,64.05727164688035,1.0,1.0,33.41281513906877,42.0,58.33769646073277
39.40987649291935,31.87712800984514,41.71398568873986,1.0,5.0,61.73961149274195,38.0,42.985715380656295
66.00082381750875,24.752265439543862,9.87825645931818,0.0,2.0,37.54770758746159,5.0,26.748020260859505
50.67352637526184,38.38268199982578,12.566690210590103,0.0,4.0,15.919240288822893,47.0,31.08209798051109
6.178423790881776,39.154833242376974,26.883483003823265,0.0,1.0,18.937780480870764,48.0,21.546348680106608
50.838320688443076,42.143930612889626,24.628196822775106,0.0,3.0,5.0,34.0,32.68453552322153
55.663443404757686,74.31073194686721,35.417115436243265,0.0,5.0,90.31934253096229,28.0,46.022076405650274
13.737531316226336,63.036665632143816,49.2043927075765,1.0,4.0,5.0,47.0,45.16442777860783
56.54632142073549,15.992300902803397,23.806309906061195,0.0,1.0,30.35675290193323,8.0,24.581625608527897
42.50634848923126,36.186913242152606,80.63976801618335,1.0,6.0,71.85531601054416,21.0,51.900954092251354
78.67097819178129,10.244139909391256,41.44657301777677,0.0,4.0,19.117703458210755,24.0,34.957310717513195
25.611188662544432,77.67893415963604,41.295173643702306,1.0,3.0,56.352294141929676,24.0,48.58320214055646
48.35167935280105,27.94578448777893,30.350279957086574,0.0,4.0,57.00459416897682,13.0,29.273162124932604
32.29336303515766,54.59479978249592,52.381103282136976,1.0,7.0,5.0,15.0,47.26159469417412
68.95073335364056,79.07357802226052,33.291362684126106,0.0,4.0,18.59454773668081,46.0,49.92852981125405
37.69840463325536,33.870186746238126,19.118396718623895,0.0,5.0,41.10737703358983,25.0,27.12354522113559
72.34551329166192,42.26670770711611,35.79144158298756,0.0,4.0,19.207762168121178,45.0,42.00200109431529
17.65013944076928,33.5636290373363,40.76250250130343,1.0,3.0,27.573892710730085,28.0,35.3304582364921
44.097653145796535,75.80554264837487,24.440411588247503,0.0,5.0,31.58857099067709,39.0,41.28596506870985
49.192879718960306,22.560594500845095,19.91870286592161,0.0,2.0,5.738820570082664,8.0,23.74726359059033
55.77301682041964,74.19581701818021,30.280645680965012,0.0,4.0,18.584872924165182,31.0,43.56236222929627
69.24776042090045,44.63481542112409,34.70951034349917,0.0,2.0,5.0,7.0,37.142546029205974
46.74009966816592,52.38432912952642,40.90646669053658,1.0,6.0,5.672769343612816,47.0,50.169831513694874
15.290958338981048,86.6481294251755,47.61134160505615,1.0,3.0,25.12862206304317,39.0,50.25909821505906
29.01330324633099,53.7105570000483,34.625278990174586,1.0,2.0,29.83205990852781,17.0,40.566667151499516
19.973665221057583,36.26379320641547,24.759352669317558,0.0,2.0,5.533451127988092,35.0,23.08310369211292
77.97210826781696,54.32209638820537,39.822763939762986,0.0,8.0,49.315976563569926,22.0,47.9271595769753
45.84786248636735,35.23883730915701,22.26510928002235,1.0,3.0,16.337629733098634,7.0,37.169432213948475
34.42610226983516,44.46318486946774,12.75517159478763,1.0,4.0,88.6860077273929,10.0,36.65899889408821
48.538086635978246,70.37117124317844,21.870436499798647,1.0,3.0,17.166521489693533,28.0,48.30939944691734
52.399040939866616,62.39718020195437,27.71015824485116,1.0,5.0,5.68038007436082,39.0,50.24863968228191
45.77265982039161,60.103109840726695,33.47903496933007,0.0,2.0,49.65434210479613,43.0,38.60921888282233
52.24101519450076,25.265062086333305,26.32655369387505,0.0,1.0,29.360404042286472,29.0,28.061596523660114
59.80785976999253,78.74579200202646,37.041403890596094,1.0,5.0,17.110862110353995,35.0,57.903800848222964
24.09688692144415,50.152662750234455,32.178661976345616,1.0,10.0,15.399651353812951,22.0,42.41118090151646
44.62301406003162,59.66893321778735,26.71234767339019,1.0,4.0,5.719840480768102,9.0,44.3903071351584
48.78370712786114,32.937004470400545,10.66898911421338,0.0,4.0,14.587329095372235,36.0,27.930706321267387
61.57262460055595,82.22457482517805,7.673788207901901,0.0,8.0,5.0,8.0,42.497390831347204
61.24974267757194,52.16419419156486,12.10497299730968,0.0,6.0,24.42869044629514,30.0,36.86533786388686
30.339227979299892,67.48885405718492,23.279241339229255,0.0,1.0,79.46217170149954,30.0,33.41759685752439
20.04927118267026,48.82189378370255,17.01524939303275,0.0,3.0,55.52260851332609,31.0,25.692536189746306
40.35943553494133,23.911985288817174,28.851672054839874,1.0,2.0,5.0,22.0,34.8181896169076
51.1533305487888,58.48577542443047,13.728001946028007,0.0,4.0,74.57876292638555,44.0,37.14863708933259
67.38960828624721,26.65435457131374,23.609545886562294,0.0,1.0,21.072552242602306,31.0,31.686727394251
23.323539109696227,56.304202121152436,10.257191670318402,0.0,1.0,7.413777419286802,40.0,25.943660747151107
13.666817543413112,66.09385031603713,14.73365085265613,1.0,0.0,48.859615830519715,47.0,37.58531765534877
24.878912977200017,22.398136915426427,41.80142594782312,0.0,5.0,13.6464035351403,28.0,25.397890119283478
13.45603819640306,34.921894267462406,45.93602199092861,1.0,3.0,10.224075889558852,46.0,36.878606061718365
50.47615410758721,80.90462920135644,17.728030588967737,0.0,2.0,6.157345321157377,5.0,37.97265280350131
47.79713983471019,44.595532845085486,21.040875739328424,0.0,3.0,23.3359938592747,17.0,30.69638588622967
55.73755332271128,71.27866598987383,28.289544463901954,1.0,2.0,5.0,11.0,49.47529705426
25.11211079528267,68.52209087033238,61.52433588786788,0.0,4.0,53.899058086954746,22.0,40.542469190035284
59.17377185955838,81.86811459833841,29.01900051084342,0.0,5.0,22.26531542477453,47.0,48.00385009677261
26.85184458137137,54.54209907938851,15.225934654027126,0.0,3.0,20.732412136521486,25.0,27.40872477351307
50.26621680485716,60.26541908052563,55.22217095619647,1.0,3.0,5.0,13.0,51.44067649591833
80.58054637695167,32.7304042510046,9.795021357958698,0.0,2.0,59.60502979376564,36.0,35.30708907194773
24.942019861217723,71.99586522477777,28.022071163583888,0.0,1.0,23.762303055950273,45.0,34.502415686444195
28.75702264896501,66.33336171439225,59.7531756129701,1.0,4.0,20.287055442233836,45.0,51.93115743384241
28.097192702459182,48.36592371828875,12.78523339283166,0.0,4.0,50.15161983355471,11.0,25.52525170109019
31.370730282385207,73.18012911528541,28.671551262178586,0.0,2.0,5.0,5.0,33.43535843518671
27.907572437120475,70.93755768124782,27.674674140079027,0.0,3.0,15.98730614301261,14.0,33.26868092256275
33.65067166398847,51.782311843897055,76.10012216434617,0.0,2.0,30.00880966721364,22.0,39.958411264516045
37.62148847029495,56.51378020091536,44.02154517806237,0.0,5.0,21.603969535402914,3.0,35.60045638264816
52.98121234820547,43.56075320723674,50.93896105700485,1.0,3.0,7.01580547062648,35.0,48.95220315445821
62.03001159022128,53.68065551669443,38.95587401169019,1.0,7.0,12.447467103326364,32.0,53.31800105272019
53.37281009109225,21.93473263575341,47.19351910292946,0.0,6.0,12.493652357060661,38.0,34.83215460667694
42.77982324236262,47.704494130147275,27.290965076497077,1.0,2.0,168.86347543743605,40.0,45.181087965425874
14.304418506601294,13.420906740964798,38.58314729903938,0.0,3.0,13.818618519383646,24.0,18.469058668009538
77.96057707755665,23.16719704696278,11.700288709826495,0.0,6.0,8.037477001457766,28.0,33.28393423845181
44.84444303593728,84.51042838039895,6.172034819306725,1.0,7.0,60.53451818024379,21.0,50.02501044216264
42.46012804769674,39.594008968426756,79.50042000298866,0.0,3.0,19.13620178288534,33.0,41.06979748315477
65.6869474456624,59.66102008201298,68.19145064799231,0.0,4.0,20.535965134179907,28.0,49.770524120330855
36.724450521972436,49.11734045434433,57.72430554247406,0.0,5.0,27.861469677375922,39.0,39.36775903407868
43.37465324770778,65.78595525317952,40.75961546008251,0.0,5.0,31.69499840795535,36.0,41.615861858432275
55.89133188260501,61.79933931254631,78.33075470106775,0.0,4.0,31.25339564358479,10.0,48.555539735965404
14.502077304448434,73.75830707840856,31.955235725239394,1.0,3.0,5.0,37.0,43.21947657409547
19.977917924110557,19.458092674830787,71.47334050275049,1.0,7.0,59.79358314783091,40.0,42.1770347473174
60.239189401990835,40.24313513316516,51.0220627266368,0.0,7.0,7.585556468985783,25.0,41.2630292492868
20.133608015904326,69.46260021481869,50.98221241665284,0.0,5.0,12.102808669540465,45.0,39.205806146390636
41.74873866686958,27.484327105264484,36.07739250323034,0.0,4.0,6.666453154364202,17.0,28.18040819414941
28.46115053643417,50.04477917127912,54.92887308609531,0.0,3.0,50.99660586473149,4.0,33.36153607131642
34.68583558351281,31.739760479457992,12.59547961708651,0.0,4.0,30.66868781813253,10.0,22.582860610916793
43.358394543014185,64.1058064628574,53.32935058583609,0.0,0.0,49.26973052233581,25.0,40.40356939032582
71.9820525399708,35.743730397261174,51.62086025180634,0.0,2.0,37.085275538615846,32.0,41.58231552662045
16.050948901062604,2.711778872145884,64.7453021508002,0.0,5.0,5.0,8.0,21.053075706795497
29.738526055024977,68.842654003641,51.60781035581221,1.0,0.0,12.558692278463749,42.0,48.667796162284354
49.838519559678005,80.7787138476299,39.20359459671324,0.0,5.0,24.77244345447634,45.0,47.30805303310791
49.54817246608086,32.6384759049155,48.27532552505278,1.0,6.0,12.731752077773615,12.0,44.60543523100402
20.024677281245378,64.44993119116185,32.45978184078156,1.0,5.0,8.131037761124448,21.0,42.15737175710277
49.38802146149459,14.747129888239618,23.425087211475446,1.0,4.0,71.35714186118815,45.0,37.74385288284098
43.42788668443502,33.9421100414306,31.08937023107623,1.0,5.0,48.211384480960795,27.0,41.248422046043686
35.015185155602566,48.26969426845641,18.272046334573023,0.0,2.0,14.82096245382461,30.0,28.27943118885721
51.55255423256635,36.602413879001084,36.44114881333338,0.0,6.0,50.6877830603639,10.0,34.171309652857694
37.81576891494544,59.0179016759316,47.891425959940236,0.0,5.0,34.56676720754161,21.0,38.756437781694636
65.96318552449469,31.9699008498562,10.555622405707508,1.0,2.0,5.0,1.0,37.82439607472923
36.42130723146283,77.51484567354763,41.2266275203575,0.0,5.0,16.746047950537896,9.0,40.413967164199384
31.68842369719979,31.12734863537114,21.130397571536786,0.0,4.0,12.011200717629267,3.0,22.50553514226549
49.83191255141975,28.72433666451051,48.670780868130606,1.0,4.0,8.60242926287495,42.0,45.14419067914802
46.67140572986462,31.747721180497358,37.10417250977095,0.0,7.0,10.143122962394491,19.0,32.50457286360966
42.91196329491385,39.26595797015623,39.623202904360284,0.0,3.0,99.8767908225794,6.0,32.16714955030085
55.63310355066283,40.66292733853775,6.892370393059971,0.0,6.0,23.315217368187092,7.0,29.608858612136462
44.079687082532836,59.34469606424507,25.602558458097057,1.0,11.0,65.8686092566613,43.0,51.48050522642047
61.73448887961238,60.72110811220103,35.779340006788146,1.0,4.0,8.43761799046931,16.0,51.37143580382516
33.986288637553606,33.07356333836156,46.53119947932635,1.0,2.0,6.707732029241808,36.0,40.245193268978596
45.36529774447609,45.269007865633945,33.10588473514108,1.0,5.0,76.87159449473347,4.0,43.50969886147146
42.70428290204456,80.55054835925858,40.44021919557383,0.0,4.0,23.960763455975968,18.0,42.9184572030695
54.92691780129039,72.3703174948848,5.702036495231169,1.0,4.0,78.93356771536006,32.0,49.02765320653579
21.075523254170808,17.78788288556053,29.964238680959905,0.0,8.0,5.0,32.0,22.72203260445815
69.95986465237212,20.07669291722744,66.86301042367238,1.0,5.0,86.87478644617346,18.0,51.4384047269398
40.99685593105909,33.647756047688205,40.60755305578502,0.0,3.0,18.79167311508904,39.0,31.933330375685255
40.02161275067459,52.06038502609805,22.63508118241444,0.0,4.0,5.910001804835644,43.0,33.358742376220086
10.965590702139268,40.824424697343254,37.758706642292566,1.0,6.0,40.25215098021612,37.0,37.426612927345936
44.68622997599292,28.972490062948403,27.678360096775023,0.0,5.0,55.792450776060655,28.0,29.84303124150731
10.278090665276869,21.75967532875575,43.59787271495159,0.0,8.0,5.0,39.0,24.32568270816514
28.638965423947244,63.914955065316434,49.97984079379255,1.0,5.0,152.52984806362514,2.0,48.408259183425756
26.647697740403913,57.17330437186964,41.68720176872666,0.0,7.0,41.793892504952936,37.0,36.778059828559634
31.320032815316985,60.32380810428122,40.372170994607096,0.0,3.0,13.570422655560936,37.0,35.88585452464328
49.576071470741425,37.664530823129596,24.795021892333533,0.0,3.0,5.741477058477254,2.0,28.627685251536764
42.697513703311884,78.14766889946081,21.422984358882815,0.0,3.0,17.445918577814403,19.0,37.9583605530481
34.944546773286255,43.42232370618325,41.4575648083638,1.0,3.0,8.721538988114874,5.0,40.03944187201664
18.768866416289715,61.49899432828029,14.544046176343247,0.0,2.0,23.853251414541123,44.0,28.09075977737714
19.114494264560193,37.64823787702757,29.828341273210835,0.0,5.0,53.296886103197565,13.0,24.759101467690268
57.30047793672218,53.63837312131401,51.47779711621994,0.0,5.0,37.77176311436742,22.0,43.134620397582914
40.86559150113179,78.14515372018205,73.44537956707354,0.0,3.0,20.04049659816546,7.0,46.94574349764716
35.190225581283755,56.05811661718548,55.8251179788924,0.0,5.0,5.0,2.0,36.89044247872911
73.56845372958955,57.63531168473966,55.609217718907075,0.0,2.0,110.25739185418085,14.0,47.92023650036395
41.27013779854014,33.02526041247409,7.386141562826948,1.0,6.0,11.03264549823664,25.0,35.51093352662407
42.466900319879706,74.8003116497746,43.27049779602726,1.0,5.0,11.392535192665157,26.0,52.986516448035005
34.25295646087665,56.82719113846741,44.617082504283715,1.0,3.0,36.29686201950168,5.0,44.29086985967145
61.58642128567787,35.75076227303056,22.24109776128114,0.0,4.0,51.516296192458185,20.0,33.40677618101267
30.309432038180834,45.52807195910354,31.876225676256876,0.0,1.0,145.06660916481064,12.0,29.189020214542776
51.40150031806168,64.07058245329875,41.62724565066498,0.0,2.0,121.76783123692485,36.0,43.208421789430574
62.3919274480226,71.15059210257265,19.749272947684602,0.0,4.0,85.77195377092364,31.0,43.42450240418718
46.67838553658415,72.7736261192132,58.7529333428893,1.0,6.0,20.001964094592264,17.0,56.55028767470734
22.533551341611073,28.170107387709404,48.25830357811883,0.0,3.0,6.381380197784989,16.0,25.36301081445178
39.94684862463287,48.21322941974288,31.39475567179783,0.0,5.0,30.73711763215898,10.0,32.31076452756805
24.40831232723815,49.05700795796947,57.15338350203576,0.0,2.0,5.0,35.0,33.86034010504239
17.16842818376368,34.85825004146875,9.738417428396321,0.0,7.0,7.646294563131533,33.0,21.56002708833081
46.162634813352994,63.62034454859228,20.816466530422883,0.0,4.0,5.0,38.0,36.98903814657089
25.959614811857325,80.66696008016868,41.52659552016262,0.0,2.0,6.9686646504474625,35.0,39.05679479477952
44.19546071309705,41.5668222724141,57.596062106660916,0.0,4.0,22.536307544266492,27.0,37.70369742175157
30.512827993618707,33.87121022185205,41.57072756654753,0.0,6.0,17.49163205530827,7.0,28.473354513395456
50.83415918595553,61.02015668814601,45.35627090243571,0.0,3.0,16.132183160855007,27.0,41.14294807958621
21.812234211130814,47.611101005801245,11.284688200901462,1.0,3.0,62.215219195980644,41.0,35.62488161821567
20.93774074383311,22.11295052254111,45.18513645642724,1.0,5.0,39.33715542386176,12.0,34.09576126132746
45.099261412407174,27.424806933040653,60.45103826856817,1.0,3.0,96.4474472359381,46.0,47.19771722918394
59.94947407476238,45.51992454301475,65.34560940270484,0.0,2.0,20.629067618728012,33.0,43.58320328355157
55.41895024198573,33.314956458665996,19.91570106524633,0.0,5.0,11.121941909872296,13.0,30.094567958770156
23.867403130968132,39.680218862599844,24.764484059278573,1.0,2.0,5.0,2.0,32.15313564358104
84.92371069999277,42.60264145838111,31.680463039933322,0.0,8.0,39.01888191308074,3.0,43.35864942485609
29.209154658461745,36.87246488501692,63.30592788315448,0.0,1.0,64.52330172988196,11.0,31.663963290178682
28.934442017036925,33.44913752467016,4.5290416254818116,0.0,1.0,7.10575489664162,5.0,17.5653952888694
74.42199745626796,22.890420511003253,10.522903732248672,0.0,5.0,73.84731846014813,2.0,30.447575666963242
53.45637459942905,53.274986879111175,18.475428547435914,0.0,4.0,26.1495790893263,46.0,36.76298601121813
49.59025092356014,81.12692240501055,33.94656044585619,1.0,5.0,5.445268629622592,28.0,54.55572971938787
31.716479516631424,8.18165409958673,29.694527289310486,0.0,3.0,36.03728544695605,13.0,19.173368762401264
66.9497886376194,45.22788638767182,22.62726705680328,0.0,2.0,25.692767076192315,46.0,37.880956440902544
35.38797826765501,48.8702905186421,13.454298399403571,0.0,4.0,5.0,35.0,28.88542687645499
36.53642454293162,56.63229912920711,42.78300437011192,0.0,5.0,17.834778258956767,40.0,38.13413824420038
34.89123372586667,28.554693915917056,31.118947810929264,0.0,6.0,53.764608008161225,13.0,27.228838534095697
23.49118234878511,46.71175638457835,31.201226058721392,0.0,4.0,28.372179688291357,12.0,27.37826810343114
58.50571757343928,56.48951883526808,61.3577850144583,0.0,2.0,11.597004667205514,18.0,43.77258484641046
59.03641452885664,69.22152044799198,30.823423762074466,1.0,5.0,92.4014875732913,18.0,53.87425896446637
16.931203053620187,46.4239787920805,33.50644079161225,0.0,5.0,9.503157615353649,17.0,26.775467474926614
32.239325176998115,64.24277034126798,38.960429332875904,0.0,2.0,10.196786316777509,39.0,36.392424993876816
22.319309268463673,60.655792616885115,39.775053305521766,0.0,5.0,15.328108789011502,22.0,33.44403587306574
33.807772517100304,66.81742003184529,21.250125416957136,0.0,5.0,78.7291142729889,13.0,34.41598904899565
22.957777123858534,45.428029854044354,71.94240859198986,0.0,2.0,24.798041127638484,45.0,36.698368787582574
41.50292757243827,18.773633104517646,12.7545046226637,0.0,4.0,40.11934969410077,38.0,23.56195068887733
70.10141242801127,72.55196774456381,51.584803464706496,1.0,3.0,130.92693823632527,19.0,61.25847008119961
32.50342629923439,23.30803563570415,48.883731684145665,0.0,1.0,53.52284986820953,24.0,27.119310751788454
54.192655767501016,47.92447095840664,29.3799966966586,1.0,5.0,6.631350892501047,19.0,45.761382635088644
50.20047052754196,67.5532511667982,32.436610166759024,0.0,1.0,54.34939566149891,21.0,39.07867612085416
68.0759839544874,42.6809254185125,9.65994255211851,1.0,3.0,48.288274335128314,24.0,43.99382824303573
14.089506225156907,79.48960491189216,55.0396118847747,0.0,6.0,9.266923642943674,30.0,40.25097093950431
14.228865220079125,39.244712654447426,35.61372670221929,0.0,5.0,13.774634665348602,28.0,25.711533963721077
33.873705632455334,54.736141443477024,42.807558444803156,1.0,3.0,43.34108310798401,48.0,47.00743078767147
41.14709240189354,44.32710649257607,63.167867035851714,0.0,3.0,9.53136547590821,35.0,38.67129164506894
47.70867340682024,54.946782099713296,13.431953174089728,0.0,0.0,8.170045125118008,46.0,32.31430856678656
26.474094135180465,29.115390619992183,26.696464548793276,0.0,7.0,42.546568184196566,38.0,26.817409189498964
11.985793151282527,61.43101234323856,47.66059739631052,1.0,5.0,74.38334155552651,17.0,43.15978765111413
83.46379104365411,45.32871602282082,24.931387832327925,1.0,4.0,5.0,48.0,53.39773766641765
33.39383903068629,64.68830566539651,31.812958157629218,1.0,4.0,20.664842213616403,34.0,46.18043194763107
64.63800585764649,33.71151509321143,45.05290537490835,1.0,4.0,32.703706692631236,9.0,47.00455395311158
26.40224547109269,68.91118156772256,19.96787561565133,0.0,5.0,39.47532419432148,13.0,32.20353706994323
39.90167909349568,21.61139285314315,52.9644434957786,0.0,5.0,195.00876848446472,14.0,32.9246303149002
21.51154315675863,77.13112326173575,43.44465500490407,0.0,3.0,40.17587850206232,26.0,37.75907832830407
77.24123313728721,45.2980155758871,49.476081202314944,1.0,7.0,33.879638416485456,21.0,56.55543596675368
31.89466913140228,47.755783971660044,31.453526919675472,0.0,5.0,160.2626427923453,44.0,35.100854277711534
18.454247851821332,37.19216740330661,26.63838762547585,1.0,4.0,5.0,20.0,33.11928133887715
69.57953513152482,50.242083513811174,56.15585030646222,0.0,8.0,5.0,11.0,46.449908055959774
33.219006800459454,28.498730043142515,6.427265176568618,1.0,4.0,28.78865334936448,42.0,32.808839033137374
69.05583636862397,53.801873022438286,24.73433897471052,0.0,1.0,15.547095772289012,35.0,39.36004867506429
58.73076671873061,44.61665268594634,15.681402633934974,1.0,2.0,5.0,48.0,44.119802044622894
51.18229491591938,54.73255883493287,35.88734531317592,0.0,6.0,12.807562323417534,31.0,39.644436830856264
53.62713216457685,38.90627107110845,23.862460022755215,0.0,2.0,39.26810558765878,18.0,31.100799169541574
33.87869674603141,65.04905333967284,42.37411023739794,0.0,5.0,74.38904934600905,14.0,38.23031769177513
31.620379120941077,84.46989564028131,23.509108522899048,0.0,3.0,5.0,5.0,35.82105706155207
44.32394854179603,50.94389199054481,35.99040224698779,0.0,4.0,27.189546736085813,17.0,35.000073330260136
60.42682993612779,57.38651382396206,17.267137924194596,1.0,1.0,12.289938179375424,21.0,45.38673586906472
43.82418248595391,35.3129023494396,34.89606091715371,0.0,4.0,38.52074584211067,14.0,30.67981532575289
10.922372398593962,45.68901807576009,7.349088300334122,0.0,3.0,27.90513380442229,3.0,17.919147419526094
53.03548671310916,44.50488695168618,53.30477655863102,0.0,4.0,91.46706911069082,31.0,41.22618850036276
38.6857442354743,69.14992394293914,42.16236646481864,0.0,4.0,5.0,25.0,39.688057004233755
44.64726952438746,48.70311689315272,61.301528206931934,1.0,2.0,22.22320117447443,47.0,50.93680679789636
40.02723823754054,19.019207677090655,30.68290467130361,1.0,2.0,7.494679721554945,44.0,35.75144062179673
38.758374460498246,36.95518602406505,64.01500323447657,1.0,3.0,26.934490255266898,17.0,45.17900927878707
42.71918416865723,90.60381799330759,56.66852671339434,0.0,2.0,67.24450582387762,26.0,48.973701309685445
61.84486152872755,65.1241030828966,45.57840739312806,0.0,4.0,84.79386092032846,17.0,45.7646244062569
22.298273384746757,17.0373934155916,46.8241985246528,0.0,7.0,17.775895562476745,19.0,24.799837400681444
37.441022054232945,66.79033582663159,7.5500975672755155,0.0,3.0,58.455129867082896,27.0,32.35314106154456
18.969788613587063,35.567033106062496,32.286228320989416,1.0,5.0,11.522349139271581,7.0,33.52580868033862
40.14187271449905,68.00868055915139,39.868627778131916,0.0,4.0,5.0,26.0,39.39136387403899
44.34002001207618,66.60888954746012,8.70171973706749,0.0,5.0,67.64350493915002,5.0,33.643200749657304
25.791139607921203,43.85964772212205,32.068374500374794,1.0,3.0,5.0,2.0,35.673038399252434
49.16437951412467,73.56083794292533,38.636118431631445,1.0,5.0,5.0,16.0,52.48852805058879
50.431922924914865,50.26326536351586,17.043939815838627,0.0,3.0,15.28249133741013,45.0,34.17710489667397
29.341902262728198,43.26407704151315,41.16355955719121,1.0,2.0,16.696269936244292,11.0,38.63468038981183
44.302603997018984,55.254997764632016,30.07573432167551,0.0,3.0,5.0,39.0,35.83454730474785
13.515166391792526,53.73753651755984,42.15536529963633,1.0,2.0,58.9046870322503,23.0,39.170057113114694
24.89147223492655,69.43883809870992,36.01158294802303,0.0,3.0,18.20666943140069,35.0,35.5928675505828
34.00722236567002,40.4420269579398,21.472400322923747,0.0,7.0,23.561817564489576,6.0,27.517114809852373
32.88100481084518,30.230279033461976,29.04384874378137,0.0,4.0,10.758127456067362,37.0,26.975387415796803
18.166701852292043,76.35685568255361,42.10173254280479,0.0,1.0,25.075037057284707,1.0,33.06910315185559
20.82175914060513,65.22397910572695,18.515127573413377,0.0,5.0,50.94476308061387,33.0,31.44624295222219
35.29713686984818,52.05596819803212,44.71100471184159,1.0,4.0,82.82421595798814,18.0,45.73899799799953
64.4651520552868,36.220505503227166,19.826112046498363,0.0,1.0,123.3529126950673,3.0,31.893616735382572
59.15288983825335,56.17628635578043,44.40133903006663,1.0,1.0,19.47357549622411,19.0,50.140805729128026
41.14606671796768,47.15181733445239,50.64999995286487,0.0,5.0,161.29966327603483,10.0,38.285265616094556
53.29103327508457,60.64392398557342,15.124866680001242,0.0,5.0,12.232313026201167,20.0,36.037762992917294
64.71395172850595,32.55108188999494,33.99622780422843,1.0,4.0,5.0,11.0,44.2455039654709
84.69167385340641,60.1514805442139,42.905601214238146,1.0,0.0,51.07790083633606,32.0,58.27582192230075
39.30740501449692,58.19635102164858,44.36615728620696,0.0,2.0,6.879075366732198,40.0,37.759235672145486
28.709482789151323,50.253572360511065,33.117118284033424,0.0,5.0,5.0,20.0,30.777520777555615
13.05087573005658,44.102882561486936,8.9603812074097,0.0,4.0,90.19987718662655,32.0,22.323713849353847
52.352763296296715,42.45339352667504,47.8377681299562,0.0,10.0,54.925785034136446,43.0,43.064572058947036
55.76216707152919,33.93816084570475,39.28450670111626,0.0,1.0,5.0,37.0,33.978649986198405
48.298792148571195,69.73818999085796,40.80122837362033,0.0,1.0,52.50632395959837,22.0,40.876259059601594
33.58497383974389,63.309770421017134,38.541243256960996,0.0,6.0,65.02640662573806,4.0,36.5056905559276
44.851100720764826,54.74050844954238,56.71400628798426,0.0,4.0,82.49706019484897,13.0,40.77732317995791
8.059402879969047,74.4830359763903,35.25054190945169,1.0,3.0,27.460712641062734,6.0,40.22508949823718
40.93725095533801,54.353623051455976,37.86290207720263,0.0,3.0,42.539404124875716,29.0,36.0925960498037
64.24464426347085,48.679090878945445,20.289556233771492,0.0,4.0,50.27716696882736,2.0,35.39327970385961
16.385899280201492,46.29516316239741,44.915686873415765,1.0,2.0,40.83807210048344,25.0,38.45681213894061
18.159374904283744,54.96682757112909,11.267281628704504,1.0,4.0,36.42856008789035,32.0,35.91786390600035
34.42338822067732,72.53606318875019,43.60090719371843,0.0,6.0,27.758446442360825,26.0,41.270846100845006
25.634841641345812,43.01002225819342,23.801769476061143,1.0,3.0,22.833316086795893,26.0,36.053569594152435
58.13706326957647,56.45797599162145,43.96026024449463,1.0,3.0,194.36251328123376,38.0,55.31727874336482
23.95155393234154,41.07358607791964,10.538162626180608,0.0,6.0,14.413926427738064,22.0,23.627873683978557
29.126858749664482,45.13869231585307,2.504636425380713,0.0,7.0,5.0,10.0,23.713981718122195
34.47212392815347,28.922572177633842,47.0757874041517,1.0,5.0,50.69144762844279,23.0,40.65822800266558
43.01742812352899,25.02357904538811,25.38785188705786,0.0,1.0,8.42012757902304,4.0,23.089210877571883
26.932350411490724,51.23414883140417,51.78719490011663,0.0,7.0,26.626936674568004,16.0,35.39176144420681
43.46044237071887,53.01700371259891,42.283708884923165,1.0,2.0,5.0,42.0,47.22276996448075
25.46931469568175,41.05897624690707,48.59942265211634,0.0,7.0,33.799542806773886,33.0,33.37608328431219
35.18068549640861,62.64595017315593,51.93225708401575,0.0,4.0,100.88875333408825,13.0,39.67399705420637
21.30658892736223,43.220900667899336,30.07406590178052,0.0,1.0,44.89353123922107,46.0,27.2316487456657
62.64831211635513,52.703669932287475,53.19719801297224,0.0,2.0,8.451768413872784,44.0,44.345996742710405
54.32556963829588,32.37822658458425,38.487697723781444,0.0,5.0,124.08308489924666,13.0,35.108817958864265
31.75201543399122,52.254217261616695,61.078307301266044,0.0,3.0,12.839775523909363,33.0,37.77265604253774
74.02231359650905,72.5974960642576,12.436670585367807,1.0,4.0,20.082720839468156,14.0,52.7636100656967
32.480633495786,49.283095537418085,20.125930381991314,1.0,7.0,24.128590317185402,8.0,39.252175779774255
36.33881475750165,36.711365479999614,28.121397335169462,0.0,6.0,163.79154151535542,26.0,31.874155857321565
28.563094927796712,43.69493982218529,40.87482836340956,1.0,4.0,5.0,22.0,40.28614102684408
22.087199151416538,36.34048102405206,55.336338286265665,0.0,5.0,41.75941550374203,46.0,32.84233834918015
21.502934837746025,50.789273106576246,21.807158499569482,0.0,4.0,15.72580296689797,1.0,24.9027632001315
72.27072631364155,32.114722605674416,38.72667070020616,0.0,2.0,5.0,16.0,36.321696369870224
46.150693549266784,44.03853926913233,26.326963935381727,0.0,3.0,95.68493088821572,44.0,34.61032655255424
31.64094550880118,63.58908851848758,33.456318738461846,0.0,4.0,31.193841556893886,29.0,35.54787371942486
26.508688446076462,42.69711262168677,62.622730947483184,0.0,6.0,49.01632194432336,23.0,35.72692427421328
39.98906071749472,39.025427215405145,42.55763873230477,0.0,3.0,9.623044424501908,5.0,30.435785107144625
61.509178357546645,53.43948076309929,54.940236938829955,0.0,8.0,50.17451483547054,21.0,46.54467107196167
20.319474548732675,76.31858367075536,56.98341660251949,1.0,3.0,61.706008551864436,36.0,51.14349401220574
26.062973747970748,74.26381213846204,14.86822124533885,1.0,5.0,19.72512712264622,20.0,42.70427608797164
39.44849442607453,32.44848460978247,24.44115524171272,1.0,2.0,29.69856362845243,43.0,37.98765282536204
58.393788265032484,63.30286741749664,38.69324915267839,0.0,7.0,124.98530713722035,8.0,44.56257866536348
15.375469965657148,32.51937380255954,41.20964039680277,0.0,2.0,65.644315426199,26.0,24.49928140156724
53.629133982974984,72.10121626570744,76.52155356806358,0.0,5.0,20.59809645197032,41.0,53.149801152348175
79.06621014091785,84.75498186489038,65.93182820604217,0.0,6.0,38.23237222451071,25.0,60.036714931586
54.00736557887667,64.11463414647248,40.87602192581548,1.0,4.0,53.67421842268109,42.0,54.19782514459662
41.74834158202761,58.737888639074335,5.382819117696374,0.0,0.0,5.0,7.0,26.86145471214809
15.05615341466115,44.48173355141456,11.224949229013518,0.0,3.0,31.06672245150757,22.0,21.059862479879083
12.543922093391322,54.570332840340164,47.15006741409948,0.0,4.0,145.906704569161,33.0,33.42641782269268
48.62362884608017,81.74847539608004,40.68432281247841,0.0,3.0,102.93071861959646,5.0,44.393448787615945
12.019059033046894,46.2638021592657,57.69077140055895,0.0,4.0,62.52456485985043,38.0,32.40926261594755
40.78493135594437,20.04355830754171,7.4443210312448285,0.0,1.0,5.0,12.0,18.30931995545382
24.846760252538083,52.11151566712795,38.720632632731736,0.0,2.0,179.30249884298095,44.0,34.58586882128388
49.98626319812822,54.626357870032486,25.967889963237567,1.0,5.0,32.9148756220858,14.0,45.70670460297439
56.18966314671244,19.062520317915876,18.094640797011724,0.0,3.0,8.826889836919754,7.0,24.756537596283472
55.74714465397378,11.85969145942097,3.6227950697505293,1.0,3.0,39.25888535544329,28.0,32.18774354131922
56.849148373027724,41.651463187504795,16.459315789781577,1.0,5.0,67.95545585294441,46.0,45.50430334173655
48.30785429091267,25.678843073030166,62.26602118644732,1.0,3.0,5.0,16.0,43.96321191160851
60.21105403414852,34.10008189623071,36.2374964579276,0.0,2.0,86.87588428583295,41.0,36.698630756086985
47.88649173791596,39.904038666470335,31.574483849747715,0.0,6.0,88.48998997414779,2.0,33.04503587729914
35.57497917969175,44.31096465086491,49.83086548249595,0.0,7.0,5.0,31.0,36.334325720805026
11.003353955272557,62.7656801464446,37.52182107441816,0.0,3.0,80.70234943465647,36.0,31.837860331267425
67.13143296348018,63.62904188081051,15.038612609455038,0.0,4.0,102.69118119375258,14.0,40.64090013206372
77.21008087170024,48.126298835086715,23.373976485839563,0.0,8.0,5.0,46.0,44.188890223864654
35.849088447671726,62.76552157416163,38.05114875268731,1.0,5.0,12.193147923215726,28.0,47.458972622767256
33.91574461959908,37.91021634682979,33.886759659246934,1.0,1.0,16.34430753470275,47.0,39.44535109401185
13.614099990081307,75.76833187312722,46.92845831668704,0.0,4.0,15.01770918380376,32.0,36.7715829760804
35.66500837388079,64.31488172943126,47.7659429430562,0.0,4.0,49.804012238333065,28.0,39.81169197691925
42.972390240915466,22.108999269711642,12.437638346516353,1.0,5.0,15.516539416076188,12.0,32.67280634428393
23.56998182161445,46.82476712646487,16.305363654208406,0.0,4.0,109.78826970154499,13.0,25.8330389497529
23.966155594027214,23.282293174219284,21.665075642441963,0.0,2.0,185.3895229952454,22.0,22.01135968847394
42.86558638767582,62.386296595460564,33.74781564706959,0.0,4.0,13.334834028123925,42.0,38.90922455298133
38.86130374125257,91.88061555530307,13.205931059494203,1.0,2.0,24.88169024429372,48.0,50.79143974661312
25.494797775493016,35.564721410080296,12.635588030122863,0.0,3.0,28.552303450342517,29.0,22.26550092429005
66.54724829606035,55.31143174134816,33.67938444644608,0.0,4.0,30.312791044934308,30.0,42.318884888693624
5.532693504023029,50.94565358618439,24.200999592997757,0.0,3.0,16.405858705829356,15.0,22.07228043044468
64.72006828311339,35.645115336650655,61.35793266338992,1.0,7.0,6.352992983311514,40.0,54.53119699201866
26.10538372323596,61.47543503719001,9.443135077428094,1.0,5.0,5.0,4.0,36.863831705592105
40.47059365540342,93.74748919312242,71.14402775841103,0.0,5.0,5.0,33.0,53.27999293048033
47.91162842320116,42.82033881377825,15.498231549545597,1.0,7.0,81.04535454068724,46.0,44.646030458471635
41.70451332297962,44.669144009646054,45.105789213037745,0.0,6.0,11.515876581513632,9.0,34.74882620106819
39.00812540979583,76.78997993785813,72.21092070521857,0.0,5.0,5.0,38.0,49.30504381129053
36.421518429969275,41.554776590576665,20.073587011130535,1.0,10.0,34.19206413369493,16.0,40.72253085016838
40.799141740440156,60.80413921528639,46.037999867184986,0.0,5.0,5.0,26.0,39.52175354570196
57.12991140207586,22.081019752254065,20.2952723801357,0.0,3.0,5.0,43.0,29.125120597942953
54.75602636830204,48.942475434293,36.29019367827723,0.0,2.0,34.010392518443616,27.0,37.04349713326597
21.13865142916517,25.295784947267318,43.54529837427562,1.0,1.0,31.32524350923656,11.0,32.26887266511103
68.10454061497204,34.6438192866018,46.147817060797315,1.0,5.0,5.0,46.0,51.49665338755292
21.390686114840637,37.44717968929823,6.511903104649173,1.0,9.0,21.5974993411424,43.0,34.740740394756166
62.07427587493222,59.467502948201854,16.71648637597473,0.0,3.0,20.030160858921597,26.0,37.81589122138788
52.06295459038684,63.923882155367565,7.591673026023751,1.0,5.0,27.691199933680178,14.0,44.79143632391556
20.47592784569301,56.73973445271439,28.50825490649822,0.0,5.0,46.858638489133334,1.0,28.505304771727626
61.47838169598733,16.873073369257348,76.60278190179139,0.0,3.0,11.634021124868166,11.0,37.611231151334
52.27057262081296,32.48446530937636,65.32108135510198,1.0,7.0,19.845299019312744,30.0,50.80383387121007
48.43927204815896,48.743207223914546,28.394430028283573,0.0,2.0,55.08279654393324,24.0,33.92249723504469
30.64588138322439,54.36680974321217,14.514547523777443,0.0,9.0,89.53718292091838,4.0,30.722010546432656
45.3607129999148,12.886068352862285,73.55306552344219,0.0,6.0,77.67811977787099,22.0,35.54849169266198
25.737847588215335,76.5722214040818,71.67760354702234,0.0,3.0,22.728333340034858,46.0,45.71002462425265
42.44478395672748,43.611752121822015,23.623738181265157,0.0,0.0,25.75210916387026,8.0,27.317582069178997
20.4028218150048,33.03259707994754,14.04863897158923,0.0,9.0,26.359237755070186,47.0,25.30699698880372
71.58074355818405,53.174185665113974,28.586952149249996,0.0,7.0,71.06361800557781,16.0,43.109807290430425
42.571039229148774,21.083639392755593,10.269500640606044,0.0,4.0,64.12712087479836,33.0,23.87693705092741
36.551794686350135,28.134209183617305,23.107860844113052,1.0,1.0,13.065052260978925,33.0,34.28544730582347
51.60065177392874,49.48591239910406,5.573323605306137,0.0,5.0,6.221307472983759,10.0,29.985846683887168
72.58848465818997,49.36863851190497,15.5063204631937,0.0,5.0,16.673413193738572,2.0,36.69065282959563
29.198056059074283,72.54679739481149,22.51159734127944,1.0,2.0,11.90869027278332,44.0,44.8624052094252
52.66559003358849,19.650098772759407,54.49902685192708,1.0,5.0,105.4014486053138,4.0,43.66515074965741
45.69342097590635,76.53391173920619,33.788995027395984,0.0,5.0,10.819598258582213,23.0,42.07107908972798
41.268291155427114,47.12245494870165,24.52815066423823,0.0,5.0,6.9973254966235094,27.0,32.03194053349249
7.896212697375858,36.796239989855536,21.25195242328796,1.0,2.0,80.40862341529973,33.0,30.526708297776903
51.942389006968284,48.63139450427494,69.67142951335136,0.0,2.0,5.0,33.0,42.97439844714774
57.741390665013434,80.79656566855992,16.607264497013897,1.0,5.0,10.551264023461957,41.0,54.208095540504836
64.76247833191539,41.43767734680265,3.4521907364388364,0.0,6.0,20.23814099578834,20.0,32.430953989566554
56.68182205856866,58.32324821324495,51.81147887890496,0.0,4.0,31.644668240065226,13.0,42.83654470224211
36.24424525904133,27.830884149478237,25.996240824301363,0.0,1.0,13.895360343886585,11.0,22.89035628249235
25.821115203097712,42.75785525311863,21.814261403469654,0.0,3.0,23.99751894144794,19.0,25.074888531144516
9.014348647326216,68.29122452934052,19.336585770290785,1.0,4.0,7.758926020976864,32.0,38.117853264560466
56.871242029231375,39.78035219989267,34.2309436576359,1.0,6.0,29.888586508871434,3.0,44.937304672950134
45.44534877387627,62.44241676410173,49.157555767468445,1.0,3.0,18.33787362725356,13.0,49.780191849357585
42.14073187711431,48.32610812636199,51.22659898540991,1.0,4.0,66.2268847074404,28.0,48.38832661993678
27.92629065895984,82.78390467337002,40.13057785925553,1.0,10.0,18.80897020458399,22.0,53.17127459487359
14.95223467337837,78.57916792864913,55.97099482552461,1.0,3.0,20.53292701596264,19.0,48.088909781200535
76.24695293182664,55.71148803055518,15.997839231273636,1.0,2.0,31.392098220945847,31.0,50.341451658385324
68.11335161306846,26.095892803322307,2.7569832301909387,0.0,10.0,5.0,20.0,31.183707750135877
72.20848191285441,15.570018570333518,63.76501759038714,0.0,7.0,5.969088334524031,24.0,40.526467385560125
72.1606545674693,22.23276496312097,24.572166882363632,0.0,4.0,54.662318174137496,32.0,34.18738534990649
44.391126089468216,43.445027429266474,53.48052398324855,1.0,4.0,11.179175166345836,9.0,45.717343312328246
34.03882642739583,63.81564283160491,8.982861454819277,1.0,5.0,40.39773403124984,19.0,41.15655335021405
35.62484971769101,32.48250122763741,34.25082160054483,1.0,4.0,5.0,23.0,38.00700205644107
30.503612878135485,57.133917163519364,17.687880915658987,0.0,1.0,60.37887242258308,25.0,29.029687318973508
31.905225542504418,37.93525872209595,31.97368606849034,1.0,6.0,155.47143048236973,33.0,42.29240116756608
50.11984978324527,53.58334375863579,40.531434203077275,1.0,4.0,16.37689661858369,46.0,50.260782238649725
23.454288601441153,57.854452698595274,46.59654146043959,0.0,4.0,24.649415112344407,44.0,35.84088425889453
45.364763652671144,37.62119392241858,27.183709761719925,1.0,2.0,20.46355782979294,2.0,37.743981604726436
19.025283725354853,23.553654438096224,14.897877590816261,0.0,2.0,78.61311391147228,3.0,16.198786548276246
42.297039406425306,39.18313537130144,26.007428618728678,0.0,2.0,5.0,28.0,29.05152941817742
43.841626254402506,13.480579443774376,64.73648866156094,1.0,6.0,37.09142738015267,37.0,44.15464532827219
69.61077018761497,41.36586834473089,34.63144615834113,0.0,1.0,36.981406515816204,35.0,38.71215136900775
22.382383171965284,81.80245604550674,6.915348405143358,0.0,7.0,16.86615022530272,14.0,32.599137889001526
30.10355941185242,48.06027408039167,22.95174888573142,0.0,3.0,8.666259666088838,24.0,27.86996830486473
32.61485922220237,30.594187118119176,35.98507277371753,0.0,2.0,9.590679293542914,37.0,27.302727008520584
56.70088795494824,43.76898292227536,58.10669834869241,0.0,4.0,56.411642534895776,3.0,40.02472700293605
52.66287332000612,32.792244653297935,67.82899257774349,0.0,10.0,5.0,23.0,42.25957800887471
52.63772310379851,48.81201739713985,46.316045617164065,1.0,3.0,29.039842395107886,34.0,49.52361506032247
45.67719489887138,67.18362301075015,19.83768517584263,0.0,4.0,12.827335363784755,9.0,35.2713122117278
25.269272730481774,42.078344406033196,18.339245388603786,0.0,6.0,10.787769875445354,18.0,25.377357679856622
32.03399302275641,19.307047029620467,32.511056928498256,1.0,5.0,24.664110145908403,2.0,32.56543049446174
53.6900887342445,52.013531876696796,31.868817121325943,1.0,4.0,79.84989617775841,22.0,48.04393358251132
48.17227236176452,45.35865208142724,20.438588210560056,1.0,3.0,33.690136377896536,35.0,42.52615760162296
34.85134193688238,21.056410804037164,8.85948591459379,0.0,4.0,54.39187180048055,31.0,21.335771983622998
13.355797171029026,52.1416851271896,41.048828913326304,0.0,4.0,32.130057498179205,26.0,29.398217277190785
24.841041351037962,80.93725840963415,19.915932566273156,0.0,5.0,41.8735652278899,14.0,34.93107183040223
54.4818581407861,52.07790111843163,42.28358162855262,0.0,3.0,19.822313331181864,45.0,40.76381315381387
26.89906290653788,49.33796632880021,38.85122281625371,1.0,3.0,91.12047152968825,48.0,43.88742941656028
69.15523786103907,64.3927581850347,57.46442783398147,0.0,5.0,24.39614661877377,28.0,50.27022292421512
84.3074283955103,63.9892834122402,70.56919653558234,1.0,3.0,28.08607208884501,11.0,64.15406107914228
39.12218191852172,41.99788469647719,10.242461934526439,0.0,5.0,26.052874850026893,32.0,28.07868837158878
58.38459548698369,53.25732363058157,14.695841495065492,0.0,4.0,13.302581068711389,21.0,34.94582270883713
49.6041889810298,32.58088254570674,65.36457153281174,0.0,1.0,9.204104589804095,23.0,36.21644786168334
56.39010427138194,69.18008938095069,50.194450885912175,1.0,4.0,5.0,24.0,55.644771923598924
75.44793212795989,54.79815773914515,13.750579733550417,0.0,7.0,44.326411646690765,12.0,40.75419433316673
40.58830058818846,17.670623572812495,67.10619438508223,0.0,4.0,11.951452571308616,3.0,30.56052649174096
6.191086029132719,74.19978928558285,9.110964966931153,0.0,3.0,17.254382984752784,6.0,24.29598194982117
25.726576432895843,78.18244650754758,10.872583878249877,0.0,8.0,88.36908784606418,48.0,37.83234458296453
15.964850010235823,52.255448896482356,25.994313303049683,0.0,4.0,29.250971242243402,12.0,25.85528626049871
58.06709566123107,59.67108290455758,52.662679999864395,0.0,8.0,5.0,20.0,45.98041397475337
29.733073977340396,44.31465091808076,24.25568368655422,0.0,2.0,56.26247748685046,6.0,25.82993426762241
18.476343976531442,24.69952352836407,39.34683994297542,1.0,9.0,10.356142859818313,20.0,35.29569981724272
7.811181396461503,69.87023546116394,5.1226576265371335,0.0,1.0,28.158859073065322,14.0,22.595427484882837
64.42887021210025,71.25255940991582,76.06580825447237,0.0,3.0,24.965922876723134,41.0,54.54964048909273
59.69068015239745,35.45005569273211,21.95873785557122,0.0,1.0,9.516926870570856,44.0,32.52920236232577
34.689280259026745,42.440523790644455,41.803844682655104,0.0,4.0,5.0,1.0,29.93988661561549
64.45410845445446,68.14061343450545,32.73432583913826,0.0,6.0,8.306220309942429,20.0,44.695111831693374
13.590902598672846,48.248714458000144,33.7696361036435,1.0,4.0,5.0,22.0,36.26049815156362
44.495027735972684,49.518684051962644,14.372466121140043,0.0,6.0,11.285758139651932,40.0,33.09182663477961
41.182636832142876,59.89027796946951,6.087882549380144,0.0,5.0,206.97536935665337,31.0,35.04741111998558
41.04591354480865,65.2542359577378,19.2175837848623,0.0,1.0,18.001158932284298,31.0,33.82323934219229
30.107727260894563,57.915348295266064,43.69209457825026,0.0,3.0,69.79980272469143,28.0,35.794317981618605
71.80414354943133,83.27876718305566,20.066421350832996,0.0,4.0,27.883870453872817,12.0,46.363487213883644
26.32095451207684,73.6405966199203,49.35162856417177,1.0,3.0,38.44265453366952,16.0,48.40912930170568
72.3165550463912,59.36137899262525,49.036125183681214,0.0,4.0,5.950530454186765,33.0,47.70525036709068
67.95261851618002,45.872377514166864,6.944877600141583,0.0,0.0,11.246056181432268,35.0,32.94182809318462
40.008460728639434,86.18442222914626,25.08229672660182,1.0,3.0,24.998933489051847,44.0,52.23132968725829
11.961672569217544,60.39085530342153,40.9637826381711,0.0,5.0,74.54432448756748,4.0,30.473597687595067
30.628180222914914,70.591803678182,18.091447513853197,0.0,3.0,5.0,10.0,31.436618811378203
28.473982953217124,37.67755914839648,59.12618101462006,1.0,1.0,24.747931750336733,34.0,42.125755302999465
84.28675807659451,67.47045287431213,26.326295438464037,1.0,5.0,5.0,41.0,59.3678951587528
50.54757797933499,63.979519275865385,5.242372479992326,1.0,5.0,21.361180737739275,3.0,42.93869436826905
51.032321055679375,54.38573137980214,47.08848297775355,0.0,2.0,34.69192698376671,31.0,39.97728053616136
66.59975712166727,17.83427064413634,17.17190866323712,0.0,3.0,47.78923795688315,31.0,29.490849814741793
50.24035895219242,55.97050878174677,34.65881592390843,0.0,5.0,5.219108101409703,1.0,36.31798584788904
49.53984410144586,58.83291183389075,49.888410641500066,0.0,5.0,6.377416603592082,5.0,40.256243111124974
53.14396684437816,27.68174308657857,62.117035743621486,0.0,2.0,22.225027079396334,5.0,34.468768398067155
78.42392854905899,62.02157921473091,3.7811976579872826,1.0,3.0,218.15518491001882,2.0,51.1247660977719
78.8758987270245,76.47619351519714,37.39465312201637,0.0,3.0,15.404524859414545,15.0,49.41342608270932
16.259544799043514,34.010697093536805,25.405743215715198,0.0,3.0,19.52266584655993,1.0,19.64440510316641
65.05918264623145,71.58710314262252,14.061443363216455,0.0,3.0,19.824724106917387,21.0,40.64105570556746
22.002111457595184,64.72500630371243,11.164285802100391,1.0,3.0,5.0,37.0,38.67796993408032
43.80258270376727,73.19677619728168,15.392478665503875,1.0,4.0,52.07937961720741,7.0,45.878272198905
23.354313095843878,21.541343003654273,18.262470017483974,1.0,5.0,10.213910441892265,11.0,28.623163928774947
33.31269776070037,55.56227142418463,19.630158100060825,0.0,5.0,42.569507713336165,26.0,31.65921937298013
14.194331904096838,56.238537904486705,63.046027050124884,0.0,3.0,22.558488009001138,42.0,35.678358670314886
58.79136808309525,68.42676506471356,22.311437202012822,0.0,2.0,33.1163849006508,2.0,38.03001621909851
55.183651687995805,80.09910785725577,21.91990469832373,1.0,9.0,5.0,30.0,55.58467082597763
81.52122917705827,40.07569152962196,50.85608069136253,0.0,1.0,77.24370506963876,14.0,43.50634559605678
56.09402371810839,41.466412383398385,14.359248051564649,0.0,5.0,9.78335618078193,5.0,30.50182566791547
14.819931045718718,67.70522883374315,78.75254918474201,0.0,2.0,38.81331017684156,31.0,40.65281276964335
62.395082617603606,59.98113990862263,18.9730662132825,0.0,1.0,55.98537700861198,48.0,39.817768239684185
29.473332213702243,50.379503798427606,40.16565422032355,0.0,3.0,27.181453636689522,32.0,32.69790977195087
45.96189013426374,46.44950223883884,61.01239181395095,0.0,3.0,14.401947692591486,34.0,39.969090952480634
22.07202005875998,66.1489655330326,35.78776874600473,0.0,3.0,133.4315630748938,10.0,33.781038489680725
73.69013490697509,48.8982974168503,5.101204898670503,0.0,4.0,11.421877136899976,31.0,36.566765761547515
32.22510903109656,41.978812161517666,23.257409335692483,0.0,2.0,103.92657194635488,27.0,28.181953983100396
29.719900712077944,42.514806092243894,42.30115018104565,1.0,3.0,5.945393331207514,18.0,39.714033030588915
68.60439201719348,33.8411429477669,5.882300261113197,0.0,6.0,17.25576789855535,5.0,30.68060274650629
32.70203757432723,47.58911086138131,5.5443573965665145,1.0,4.0,5.217628403930266,17.0,34.81514064270332
66.49510771117288,43.449199366594044,58.565921226164384,0.0,3.0,5.0,11.0,41.79592768134127
40.82937798170471,51.32285376192651,34.52758896200358,0.0,7.0,10.55090864607882,5.0,34.262390266645774
35.89530712303974,30.567493012592738,8.891319433842092,0.0,4.0,5.0,38.0,23.773963920676536
17.746935228478826,71.23275781555336,19.562631849734807,1.0,5.0,150.27907413383514,48.0,45.22858148376304
61.773634007829095,29.030309617045173,28.87524580856083,0.0,4.0,50.19101562757892,37.0,34.49575798463866
77.15327172582612,55.44999385837285,37.38612413055859,0.0,1.0,5.0,21.0,42.99137455549479
43.705904695238566,71.72335707759717,14.224572995865566,0.0,2.0,8.860160069187026,24.0,34.910659270155705
72.85238650265468,51.485869973798,41.38841307625355,0.0,4.0,38.8163714452439,30.0,44.61664201082112
26.370149022732758,38.215295670553694,39.23641544192755,0.0,8.0,17.79453850995263,16.0,29.878356877866363
48.36041386484733,44.48488086254699,27.92413339086132,0.0,8.0,62.39991147842852,41.0,37.47788227700903
30.734436019290833,28.81387597150857,24.870335380003716,0.0,3.0,24.60207050531453,22.0,23.68811153511896
66.33797747130532,46.74462142014388,23.069461351130023,0.0,2.0,37.110834377691404,2.0,34.711648676464705
34.439308929793135,44.8712478753288,37.492569989636095,1.0,2.0,31.811903176992665,19.0,40.48514365003959
48.39731346411092,43.657996903729625,19.700031605916,0.0,2.0,35.580221332086985,37.0,31.67311745445673
60.87738244793065,46.64221908868866,27.76907496657995,0.0,6.0,9.152260388941952,2.0,35.946818210360554
71.69082344655433,59.14280542423283,23.457762560320752,1.0,3.0,16.354466466075454,11.0,50.17829785988481
73.31735061000751,28.16184672246433,27.74822938517622,0.0,6.0,5.0,33.0,36.94944521015321
12.99049885919053,62.572884182516844,38.433711866748666,0.0,2.0,31.004752543812995,9.0,28.89033084114425
58.48863190170878,16.02468393356945,46.92049679522917,0.0,4.0,21.518485206669368,25.0,32.57339074783877
45.06358863404512,68.39076014122197,29.189018848290377,0.0,4.0,50.053666976389245,6.0,37.63558296843041
46.512995837267596,36.235847691551385,77.01124220083234,0.0,4.0,8.090376954264936,11.0,39.26890535363945
51.839754427843964,83.56733432384914,29.93555044019991,1.0,4.0,20.094969554596574,27.0,54.54373512217013
23.84683172166609,56.71360419310152,22.757668219694118,0.0,4.0,6.977614590725569,8.0,27.60328445608234
55.51634952213706,52.249762993446005,6.897088710410265,0.0,3.0,33.315243162799206,45.0,34.20398976158261
30.57600235822931,50.9583923181501,23.363734179404556,1.0,7.0,65.94258418812855,31.0,42.428093518652496
19.259895695333498,60.35430623127757,36.94080864210578,1.0,2.0,50.75201983240141,27.0,41.420411194059014
59.8163188794888,44.65339647449531,63.041504878398825,0.0,2.0,101.00807771162823,44.0,45.07519239089518
61.225454524233314,26.9426602524248,31.46969668489778,1.0,2.0,124.80317183175357,41.0,44.81615211378548
65.01017482025978,52.972855071849054,24.601292998881767,0.0,3.0,51.74953710806007,47.0,40.76067533319918
38.56646403024032,58.802606993885284,27.996993420819244,1.0,2.0,11.830067393596146,5.0,41.61428085182612
71.78260891428282,26.387362226950795,69.3261581289921,1.0,5.0,8.663019928042024,15.0,52.462999396622166
50.276942063415376,48.575518133768036,47.49942626915313,0.0,2.0,20.768670994526055,2.0,35.77863237237223
65.31183318675906,61.836383619996774,47.367719041354825,0.0,2.0,178.38789688382337,15.0,46.431471026767774
64.52820109747267,39.88975598852545,25.150916257346278,0.0,8.0,18.62577733617476,31.0,38.28268496034759
35.28309437606186,32.26180052486564,54.64122567472748,0.0,7.0,7.769290970643347,20.0,33.33877751570766
33.943943005765604,34.88322100997442,12.098281813642636,0.0,6.0,101.09908294912738,3.0,24.69403269384957
48.02590390684863,47.233772195124466,55.94775395790269,1.0,1.0,17.066937047292253,42.0,49.31087414316382
76.17796367291258,63.72455825319291,22.1004285939012,0.0,3.0,41.093039043368556,39.0,44.903204825000515
41.56813136622381,62.43586659517938,28.500302582134374,0.0,3.0,54.31618017088699,10.0,35.003452222845205
46.750722009363834,42.63673886818849,19.996939870508815,1.0,5.0,64.83760408091005,26.0,42.21698819211773
52.62822742316594,81.38498237518884,42.38268257251648,0.0,2.0,60.26779884121624,10.0,44.84412374555146
34.17207403141905,52.93381946692147,39.407862691185905,0.0,3.0,63.32883365893852,40.0,35.604640584698664
70.21798728340272,42.18453196757004,42.60310105831247,0.0,2.0,38.55519365968144,13.0,39.38813312296059
34.5259142028213,45.01044318127005,10.405048666957567,0.0,6.0,18.10309239411844,21.0,27.204748557720244
55.52526289112921,25.27532299077317,15.928015877798195,0.0,5.0,38.51661043493736,34.0,29.502015412994233
57.28517229659988,65.83753405633018,34.31537572571451,1.0,7.0,63.43317933925658,44.0,56.05868260280352
59.49410396245819,66.14179672523362,35.48624188890649,0.0,1.0,15.112013420118064,32.0,41.94801576442614
51.5716707277998,56.61707960254058,36.90192490778592,1.0,2.0,12.30945661419399,9.0,46.44119053663606
28.18159798433698,49.16133661731493,10.78174950161678,0.0,6.0,14.740189597653298,30.0,27.427926584298785
71.16010501129072,58.573031332829,10.797769905802696,0.0,6.0,28.047731672454137,1.0,38.324935107283075
6.5392026625847075,80.36472719184577,33.93612128605269,0.0,1.0,5.0,12.0,30.126540054151494
42.211757917564285,68.64202411374968,79.81388327536455,0.0,2.0,52.831119093662004,44.0,49.25485340173333
48.9640039494354,14.721068140343323,12.642885165362594,1.0,5.0,5.232109677533457,35.0,34.11689214369107
49.71211461326505,23.461431797608597,9.459287999373366,0.0,2.0,5.0,24.0,23.33191086925975
34.516859190864515,47.01724440259258,26.57929216697152,0.0,3.0,7.707761184777178,40.0,30.756041844048347
54.129277635133455,64.00702626424216,56.334911940402236,0.0,4.0,30.107404814208838,45.0,47.16611017328503
53.67706161694261,56.604045847112275,51.218093351209085,1.0,4.0,11.769379426273643,10.0,50.96887227374258
59.62318637519406,52.12131618816511,29.04678869078149,0.0,6.0,16.0653087231613,47.0,41.11919498523334
58.792377083788026,36.282334219021045,46.55602768944742,1.0,1.0,93.90852481475518,24.0,47.11575309396117
54.01326115826026,45.39061638518934,13.566393634902127,0.0,8.0,65.75238842258017,41.0,36.29961966093744
62.250120326430846,51.23231875116304,58.24719304131253,0.0,2.0,66.91409271589735,18.0,43.657340527782004
51.27263861522595,40.26357438475438,21.85305566561906,0.0,7.0,30.16655560536382,8.0,32.13732927280472
28.389349974414685,8.142354471002033,34.4437439243325,1.0,4.0,70.4690089228625,46.0,33.11584570565315
26.81913699028523,25.616641095650383,32.848077599284736,1.0,4.0,52.767046973574246,43.0,36.23949945958471
48.84175751036044,35.48689407275864,38.182711903265776,0.0,1.0,107.1930570344022,13.0,32.05046085565002
27.625058879323227,64.6138778945795,12.906119999694685,1.0,3.0,5.0,16.0,38.654291526747954
11.144724180114302,55.870994799645615,78.85731949899734,0.0,6.0,5.0,14.0,36.97206031140612
69.42867038483736,26.120682986212863,17.2770101976672,0.0,7.0,6.734286478239374,9.0,31.933822299281157
77.40177505361385,65.90339152816931,59.30519488341864,0.0,6.0,92.61947699031695,9.0,53.1192422539746
30.41098697185893,79.62814597479368,43.6972783923819,0.0,8.0,32.56054152471354,5.0,41.453540912868284
36.042290611097584,53.19613311365152,24.9034856359016,0.0,4.0,19.43626740079965,47.0,33.651283336780395
31.373180522036836,60.87196618442411,9.007248270779543,0.0,2.0,25.161431011865012,11.0,27.24865256029432
49.364729800225035,85.56049049659501,25.293612142933146,0.0,2.0,61.93717569088558,19.0,42.431022313845816
28.631796206820038,37.8437175988165,9.110002069821595,0.0,6.0,92.63190439733464,38.0,26.289656002397475
34.978212671468384,63.456174936815415,21.468584251705813,0.0,5.0,45.78764795968244,10.0,33.134916119767034
57.20452383204565,31.43576832014118,20.470686473401464,0.0,5.0,49.926888449338364,16.0,31.053040547916417
23.17741555723473,40.28184830592948,8.17757589893279,0.0,7.0,13.517650394771154,29.0,23.866613551893952
42.74947403591006,30.647747966420457,18.4464836766352,0.0,2.0,22.025496129229087,5.0,23.87434350731067
20.118921396618184,78.96048588440303,61.99857488874149,1.0,1.0,75.7628407319654,18.0,50.41510558304838
24.00743962807412,16.43845588543416,16.761694831737987,0.0,2.0,53.95149950727884,42.0,18.893703503507794
18.40664755153258,34.34059277030091,20.105040470235984,0.0,6.0,40.35047695075939,42.0,24.55342580571772
44.62014361548116,19.25685558262105,9.219640941265377,0.0,9.0,5.0,44.0,26.359844654445297
42.06934902638568,13.795043272978461,41.046401560442376,0.0,4.0,5.0,35.0,27.305378386929508
9.027301950891069,42.11817533324878,25.31255423295182,0.0,6.0,5.0,36.0,24.128880167625322
40.717550723560656,63.46741458534858,29.509879534511057,0.0,2.0,30.47863720764244,22.0,35.335875429451804
18.311528966214016,55.40966970626936,30.83024365303229,0.0,4.0,26.904667902488434,24.0,29.160156418500453
75.7008536319719,44.11369230275544,26.792405653256946,0.0,3.0,100.07531005186581,12.0,39.51332257516308
58.88552772693409,64.33016103598975,59.52643154004005,0.0,1.0,41.53295115563142,39.0,47.1570690505624
55.25844881104221,75.92849162408241,19.779002950533346,0.0,5.0,12.183543981396545,12.0,40.61413906925684
59.25104287918372,74.5531488372589,49.55002933930075,0.0,3.0,6.16476971990545,35.0,47.976356779155964
38.97529671596233,63.97314956964101,14.834704336207643,1.0,2.0,66.29045774788557,19.0,42.41469976260854
57.91106746843712,48.115260597934856,42.489898291780584,1.0,3.0,21.542159705935394,37.0,50.03256956357741
29.17403085627769,23.649746228555564,5.714379698605679,0.0,5.0,37.09245517811921,14.0,18.77563282711269
42.06101787457854,83.51522969650888,21.15868633438843,1.0,1.0,29.145880137226587,23.0,48.54213324184516
23.21946988819075,65.79908913387872,38.051737171098175,0.0,2.0,5.0,40.0,34.344987189737
83.5867158879751,67.56780288133763,25.736049264952896,0.0,0.0,5.0,22.0,44.8491728786521
13.612066251075749,51.74553368850032,75.955965932786,0.0,1.0,16.563328515912875,47.0,36.24560642770582
27.556157652622115,73.18382693482107,34.5740141436171,0.0,2.0,15.704933340440379,48.0,37.41774457569794
27.147768274392924,21.547997683205722,28.487042891450898,1.0,4.0,39.20835813727107,11.0,31.548683797886177
74.31537306516297,70.50590475548356,37.47275475049949,0.0,6.0,35.00759776867434,2.0,47.626658636226985
40.573654542845325,60.31673838419789,33.0140430891755,1.0,3.0,121.51525240061147,10.0,46.20298422133903
27.880311537326307,60.824057248223326,21.228960016342523,0.0,2.0,68.34202167610894,43.0,32.16535654647366
53.82744490242939,64.64418287188244,22.995031310510427,0.0,6.0,24.021741956740964,5.0,38.21792774365456
73.40944879338437,52.40256235867196,43.848828188825586,0.0,2.0,24.261926043980964,30.0,44.17762590914957
40.51192374246458,70.806225731661,36.803605927686675,1.0,5.0,39.243903458449424,21.0,50.23482767607059
20.664745513900936,34.919319901220405,10.713117801541257,0.0,8.0,5.0,33.0,23.135306580755252
24.474034241851562,43.126723361614964,34.883337993541666,0.0,3.0,319.20617483984955,25.0,32.66748913034589
62.53354030989993,18.379879803227947,20.696203191477945,0.0,4.0,25.602119568391092,46.0,30.74389624633848
58.31183286812867,40.389387861257134,31.35377266076233,1.0,4.0,84.24112235945628,47.0,48.343917672250214
30.92548049118733,47.67803587143684,27.176232838989282,1.0,6.0,119.77365606487284,7.0,40.7858374888252
37.164474773513575,81.27147588912041,8.061844713229608,0.0,4.0,30.499683279352283,40.0,37.17601820744073
49.776634726372805,32.09825491023094,43.05317503627788,1.0,6.0,5.0,28.0,44.692690749739846
56.83048292862903,28.687469530357074,55.43556123111449,0.0,5.0,29.812350737692043,16.0,36.943597972772494
52.259026676991404,46.71837275744219,60.11673545134896,0.0,4.0,31.864494406918713,45.0,43.16086219272222
57.87951209862866,21.733916224015204,13.79071602096571,0.0,7.0,54.48845166952789,37.0,30.349982178233226
28.269367710887693,23.388490492221177,21.591123512730526,0.0,9.0,5.0,3.0,22.36268925332332
66.087374065358,69.77148424523486,16.42367059551828,0.0,6.0,21.9782566413172,45.0,44.55110080301295
74.92489700575473,51.629037137993905,18.410335143574272,1.0,4.0,89.63397245034585,19.0,50.47136079052421
48.46574175844381,75.03421148058848,27.97671573554197,0.0,3.0,166.0514225973102,12.0,41.727154218423436
42.85775132781385,29.144848842178465,27.447751439065478,0.0,4.0,7.435032525641796,19.0,27.32582751738811
14.788500634672882,48.64626472886098,58.575430154635455,1.0,5.0,71.56936894894127,11.0,42.30222060832695
35.95171562861665,85.0981736468529,15.678382820057656,1.0,3.0,5.534113407796885,3.0,45.33669469740367
62.64877527026903,52.56353796076447,52.71526520433607,0.0,5.0,64.3982063109275,2.0,43.20983598293376
49.183076402954875,44.612196645990295,38.5873347274953,0.0,2.0,11.365559193267297,46.0,36.24813415482764
60.88543355263985,65.32981603552419,59.462783193175206,0.0,5.0,112.33428804197149,26.0,50.077050977680926
37.515963021443284,52.04985452723325,33.05699894140955,1.0,3.0,41.61757325642205,22.0,43.102068680887136
65.02948803571726,8.367602094340153,22.134075261865068,0.0,2.0,17.827053661096386,17.0,25.54465377679825
34.312622389777545,47.67173226512686,3.896645205832195,0.0,0.0,11.544989002271441,34.0,24.293470862262218
65.31188805022799,41.965401404697474,15.676466452240481,1.0,4.0,9.386649537975996,15.0,43.48813538012041
54.16723608441589,87.77413946393499,15.144611422580995,1.0,6.0,39.9669681415741,12.0,53.35373766186911
38.107539966667375,68.60699405990259,19.46026388366165,0.0,3.0,79.14748820159711,16.0,34.77037942793371
9.383802506348164,48.169485190438,28.01170069535786,0.0,3.0,49.2191083218465,16.0,23.711501129750992
67.14624181062632,70.02746483967293,44.83835881841677,0.0,4.0,63.019151879142875,39.0,49.65273818965779
48.377009347659836,33.554491538597425,47.874141482169094,1.0,5.0,53.215310749260446,6.0,44.075815156652965
39.70887824274566,39.84801111292205,31.32342973244407,0.0,2.0,135.4601296453831,46.0,33.221270359731875
43.75857357051246,52.179693479013046,10.283336497141923,0.0,1.0,49.63041265157369,8.0,28.03532066423494
15.70949997241639,83.91450938520586,31.975023095357585,0.0,2.0,8.260407373832603,25.0,34.58317347645841
25.362235115391545,25.72444826294811,29.542368952290694,0.0,9.0,54.890101201739405,19.0,25.941719587604215
66.52222897933817,65.6815112871315,34.09804749337426,0.0,4.0,13.604860451435643,19.0,43.804888999181905
70.55804721844586,59.45852497806568,58.41512249251603,1.0,1.0,191.5423319217777,12.0,58.78517819171287
21.643539186994126,33.588587114395835,10.341845779612115,1.0,5.0,16.54391930835095,9.0,29.557770106870198
48.905504521463214,79.89171354588082,26.843343984240757,0.0,3.0,12.12515284036493,41.0,42.77864242579667
45.8661577705955,60.99549125401151,9.285045494674062,0.0,2.0,9.569202279656063,29.0,32.20886192489439
57.973419206720486,57.602383471902954,21.363491048270035,0.0,5.0,37.605767706299986,27.0,38.68500782927733
34.70735020658581,58.4088319443557,9.725635464054422,0.0,5.0,5.0,5.0,28.387505963879597
58.227786878453905,64.06107680808469,36.529242797132284,0.0,1.0,107.43570514224534,26.0,42.29703576333703
60.55626503708781,32.93455237364557,48.48256244837907,0.0,3.0,12.200405951617977,30.0,37.36442333758505
51.733218800924604,58.42102869973132,33.79140059521029,0.0,7.0,12.254405810102714,14.0,39.392912487167685
63.073209565924195,74.60838172715482,8.34902631130105,0.0,8.0,5.0,33.0,43.18686975219663
29.776580994676298,36.42952663372598,24.242605206785942,1.0,4.0,9.883515057435403,35.0,36.60818418937672
61.48407187341357,63.42393048338882,18.83663403537335,1.0,5.0,19.00391466269044,11.0,48.881723364211645
21.86472869555293,40.77571002075157,5.239970823174472,1.0,4.0,16.14938070433958,4.0,29.433160601647117
61.24869566093744,51.89544309409626,63.4657666640008,1.0,1.0,11.159967142614954,33.0,54.44108082917376
60.37902490047473,30.954065234646965,61.79313450833346,1.0,7.0,5.0,6.0,49.505232768780445
49.3539175579575,38.01263948849576,13.40420008640502,0.0,3.0,12.512703796085264,28.0,28.656015872965018
36.14958323803787,43.8483334014364,41.93818000502093,0.0,4.0,52.72994027786571,10.0,32.19746087198527
33.12249354546136,50.99345277002069,28.401154321777057,0.0,3.0,20.218246442541233,36.0,31.632709386306587
54.672449187629965,34.44391976605966,26.954425545507526,1.0,4.0,12.025403058448886,26.0,42.16238379645909
17.779357191150126,55.909867040160336,78.00025826841708,0.0,6.0,12.724053670237591,30.0,39.92594257023484
28.766097662670465,32.17748549448981,40.19107701005708,1.0,5.0,28.294627262429515,22.0,38.226825227500356
56.04842906559181,55.73842015831361,16.467821416459483,0.0,4.0,12.598445063265903,5.0,33.99185171028051
30.123206809014047,62.500230862325914,27.604142723472734,0.0,4.0,34.87433309776934,2.0,31.534677292093846
38.92805059657453,35.88867486100351,23.963859013363493,0.0,2.0,159.32200731486807,33.0,29.862771950771762
51.16875260036825,71.47877542497433,40.42003663650525,1.0,6.0,5.0,16.0,53.359222666970034
43.74404568461788,46.691293037279536,22.965844021024925,0.0,5.0,6.468306395017435,7.0,30.555496386999618
24.18067111389537,48.563665550262144,45.60026922754229,0.0,6.0,6.907710990387382,21.0,32.36666138739403
36.77136543727559,67.91737947969774,33.96712837384802,0.0,8.0,20.738355496100027,35.0,40.480758925283865
46.094850826974486,62.38478791546558,3.2668738506221096,0.0,3.0,5.0,46.0,33.286617789067776
63.3053582501978,54.85580710679498,12.347129950044373,0.0,7.0,22.721005758877467,22.0,37.939920088065776
75.83764195525052,20.7382425520865,17.542267881826266,0.0,4.0,92.54056761863791,48.0,35.26640711843105
53.9957332556227,57.7220035386107,27.112381794294404,0.0,5.0,5.0,22.0,37.93191055741723
10.59179920750567,17.428780088512603,14.621773734397822,0.0,3.0,15.891190440089652,6.0,12.283758617925567
80.50739461878607,28.927534105955786,13.221101762436668,1.0,4.0,50.079657517483255,33.0,45.68756038728586
54.042047787019065,24.984782879082086,44.34610611197217,1.0,5.0,5.873721211150079,39.0,44.63657509496479
40.131316251179896,61.582001741624005,47.53664602146329,0.0,9.0,5.0,43.0,43.398992035826964
41.22134913490101,42.2802417581109,26.428620859938555,0.0,4.0,34.87255257330802,25.0,30.935749403080283
53.45876188880958,61.282538832200636,24.646615927450277,0.0,6.0,5.0,18.0,38.39464836574261
26.21285724756956,29.38362895431648,24.766775764988132,1.0,4.0,56.64154244209971,41.0,35.30874138254273
25.229316377453188,43.30648877707775,61.689482192846356,0.0,5.0,5.0,35.0,35.13518106053534
44.07552238027338,31.20732131238895,13.347454910000502,0.0,4.0,26.007868051073615,24.0,26.039661127316194
79.8490359395883,73.13738190941163,73.97717398324046,0.0,5.0,47.16477366387728,40.0,59.79667563752012
52.33532912493379,35.007594755008,18.68187468088875,0.0,3.0,9.698023666515217,40.0,30.660607618160775
24.01175393576646,37.14606741098606,25.667178663010592,0.0,2.0,5.0,23.0,23.486224402623584
8.865864182752919,69.03960452031038,24.523332438950238,1.0,3.0,6.759446613156558,33.0,38.83918480936637
24.222875327922,54.88553536284827,15.445850782474164,0.0,5.0,67.50945781022493,29.0,29.029757487484336
47.42397526182116,53.37432865560861,7.421785171300686,0.0,1.0,42.819996920136845,10.0,28.735719631006436
33.26631498664414,35.886192702815976,21.091319252821453,0.0,2.0,7.726912706402959,15.0,23.946688042898437
61.89606657797972,59.04345145470563,29.581930233014287,1.0,4.0,44.07222656602663,10.0,49.823087846497295
26.355547825663123,41.62740246825175,56.074213546605414,0.0,5.0,43.159225971179445,26.0,33.73446123167201
41.1363649997279,56.96509410119669,26.083311456630014,0.0,1.0,213.0036422852857,40.0,37.01675200978839
70.30971000998021,66.39549417529182,29.70702464159794,1.0,2.0,17.38976536626606,29.0,53.87927555383118
26.600461197853985,57.75897689720425,24.627256255957892,1.0,4.0,70.04885511422684,34.0,42.10275912345043
34.15810814809251,79.55563511712182,47.94493602844553,0.0,1.0,20.69864943356971,18.0,40.38193474626314
37.15072841846576,62.02933559887366,25.785945557117596,0.0,6.0,79.81520664362735,2.0,34.59591508872308
43.47776331545027,49.78522379525724,42.291779892763124,0.0,3.0,5.0,25.0,35.53743608956284
43.12831106594616,82.49112152065852,19.335909150849183,1.0,8.0,6.7462818525145005,21.0,51.3966471531279
14.041353243398255,17.858591672701777,30.844847361227185,0.0,4.0,66.38855247280587,31.0,19.922839207502008
23.676892848892763,46.20918342702136,54.36430007330061,0.0,3.0,59.88216062485787,22.0,32.73582698696971
34.25710501379277,56.31156494878984,26.18172642806326,0.0,4.0,12.75637262312645,9.0,30.96594807156166
34.265023176042504,60.29897357329005,7.006646283579481,0.0,4.0,31.79114368281887,27.0,29.93432007630747
63.53199575176179,9.473800104621334,34.07035310455409,0.0,4.0,16.883989478978698,25.0,29.552330083336926
71.90360396362027,40.79381685421237,24.32516509465132,1.0,6.0,5.0,25.0,48.40272155672176
63.115345444583205,58.02778523054687,26.56725074513229,0.0,5.0,5.0,27.0,40.59589948447564
23.801206396786014,56.94154409712691,34.29019199170966,1.0,3.0,5.0,10.0,39.5570593551535
71.88431889193568,71.37997374253648,54.37770879452329,0.0,3.0,31.555294931587632,30.0,51.2964996364281
50.13040681406511,45.06714520320607,17.706926117616117,1.0,5.0,11.460121817623852,4.0,40.524135176923004
40.15756183659515,77.20733975990616,29.757725304656013,1.0,6.0,5.439857692482625,21.0,50.32980818313626
38.916383082337376,45.75300220265162,37.50613629896936,0.0,4.0,99.13548696767334,30.0,34.88807470585723
60.075737609164946,67.65943579699969,45.48342346196643,0.0,6.0,5.0,33.0,47.060478043934445
3.7658640022003484,35.97197347818038,17.851982177224237,0.0,6.0,39.228063511064626,43.0,20.915838155050395
34.902050660951254,85.57287871179487,26.11249658995145,0.0,3.0,78.60399702842089,26.0,40.36556228029822
71.99588887176755,47.68853211627771,12.160588418935243,0.0,4.0,6.2623028765035755,2.0,34.75341977682242
30.30113701579466,73.62614014382791,29.880941181166865,0.0,6.0,8.460454331949798,23.0,37.21004146211688
67.5372519749716,51.56344278476755,38.006950444299136,1.0,2.0,29.850740985500124,31.0,51.50417563456263
17.368953443740462,81.23386682395733,13.83072336311966,1.0,2.0,24.856612996834762,4.0,39.214555547497746
33.26420683070463,32.14008002504213,41.66322177687148,0.0,4.0,25.763917233871325,47.0,31.14593874505293
34.28141142918697,64.79375364695773,43.36096657067551,1.0,3.0,28.313525593610034,20.0,47.1606676593357
51.220205522920196,83.7571609290413,32.21554427593793,1.0,5.0,104.78273663901477,25.0,56.6139742544022
41.176616518380186,54.02051167633165,5.739929989274075,0.0,4.0,5.0,45.0,30.910601379866105
19.34681157684035,58.662482705678876,38.71133076735139,0.0,5.0,50.01454291125966,1.0,30.79482241068024
74.23638743899282,45.354779929425995,9.023584455796769,0.0,5.0,9.26188086293583,2.0,34.684032160404364
39.08757818193839,18.605543234269383,34.89723336037374,0.0,5.0,16.376154778254918,6.0,24.831412169245436
45.163147785579596,19.207039125691466,32.99330329502522,0.0,4.0,5.0,7.0,25.487874053489474
31.54148544567146,68.98133664168984,31.936781431850854,0.0,6.0,20.647099101341524,4.0,35.381748727165295
32.0909636533466,46.1466424873446,7.923678749364653,1.0,5.0,57.07659579812499,18.0,36.224029484482394
9.181779016785054,34.709766889792434,30.72794599188491,0.0,3.0,5.0,41.0,22.215142341688022
56.652069317517416,96.17513871798126,40.43122987562964,0.0,4.0,11.284578205546122,43.0,52.190267901956
54.88568120161794,21.85458591430661,15.925979930243908,1.0,2.0,16.341750674735568,5.0,34.11506410915902
36.62065448056689,41.76764441939572,46.45876203502532,1.0,2.0,5.0,25.0,42.11882713199572
26.64794456813852,9.21793578165102,12.19088936888515,0.0,4.0,50.288581924485456,1.0,14.42593193868285
30.485653702350206,27.694930155204506,34.64091858916366,1.0,2.0,54.1175057631946,34.0,36.23920977443253
20.97201195895763,80.63990921973682,58.825340000654,0.0,7.0,63.2537079508624,3.0,42.16344095535155
24.772019875142703,44.288578890057515,27.451877680942356,0.0,5.0,30.688718975796625,17.0,27.32987806443461
41.397007246867034,68.09646447837582,7.943393824818708,0.0,5.0,24.770572608256735,32.0,34.691709191339896
30.319876638403898,68.57658509013099,46.627938630537976,0.0,4.0,10.659610703005429,24.0,38.353590262822735
71.37821633673693,37.10368687666292,31.33231535833319,0.0,6.0,37.263409505440364,2.0,37.34982009377031
33.547071348352745,21.124120995766276,64.93569828769014,0.0,3.0,20.580033671473124,1.0,28.66755161564469
33.43602062390901,45.92325453244954,16.29887392327546,0.0,2.0,123.6472609723661,34.0,28.97794974930259
25.65319079565561,62.72032725050592,39.65186788324063,1.0,2.0,120.6675556704299,8.0,43.687767312248724
70.39266891785577,60.14561922470275,44.58330790548918,0.0,4.0,82.46140014990719,45.0,48.75394935246931
31.752866082430653,87.9237256328883,9.770396555935259,0.0,4.0,15.624923666657025,46.0,38.08989268534998
33.1501490348035,87.62677150609387,18.97634864324723,1.0,2.0,16.058780586956264,44.0,48.97977368659842
9.848554389845738,64.71303639065614,14.223880409438284,0.0,7.0,67.02856252362199,9.0,27.040964110724417
23.28213741538511,45.03275986022446,52.224321401828455,0.0,3.0,45.71470698208359,28.0,32.18835724431476
19.406138387790367,34.154375173760585,31.82368674366683,0.0,5.0,42.65156215154869,19.0,24.687290733545883
46.47588181846979,80.4845488672452,42.76412564143017,1.0,3.0,11.478738266731456,20.0,53.74325927864915
54.56330476597919,39.7018760010456,47.93357166317331,1.0,3.0,62.71478999648798,7.0,46.339779497668005
33.2093748815841,63.03140462613719,3.3083661167725156,1.0,4.0,30.31426750150143,42.0,40.84022971364218
40.325628729980615,67.38951508272213,65.8599478924012,0.0,8.0,20.725397785418355,35.0,47.61571522955595
21.00439832230894,34.69177403140479,16.547005965780812,1.0,2.0,70.19642856043376,19.0,31.006587138551534
73.76651460418132,59.41465026191486,48.05740428416971,0.0,3.0,17.54275241914142,17.0,46.20412277873092
64.90301275200174,42.667904879637206,56.458340114211644,0.0,7.0,37.13857386194228,40.0,45.845281279209814
58.30563974655808,37.65395343271138,7.077044075792781,0.0,2.0,21.95136628979592,18.0,28.323195637279323
58.71604545206471,33.46801048764139,53.043015328600454,1.0,5.0,31.44043315253302,7.0,47.40766398108714
22.16895007874066,56.26428593976159,24.72676923834647,0.0,3.0,5.0,27.0,28.48366285229486
48.389743637466445,34.95850100193033,37.96066071978215,0.0,4.0,21.638868709901818,39.0,34.158748536497384
54.404963874150816,38.54675386018148,34.01024956104032,1.0,3.0,28.456325717497364,30.0,44.595280557271096
48.09775323639319,39.02450079747156,8.07041040603117,1.0,4.0,23.754179686458002,23.0,37.82471246465575
10.288030464998064,46.51243007561552,49.72391279615127,0.0,4.0,65.80010970079445,20.0,28.997699449596364
28.931660475948785,79.60947628599372,58.86389840203526,0.0,0.0,13.044288549054443,23.0,41.033439154344215
26.634898647875094,37.561590586579236,31.37788887577704,1.0,3.0,75.41887694760095,26.0,37.298068781597266
25.326776945349245,47.91830253387479,4.2823298640640814,1.0,5.0,18.08142994285139,48.0,36.123705388371114
31.164383699522592,76.29797473209494,26.15952949444289,0.0,3.0,41.50625526275651,47.0,38.27826225766373
43.05093210187998,38.00889394652363,47.36115893446779,0.0,4.0,5.0,14.0,33.117188298994456
50.61295044567616,31.642582772395134,57.37731281145714,0.0,6.0,7.816766101405076,48.0,39.36441412443173
68.24389358664199,45.20140028646848,26.724801888678083,0.0,2.0,50.11953014906924,31.0,38.15819632839835
22.93271817562436,57.74674766311067,13.616323332131907,0.0,1.0,5.0,27.0,25.75646445944347
53.941304820226385,38.55498940467154,44.41493708778396,0.0,7.0,121.05270551352439,9.0,38.42723759533099
38.20395123686357,60.675023787821615,48.94827278047767,0.0,3.0,7.4024213883302705,23.0,38.14450372114678
15.517366114630754,7.747673185161864,62.111468221584175,0.0,4.0,81.04987522964085,10.0,22.502018139605912
51.96771362964512,46.933160505981505,47.0557595945309,1.0,5.0,25.394488023454862,47.0,51.12601559452144
61.19577167989576,79.18334682371491,28.68780840665294,0.0,3.0,29.100174459407583,23.0,44.81461076525044
63.843408725385586,73.23372331170134,13.808618876773066,0.0,2.0,5.0,10.0,39.011006784626346
37.66076996572027,18.71660481012193,9.502227860486574,1.0,6.0,15.906619196209023,2.0,29.615961839863875
38.50813717365438,78.02862599921873,42.27470070448787,0.0,6.0,5.945174610716937,37.0,43.96758706122067
11.685118472381822,51.114811604370466,26.500404722650135,0.0,5.0,26.124120437287427,40.0,27.4180493907147
23.05057891327692,33.6594019080547,54.96749881224364,0.0,3.0,28.00476040551309,38.0,30.38573780093651
56.58510790138479,21.531078763146834,45.1401707157652,1.0,3.0,43.285429783968176,38.0,44.0163143524961
46.68237803501673,44.03464359535393,19.255820377042,1.0,0.0,73.71058871205554,1.0,37.79312223572729
33.44327418537445,45.18566961947932,63.64653409848032,0.0,4.0,22.10074465489786,48.0,38.873488018721204
50.52501243629318,29.612270200099104,48.86518540364596,1.0,5.0,9.300845108708025,18.0,44.12283792823326
38.783016626322095,39.57191363292983,40.64680328684515,0.0,9.0,14.20379324651683,35.0,35.66202058079294
42.80914890801429,45.660550044612656,42.214655940907356,1.0,2.0,65.72665899176607,7.0,43.26198247020647
19.74130218862433,43.94539866937418,66.11850264277594,1.0,3.0,5.518248555086136,44.0,44.50033438660286
78.74016868262768,58.33209859373376,36.6366449665162,0.0,6.0,34.54022712748512,42.0,48.84803944643337
20.957391926114198,22.514842540350198,28.377041495739448,1.0,6.0,5.0,22.0,31.65680024909732
30.688106436121142,21.578023392765598,30.606516925263215,0.0,4.0,9.867355773982352,25.0,23.56238020132471
19.135414735845384,52.86963692111032,50.592898331026106,0.0,8.0,31.32637877043689,42.0,36.387731307437804
30.091117019333407,72.063519842996,34.32212048393974,1.0,5.0,21.334731095791792,23.0,47.3277723432363
46.0750283739837,73.99495731378713,35.733138807906315,0.0,7.0,23.81150346121849,9.0,42.028441572236794
7.589162423042168,49.23188709859463,10.891838276363318,0.0,5.0,37.81624415867444,27.0,21.905356608887324
61.58048888301197,46.17927540480743,6.935736758490043,1.0,6.0,9.356845643971717,11.0,42.59346462062307
49.005063223822845,53.70767717960354,21.584027889827887,1.0,5.0,11.536793276587158,27.0,45.096246037914234
26.525913519079143,62.61445176134745,19.729525147967173,1.0,2.0,40.37124494208805,40.0,41.2769362687735
21.166649923070946,45.35976905865471,51.04498208871101,0.0,1.0,27.048746870871206,28.0,30.14004777977422
52.175514951475485,82.61220339906869,16.781136034661376,0.0,5.0,5.0,18.0,41.29982346123498
50.53918892301375,45.81041082732013,25.773816576067336,1.0,0.0,38.837975303284765,36.0,42.8635708576495
30.616971137129354,20.063701845779587,49.41508870970217,0.0,1.0,33.87391938370605,34.0,26.461835364473636
33.02490198716917,52.58444392796557,32.227954993277955,1.0,1.0,5.0,13.0,39.54459414410594
12.501367454628026,65.1589576080086,18.28012966495224,1.0,4.0,48.17474341884376,46.0,39.808569760017775
73.81242139507752,61.60693250329604,4.457580517865143,1.0,2.0,25.842488918115667,30.0,48.72650106752294
40.39530097386946,39.24144819062417,34.060213758406476,0.0,1.0,8.018336655923285,28.0,29.716190095966144
47.58810008742267,82.55814159269796,46.37146824593917,0.0,3.0,28.68315874143146,22.0,45.70311794241423
14.844288068764513,70.87143068706592,51.23728944133429,0.0,8.0,31.67503454425409,24.0,38.4498547965992
30.19471245206932,29.946792461716203,62.67075801677326,0.0,5.0,88.45248515514444,47.0,35.568100927616676
14.63821396729686,23.123174993782303,47.03019745944573,1.0,4.0,47.437447391560816,30.0,34.23871922375724
48.09416769386867,43.91793932898015,57.17455741272865,1.0,2.0,12.57997326031008,45.0,49.45588447708957
58.319652237304965,12.50295033918725,14.028610512964395,0.0,3.0,5.0,38.0,25.358039413382603
41.1462201629073,80.92592558927082,70.71555343451354,1.0,5.0,67.15014837563864,20.0,60.06888283229078
52.01859574748807,51.35745064143066,47.92535605666475,0.0,5.0,65.49348066973603,6.0,39.643645165945074
44.4601277757711,21.374995096643502,47.59349330393788,0.0,1.0,6.7461708542098915,33.0,29.368751445891917
56.74106601190799,56.42382267351586,36.85506368623407,0.0,4.0,5.0,47.0,41.79223490860277
59.75695543150522,32.59928967541065,19.72703144370498,1.0,1.0,43.551373016516855,38.0,41.43128953373423
14.973354864196153,65.26007758697416,15.670939388053066,0.0,7.0,44.87802463130992,15.0,28.893927717837485
33.613728602197476,64.92164636231196,17.79678956585712,0.0,4.0,6.82408173722157,15.0,31.68572029542766
42.27978256339635,58.70967231638389,37.55651245519011,0.0,1.0,38.61405257343114,32.0,36.57649105215798
37.890687433107125,59.331961415992616,38.80611686547661,0.0,1.0,11.445363441399095,14.0,33.950011400432636
27.408066792461295,63.570300024742124,58.604861698161734,0.0,7.0,10.567874176508639,42.0,41.86798336409067
51.53479182588847,45.13426568866219,43.02300813840077,0.0,1.0,13.73150349518022,8.0,34.1915700622407
28.71103885934317,79.3292321540582,58.50365613312184,1.0,4.0,25.717834792563583,36.0,54.255617669989064
44.87638227496921,66.41306857307822,23.075670797133057,0.0,9.0,57.11857343597175,22.0,39.98472737974735
36.97273382607808,54.077141039982344,35.867585432800844,0.0,3.0,24.165342408321326,38.0,35.08929794827508
24.300103696810062,71.26284287083877,73.14493682993623,0.0,5.0,12.385894387413739,20.0,43.0512316514314
36.143807206433856,68.32838916120852,11.745429063330626,1.0,3.0,75.38802423559069,24.0,43.27334329234617
